:0200000460009A
:100000004643464200000156000000000101020084
:1000100000000000000000000000000000000000E0
:1000200000000000000000000000000000000000D0
:1000300000000000000000000000000000000000C0
:1000400000000000010406010000000000000000A4
:100050000000200000000000000000000000000080
:100060000000000000000000000000000000000090
:100070000000000000000000000000000000000080
:10008000EB04180AFF1E04320126000000000000E5
:100090000000000000000000000000000000000060
:1000A0000000000000000000000000000000000050
:1000B0000000000000000000000000000000000040
:1000C0000000000000000000000000000000000030
:1000D0000000000000000000000000000000000020
:1000E0000000000000000000000000000000000010
:1000F0000000000000000000000000000000000000
:1001000000000000000000000000000000000000EF
:1001100000000000000000000000000000000000DF
:1001200000000000000000000000000000000000CF
:1001300000000000000000000000000000000000BF
:1001400000000000000000000000000000000000AF
:10015000000000000000000000000000000000009F
:10016000000000000000000000000000000000008F
:10017000000000000000000000000000000000007F
:10018000000000000000000000000000000000006F
:10019000000000000000000000000000000000005F
:1001A000000000000000000000000000000000004F
:1001B000000000000000000000000000000000003F
:1001C000000100000010000001000000000000001D
:1001D000000001000000000000000000000000001E
:1001E000000000000000000000000000000000000F
:1001F00000000000000000000000000000000000FF
:10020000FFFFFFFFFFFFFFFFFFFFFFFFFFFFFFFFFE
:10021000FFFFFFFFFFFFFFFFFFFFFFFFFFFFFFFFEE
:10022000FFFFFFFFFFFFFFFFFFFFFFFFFFFFFFFFDE
:10023000FFFFFFFFFFFFFFFFFFFFFFFFFFFFFFFFCE
:10024000FFFFFFFFFFFFFFFFFFFFFFFFFFFFFFFFBE
:10025000FFFFFFFFFFFFFFFFFFFFFFFFFFFFFFFFAE
:10026000FFFFFFFFFFFFFFFFFFFFFFFFFFFFFFFF9E
:10027000FFFFFFFFFFFFFFFFFFFFFFFFFFFFFFFF8E
:10028000FFFFFFFFFFFFFFFFFFFFFFFFFFFFFFFF7E
:10029000FFFFFFFFFFFFFFFFFFFFFFFFFFFFFFFF6E
:1002A000FFFFFFFFFFFFFFFFFFFFFFFFFFFFFFFF5E
:1002B000FFFFFFFFFFFFFFFFFFFFFFFFFFFFFFFF4E
:1002C000FFFFFFFFFFFFFFFFFFFFFFFFFFFFFFFF3E
:1002D000FFFFFFFFFFFFFFFFFFFFFFFFFFFFFFFF2E
:1002E000FFFFFFFFFFFFFFFFFFFFFFFFFFFFFFFF1E
:1002F000FFFFFFFFFFFFFFFFFFFFFFFFFFFFFFFF0E
:10030000FFFFFFFFFFFFFFFFFFFFFFFFFFFFFFFFFD
:10031000FFFFFFFFFFFFFFFFFFFFFFFFFFFFFFFFED
:10032000FFFFFFFFFFFFFFFFFFFFFFFFFFFFFFFFDD
:10033000FFFFFFFFFFFFFFFFFFFFFFFFFFFFFFFFCD
:10034000FFFFFFFFFFFFFFFFFFFFFFFFFFFFFFFFBD
:10035000FFFFFFFFFFFFFFFFFFFFFFFFFFFFFFFFAD
:10036000FFFFFFFFFFFFFFFFFFFFFFFFFFFFFFFF9D
:10037000FFFFFFFFFFFFFFFFFFFFFFFFFFFFFFFF8D
:10038000FFFFFFFFFFFFFFFFFFFFFFFFFFFFFFFF7D
:10039000FFFFFFFFFFFFFFFFFFFFFFFFFFFFFFFF6D
:1003A000FFFFFFFFFFFFFFFFFFFFFFFFFFFFFFFF5D
:1003B000FFFFFFFFFFFFFFFFFFFFFFFFFFFFFFFF4D
:1003C000FFFFFFFFFFFFFFFFFFFFFFFFFFFFFFFF3D
:1003D000FFFFFFFFFFFFFFFFFFFFFFFFFFFFFFFF2D
:1003E000FFFFFFFFFFFFFFFFFFFFFFFFFFFFFFFF1D
:1003F000FFFFFFFFFFFFFFFFFFFFFFFFFFFFFFFF0D
:10040000FFFFFFFFFFFFFFFFFFFFFFFFFFFFFFFFFC
:10041000FFFFFFFFFFFFFFFFFFFFFFFFFFFFFFFFEC
:10042000FFFFFFFFFFFFFFFFFFFFFFFFFFFFFFFFDC
:10043000FFFFFFFFFFFFFFFFFFFFFFFFFFFFFFFFCC
:10044000FFFFFFFFFFFFFFFFFFFFFFFFFFFFFFFFBC
:10045000FFFFFFFFFFFFFFFFFFFFFFFFFFFFFFFFAC
:10046000FFFFFFFFFFFFFFFFFFFFFFFFFFFFFFFF9C
:10047000FFFFFFFFFFFFFFFFFFFFFFFFFFFFFFFF8C
:10048000FFFFFFFFFFFFFFFFFFFFFFFFFFFFFFFF7C
:10049000FFFFFFFFFFFFFFFFFFFFFFFFFFFFFFFF6C
:1004A000FFFFFFFFFFFFFFFFFFFFFFFFFFFFFFFF5C
:1004B000FFFFFFFFFFFFFFFFFFFFFFFFFFFFFFFF4C
:1004C000FFFFFFFFFFFFFFFFFFFFFFFFFFFFFFFF3C
:1004D000FFFFFFFFFFFFFFFFFFFFFFFFFFFFFFFF2C
:1004E000FFFFFFFFFFFFFFFFFFFFFFFFFFFFFFFF1C
:1004F000FFFFFFFFFFFFFFFFFFFFFFFFFFFFFFFF0C
:10050000FFFFFFFFFFFFFFFFFFFFFFFFFFFFFFFFFB
:10051000FFFFFFFFFFFFFFFFFFFFFFFFFFFFFFFFEB
:10052000FFFFFFFFFFFFFFFFFFFFFFFFFFFFFFFFDB
:10053000FFFFFFFFFFFFFFFFFFFFFFFFFFFFFFFFCB
:10054000FFFFFFFFFFFFFFFFFFFFFFFFFFFFFFFFBB
:10055000FFFFFFFFFFFFFFFFFFFFFFFFFFFFFFFFAB
:10056000FFFFFFFFFFFFFFFFFFFFFFFFFFFFFFFF9B
:10057000FFFFFFFFFFFFFFFFFFFFFFFFFFFFFFFF8B
:10058000FFFFFFFFFFFFFFFFFFFFFFFFFFFFFFFF7B
:10059000FFFFFFFFFFFFFFFFFFFFFFFFFFFFFFFF6B
:1005A000FFFFFFFFFFFFFFFFFFFFFFFFFFFFFFFF5B
:1005B000FFFFFFFFFFFFFFFFFFFFFFFFFFFFFFFF4B
:1005C000FFFFFFFFFFFFFFFFFFFFFFFFFFFFFFFF3B
:1005D000FFFFFFFFFFFFFFFFFFFFFFFFFFFFFFFF2B
:1005E000FFFFFFFFFFFFFFFFFFFFFFFFFFFFFFFF1B
:1005F000FFFFFFFFFFFFFFFFFFFFFFFFFFFFFFFF0B
:10060000FFFFFFFFFFFFFFFFFFFFFFFFFFFFFFFFFA
:10061000FFFFFFFFFFFFFFFFFFFFFFFFFFFFFFFFEA
:10062000FFFFFFFFFFFFFFFFFFFFFFFFFFFFFFFFDA
:10063000FFFFFFFFFFFFFFFFFFFFFFFFFFFFFFFFCA
:10064000FFFFFFFFFFFFFFFFFFFFFFFFFFFFFFFFBA
:10065000FFFFFFFFFFFFFFFFFFFFFFFFFFFFFFFFAA
:10066000FFFFFFFFFFFFFFFFFFFFFFFFFFFFFFFF9A
:10067000FFFFFFFFFFFFFFFFFFFFFFFFFFFFFFFF8A
:10068000FFFFFFFFFFFFFFFFFFFFFFFFFFFFFFFF7A
:10069000FFFFFFFFFFFFFFFFFFFFFFFFFFFFFFFF6A
:1006A000FFFFFFFFFFFFFFFFFFFFFFFFFFFFFFFF5A
:1006B000FFFFFFFFFFFFFFFFFFFFFFFFFFFFFFFF4A
:1006C000FFFFFFFFFFFFFFFFFFFFFFFFFFFFFFFF3A
:1006D000FFFFFFFFFFFFFFFFFFFFFFFFFFFFFFFF2A
:1006E000FFFFFFFFFFFFFFFFFFFFFFFFFFFFFFFF1A
:1006F000FFFFFFFFFFFFFFFFFFFFFFFFFFFFFFFF0A
:10070000FFFFFFFFFFFFFFFFFFFFFFFFFFFFFFFFF9
:10071000FFFFFFFFFFFFFFFFFFFFFFFFFFFFFFFFE9
:10072000FFFFFFFFFFFFFFFFFFFFFFFFFFFFFFFFD9
:10073000FFFFFFFFFFFFFFFFFFFFFFFFFFFFFFFFC9
:10074000FFFFFFFFFFFFFFFFFFFFFFFFFFFFFFFFB9
:10075000FFFFFFFFFFFFFFFFFFFFFFFFFFFFFFFFA9
:10076000FFFFFFFFFFFFFFFFFFFFFFFFFFFFFFFF99
:10077000FFFFFFFFFFFFFFFFFFFFFFFFFFFFFFFF89
:10078000FFFFFFFFFFFFFFFFFFFFFFFFFFFFFFFF79
:10079000FFFFFFFFFFFFFFFFFFFFFFFFFFFFFFFF69
:1007A000FFFFFFFFFFFFFFFFFFFFFFFFFFFFFFFF59
:1007B000FFFFFFFFFFFFFFFFFFFFFFFFFFFFFFFF49
:1007C000FFFFFFFFFFFFFFFFFFFFFFFFFFFFFFFF39
:1007D000FFFFFFFFFFFFFFFFFFFFFFFFFFFFFFFF29
:1007E000FFFFFFFFFFFFFFFFFFFFFFFFFFFFFFFF19
:1007F000FFFFFFFFFFFFFFFFFFFFFFFFFFFFFFFF09
:10080000FFFFFFFFFFFFFFFFFFFFFFFFFFFFFFFFF8
:10081000FFFFFFFFFFFFFFFFFFFFFFFFFFFFFFFFE8
:10082000FFFFFFFFFFFFFFFFFFFFFFFFFFFFFFFFD8
:10083000FFFFFFFFFFFFFFFFFFFFFFFFFFFFFFFFC8
:10084000FFFFFFFFFFFFFFFFFFFFFFFFFFFFFFFFB8
:10085000FFFFFFFFFFFFFFFFFFFFFFFFFFFFFFFFA8
:10086000FFFFFFFFFFFFFFFFFFFFFFFFFFFFFFFF98
:10087000FFFFFFFFFFFFFFFFFFFFFFFFFFFFFFFF88
:10088000FFFFFFFFFFFFFFFFFFFFFFFFFFFFFFFF78
:10089000FFFFFFFFFFFFFFFFFFFFFFFFFFFFFFFF68
:1008A000FFFFFFFFFFFFFFFFFFFFFFFFFFFFFFFF58
:1008B000FFFFFFFFFFFFFFFFFFFFFFFFFFFFFFFF48
:1008C000FFFFFFFFFFFFFFFFFFFFFFFFFFFFFFFF38
:1008D000FFFFFFFFFFFFFFFFFFFFFFFFFFFFFFFF28
:1008E000FFFFFFFFFFFFFFFFFFFFFFFFFFFFFFFF18
:1008F000FFFFFFFFFFFFFFFFFFFFFFFFFFFFFFFF08
:10090000FFFFFFFFFFFFFFFFFFFFFFFFFFFFFFFFF7
:10091000FFFFFFFFFFFFFFFFFFFFFFFFFFFFFFFFE7
:10092000FFFFFFFFFFFFFFFFFFFFFFFFFFFFFFFFD7
:10093000FFFFFFFFFFFFFFFFFFFFFFFFFFFFFFFFC7
:10094000FFFFFFFFFFFFFFFFFFFFFFFFFFFFFFFFB7
:10095000FFFFFFFFFFFFFFFFFFFFFFFFFFFFFFFFA7
:10096000FFFFFFFFFFFFFFFFFFFFFFFFFFFFFFFF97
:10097000FFFFFFFFFFFFFFFFFFFFFFFFFFFFFFFF87
:10098000FFFFFFFFFFFFFFFFFFFFFFFFFFFFFFFF77
:10099000FFFFFFFFFFFFFFFFFFFFFFFFFFFFFFFF67
:1009A000FFFFFFFFFFFFFFFFFFFFFFFFFFFFFFFF57
:1009B000FFFFFFFFFFFFFFFFFFFFFFFFFFFFFFFF47
:1009C000FFFFFFFFFFFFFFFFFFFFFFFFFFFFFFFF37
:1009D000FFFFFFFFFFFFFFFFFFFFFFFFFFFFFFFF27
:1009E000FFFFFFFFFFFFFFFFFFFFFFFFFFFFFFFF17
:1009F000FFFFFFFFFFFFFFFFFFFFFFFFFFFFFFFF07
:100A0000FFFFFFFFFFFFFFFFFFFFFFFFFFFFFFFFF6
:100A1000FFFFFFFFFFFFFFFFFFFFFFFFFFFFFFFFE6
:100A2000FFFFFFFFFFFFFFFFFFFFFFFFFFFFFFFFD6
:100A3000FFFFFFFFFFFFFFFFFFFFFFFFFFFFFFFFC6
:100A4000FFFFFFFFFFFFFFFFFFFFFFFFFFFFFFFFB6
:100A5000FFFFFFFFFFFFFFFFFFFFFFFFFFFFFFFFA6
:100A6000FFFFFFFFFFFFFFFFFFFFFFFFFFFFFFFF96
:100A7000FFFFFFFFFFFFFFFFFFFFFFFFFFFFFFFF86
:100A8000FFFFFFFFFFFFFFFFFFFFFFFFFFFFFFFF76
:100A9000FFFFFFFFFFFFFFFFFFFFFFFFFFFFFFFF66
:100AA000FFFFFFFFFFFFFFFFFFFFFFFFFFFFFFFF56
:100AB000FFFFFFFFFFFFFFFFFFFFFFFFFFFFFFFF46
:100AC000FFFFFFFFFFFFFFFFFFFFFFFFFFFFFFFF36
:100AD000FFFFFFFFFFFFFFFFFFFFFFFFFFFFFFFF26
:100AE000FFFFFFFFFFFFFFFFFFFFFFFFFFFFFFFF16
:100AF000FFFFFFFFFFFFFFFFFFFFFFFFFFFFFFFF06
:100B0000FFFFFFFFFFFFFFFFFFFFFFFFFFFFFFFFF5
:100B1000FFFFFFFFFFFFFFFFFFFFFFFFFFFFFFFFE5
:100B2000FFFFFFFFFFFFFFFFFFFFFFFFFFFFFFFFD5
:100B3000FFFFFFFFFFFFFFFFFFFFFFFFFFFFFFFFC5
:100B4000FFFFFFFFFFFFFFFFFFFFFFFFFFFFFFFFB5
:100B5000FFFFFFFFFFFFFFFFFFFFFFFFFFFFFFFFA5
:100B6000FFFFFFFFFFFFFFFFFFFFFFFFFFFFFFFF95
:100B7000FFFFFFFFFFFFFFFFFFFFFFFFFFFFFFFF85
:100B8000FFFFFFFFFFFFFFFFFFFFFFFFFFFFFFFF75
:100B9000FFFFFFFFFFFFFFFFFFFFFFFFFFFFFFFF65
:100BA000FFFFFFFFFFFFFFFFFFFFFFFFFFFFFFFF55
:100BB000FFFFFFFFFFFFFFFFFFFFFFFFFFFFFFFF45
:100BC000FFFFFFFFFFFFFFFFFFFFFFFFFFFFFFFF35
:100BD000FFFFFFFFFFFFFFFFFFFFFFFFFFFFFFFF25
:100BE000FFFFFFFFFFFFFFFFFFFFFFFFFFFFFFFF15
:100BF000FFFFFFFFFFFFFFFFFFFFFFFFFFFFFFFF05
:100C0000FFFFFFFFFFFFFFFFFFFFFFFFFFFFFFFFF4
:100C1000FFFFFFFFFFFFFFFFFFFFFFFFFFFFFFFFE4
:100C2000FFFFFFFFFFFFFFFFFFFFFFFFFFFFFFFFD4
:100C3000FFFFFFFFFFFFFFFFFFFFFFFFFFFFFFFFC4
:100C4000FFFFFFFFFFFFFFFFFFFFFFFFFFFFFFFFB4
:100C5000FFFFFFFFFFFFFFFFFFFFFFFFFFFFFFFFA4
:100C6000FFFFFFFFFFFFFFFFFFFFFFFFFFFFFFFF94
:100C7000FFFFFFFFFFFFFFFFFFFFFFFFFFFFFFFF84
:100C8000FFFFFFFFFFFFFFFFFFFFFFFFFFFFFFFF74
:100C9000FFFFFFFFFFFFFFFFFFFFFFFFFFFFFFFF64
:100CA000FFFFFFFFFFFFFFFFFFFFFFFFFFFFFFFF54
:100CB000FFFFFFFFFFFFFFFFFFFFFFFFFFFFFFFF44
:100CC000FFFFFFFFFFFFFFFFFFFFFFFFFFFFFFFF34
:100CD000FFFFFFFFFFFFFFFFFFFFFFFFFFFFFFFF24
:100CE000FFFFFFFFFFFFFFFFFFFFFFFFFFFFFFFF14
:100CF000FFFFFFFFFFFFFFFFFFFFFFFFFFFFFFFF04
:100D0000FFFFFFFFFFFFFFFFFFFFFFFFFFFFFFFFF3
:100D1000FFFFFFFFFFFFFFFFFFFFFFFFFFFFFFFFE3
:100D2000FFFFFFFFFFFFFFFFFFFFFFFFFFFFFFFFD3
:100D3000FFFFFFFFFFFFFFFFFFFFFFFFFFFFFFFFC3
:100D4000FFFFFFFFFFFFFFFFFFFFFFFFFFFFFFFFB3
:100D5000FFFFFFFFFFFFFFFFFFFFFFFFFFFFFFFFA3
:100D6000FFFFFFFFFFFFFFFFFFFFFFFFFFFFFFFF93
:100D7000FFFFFFFFFFFFFFFFFFFFFFFFFFFFFFFF83
:100D8000FFFFFFFFFFFFFFFFFFFFFFFFFFFFFFFF73
:100D9000FFFFFFFFFFFFFFFFFFFFFFFFFFFFFFFF63
:100DA000FFFFFFFFFFFFFFFFFFFFFFFFFFFFFFFF53
:100DB000FFFFFFFFFFFFFFFFFFFFFFFFFFFFFFFF43
:100DC000FFFFFFFFFFFFFFFFFFFFFFFFFFFFFFFF33
:100DD000FFFFFFFFFFFFFFFFFFFFFFFFFFFFFFFF23
:100DE000FFFFFFFFFFFFFFFFFFFFFFFFFFFFFFFF13
:100DF000FFFFFFFFFFFFFFFFFFFFFFFFFFFFFFFF03
:100E0000FFFFFFFFFFFFFFFFFFFFFFFFFFFFFFFFF2
:100E1000FFFFFFFFFFFFFFFFFFFFFFFFFFFFFFFFE2
:100E2000FFFFFFFFFFFFFFFFFFFFFFFFFFFFFFFFD2
:100E3000FFFFFFFFFFFFFFFFFFFFFFFFFFFFFFFFC2
:100E4000FFFFFFFFFFFFFFFFFFFFFFFFFFFFFFFFB2
:100E5000FFFFFFFFFFFFFFFFFFFFFFFFFFFFFFFFA2
:100E6000FFFFFFFFFFFFFFFFFFFFFFFFFFFFFFFF92
:100E7000FFFFFFFFFFFFFFFFFFFFFFFFFFFFFFFF82
:100E8000FFFFFFFFFFFFFFFFFFFFFFFFFFFFFFFF72
:100E9000FFFFFFFFFFFFFFFFFFFFFFFFFFFFFFFF62
:100EA000FFFFFFFFFFFFFFFFFFFFFFFFFFFFFFFF52
:100EB000FFFFFFFFFFFFFFFFFFFFFFFFFFFFFFFF42
:100EC000FFFFFFFFFFFFFFFFFFFFFFFFFFFFFFFF32
:100ED000FFFFFFFFFFFFFFFFFFFFFFFFFFFFFFFF22
:100EE000FFFFFFFFFFFFFFFFFFFFFFFFFFFFFFFF12
:100EF000FFFFFFFFFFFFFFFFFFFFFFFFFFFFFFFF02
:100F0000FFFFFFFFFFFFFFFFFFFFFFFFFFFFFFFFF1
:100F1000FFFFFFFFFFFFFFFFFFFFFFFFFFFFFFFFE1
:100F2000FFFFFFFFFFFFFFFFFFFFFFFFFFFFFFFFD1
:100F3000FFFFFFFFFFFFFFFFFFFFFFFFFFFFFFFFC1
:100F4000FFFFFFFFFFFFFFFFFFFFFFFFFFFFFFFFB1
:100F5000FFFFFFFFFFFFFFFFFFFFFFFFFFFFFFFFA1
:100F6000FFFFFFFFFFFFFFFFFFFFFFFFFFFFFFFF91
:100F7000FFFFFFFFFFFFFFFFFFFFFFFFFFFFFFFF81
:100F8000FFFFFFFFFFFFFFFFFFFFFFFFFFFFFFFF71
:100F9000FFFFFFFFFFFFFFFFFFFFFFFFFFFFFFFF61
:100FA000FFFFFFFFFFFFFFFFFFFFFFFFFFFFFFFF51
:100FB000FFFFFFFFFFFFFFFFFFFFFFFFFFFFFFFF41
:100FC000FFFFFFFFFFFFFFFFFFFFFFFFFFFFFFFF31
:100FD000FFFFFFFFFFFFFFFFFFFFFFFFFFFFFFFF21
:100FE000FFFFFFFFFFFFFFFFFFFFFFFFFFFFFFFF11
:100FF000FFFFFFFFFFFFFFFFFFFFFFFFFFFFFFFF01
:10100000D1002043ED15006000000000000000004A
:10101000201000600010006000E802600000000086
:101020000000006000F4020000000000FFFFFFFF6E
:10103000FFFFFFFFFFFFFFFFFFFFFFFFFFFFFFFFC0
:10104000FFFFFFFFFFFFFFFFFFFFFFFFFFFFFFFFB0
:10105000FFFFFFFFFFFFFFFFFFFFFFFFFFFFFFFFA0
:10106000FFFFFFFFFFFFFFFFFFFFFFFFFFFFFFFF90
:10107000FFFFFFFFFFFFFFFFFFFFFFFFFFFFFFFF80
:10108000FFFFFFFFFFFFFFFFFFFFFFFFFFFFFFFF70
:10109000FFFFFFFFFFFFFFFFFFFFFFFFFFFFFFFF60
:1010A000FFFFFFFFFFFFFFFFFFFFFFFFFFFFFFFF50
:1010B000FFFFFFFFFFFFFFFFFFFFFFFFFFFFFFFF40
:1010C000FFFFFFFFFFFFFFFFFFFFFFFFFFFFFFFF30
:1010D000FFFFFFFFFFFFFFFFFFFFFFFFFFFFFFFF20
:1010E000FFFFFFFFFFFFFFFFFFFFFFFFFFFFFFFF10
:1010F000FFFFFFFFFFFFFFFFFFFFFFFFFFFFFFFF00
:10110000FFFFFFFFFFFFFFFFFFFFFFFFFFFFFFFFEF
:10111000FFFFFFFFFFFFFFFFFFFFFFFFFFFFFFFFDF
:10112000FFFFFFFFFFFFFFFFFFFFFFFFFFFFFFFFCF
:10113000FFFFFFFFFFFFFFFFFFFFFFFFFFFFFFFFBF
:10114000FFFFFFFFFFFFFFFFFFFFFFFFFFFFFFFFAF
:10115000FFFFFFFFFFFFFFFFFFFFFFFFFFFFFFFF9F
:10116000FFFFFFFFFFFFFFFFFFFFFFFFFFFFFFFF8F
:10117000FFFFFFFFFFFFFFFFFFFFFFFFFFFFFFFF7F
:10118000FFFFFFFFFFFFFFFFFFFFFFFFFFFFFFFF6F
:10119000FFFFFFFFFFFFFFFFFFFFFFFFFFFFFFFF5F
:1011A000FFFFFFFFFFFFFFFFFFFFFFFFFFFFFFFF4F
:1011B000FFFFFFFFFFFFFFFFFFFFFFFFFFFFFFFF3F
:1011C000FFFFFFFFFFFFFFFFFFFFFFFFFFFFFFFF2F
:1011D000FFFFFFFFFFFFFFFFFFFFFFFFFFFFFFFF1F
:1011E000FFFFFFFFFFFFFFFFFFFFFFFFFFFFFFFF0F
:1011F000FFFFFFFFFFFFFFFFFFFFFFFFFFFFFFFFFF
:10120000FFFFFFFFFFFFFFFFFFFFFFFFFFFFFFFFEE
:10121000FFFFFFFFFFFFFFFFFFFFFFFFFFFFFFFFDE
:10122000FFFFFFFFFFFFFFFFFFFFFFFFFFFFFFFFCE
:10123000FFFFFFFFFFFFFFFFFFFFFFFFFFFFFFFFBE
:10124000FFFFFFFFFFFFFFFFFFFFFFFFFFFFFFFFAE
:10125000FFFFFFFFFFFFFFFFFFFFFFFFFFFFFFFF9E
:10126000FFFFFFFFFFFFFFFFFFFFFFFFFFFFFFFF8E
:10127000FFFFFFFFFFFFFFFFFFFFFFFFFFFFFFFF7E
:10128000FFFFFFFFFFFFFFFFFFFFFFFFFFFFFFFF6E
:10129000FFFFFFFFFFFFFFFFFFFFFFFFFFFFFFFF5E
:1012A000FFFFFFFFFFFFFFFFFFFFFFFFFFFFFFFF4E
:1012B000FFFFFFFFFFFFFFFFFFFFFFFFFFFFFFFF3E
:1012C000FFFFFFFFFFFFFFFFFFFFFFFFFFFFFFFF2E
:1012D000FFFFFFFFFFFFFFFFFFFFFFFFFFFFFFFF1E
:1012E000FFFFFFFFFFFFFFFFFFFFFFFFFFFFFFFF0E
:1012F000FFFFFFFFFFFFFFFFFFFFFFFFFFFFFFFFFE
:10130000FFFFFFFFFFFFFFFFFFFFFFFFFFFFFFFFED
:10131000FFFFFFFFFFFFFFFFFFFFFFFFFFFFFFFFDD
:10132000FFFFFFFFFFFFFFFFFFFFFFFFFFFFFFFFCD
:10133000FFFFFFFFFFFFFFFFFFFFFFFFFFFFFFFFBD
:10134000FFFFFFFFFFFFFFFFFFFFFFFFFFFFFFFFAD
:10135000FFFFFFFFFFFFFFFFFFFFFFFFFFFFFFFF9D
:10136000FFFFFFFFFFFFFFFFFFFFFFFFFFFFFFFF8D
:10137000FFFFFFFFFFFFFFFFFFFFFFFFFFFFFFFF7D
:10138000FFFFFFFFFFFFFFFFFFFFFFFFFFFFFFFF6D
:10139000FFFFFFFFFFFFFFFFFFFFFFFFFFFFFFFF5D
:1013A000FFFFFFFFFFFFFFFFFFFFFFFFFFFFFFFF4D
:1013B000FFFFFFFFFFFFFFFFFFFFFFFFFFFFFFFF3D
:1013C000FFFFFFFFFFFFFFFFFFFFFFFFFFFFFFFF2D
:1013D000FFFFFFFFFFFFFFFFFFFFFFFFFFFFFFFF1D
:1013E000FFFFFFFFFFFFFFFFFFFFFFFFFFFFFFFF0D
:1013F000FFFFFFFFFFFFFFFFFFFFFFFFFFFFFFFFFD
:10140000824205D051F8043B40F8043B8242F9D8AF
:10141000704700BF044A05494FF0000342F8043BFF
:101420009142FBD8704700BFC0660020004D0120EC
:1014300008B5BFF34F8F00F0FDFF534C534B08200E
:101440005349C3F85401534AC3F800115248C3F832
:10145000F0405249FFF7D4FF514A52495248FFF732
:10146000CFFF524CFFF7D6FF4FF470004FF0E02152
:1014700000234F4AC1F8880D44F823200133B02BD4
:10148000FAD14C4B80214C4A03F8011B9342FBD10B
:101490004FF0E025494E4A4A4FF0FF31C5F8084D5C
:1014A000D5F8243D43F4E023C5F8243DF36923F047
:1014B0007F0343F04003F361736A23F07F0343F03B
:1014C000400373629166D1661167516700F0BAFFFD
:1014D0003C4A3D4BA2636322E36300246A61032319
:1014E0003A4AAC612B61C5F8202DD5F8FC2D384B5C
:1014F00042F080723749C5F8FC2D1A6842F00102AB
:101500001A605B680B6001F02BF8334801F0A4FA15
:10151000F16E324B324A41F44051F1661C60C3F81F
:101520000841C3F81841C3F82841C3F83841936B08
:10153000DB0708D442F615632A4951651365936B9E
:1015400043F001039363264A274C936843F0011349
:10155000936000F047FF01F067FA01F033F800F004
:101560006BFF2368132BFCD901F0C8F82368B3F58F
:10157000967FFBD300F064FF00F060FF01F04CFAAF
:1015800001F08AFA30BFFDE70C0D111300800D4009
:101590001B10182060480200000000002C3500607D
:1015A000C0660020907D02600000002000640020E2
:1015B000E956010000E400E0A0E400E000C00F40B4
:1015C00000C00A40C17E0100C57E0100000020204D
:1015D000001000E05CD500200046C3230040084016
:1015E00000400D400000C05660D50020054B4FF470
:1015F0002A01054A05485A641864054A99639546C4
:10160000FFF716FF00C00A40FFABAAAA07002000A0
:10161000008005201BB9124B1B6F9B041ED400F0E9
:101620003F000F4B22F0604221F0604140F48910EE
:101630001867C3F88010C3F890201A6F22F4805204
:101640001A671A6F002AFCDAD3F87011054A0A40AB
:10165000C3F870211A6F22F480321A67704700BFF6
:1016600000800D40FF7F7FFFD0F88030B3F1E04F66
:1016700006D2044A934201D8034870470348704792
:1016800003487047FFFF1F20D82A0060C82A006067
:10169000D02A006010B582B0002403234FF400016B
:1016A00001AA0820019401F0CFF90F4B9DF8041016
:1016B0009DF805E003F5C36C9DF8064002E0343365
:1016C00063450CD01A7818468A42F8D15A78724588
:1016D000F5D19A78A242F2D11C3002B010BD0020A0
:1016E0001C3002B010BD00BFE02A006010B50446F7
:1016F00084B09F2333A1D1E900010193CDE9020118
:10170000D4F8CC00DDE9021201F0CAF9002194F806
:10171000D00001F079F9042302AAD4F8CC000DEB33
:10172000030101F09DF9012194F8D00001F06CF95A
:10173000D4F8CC20D37CEBB1D90704D5906A4FF014
:10174000E021C1F800019C0704D5D06A4FF0E021E8
:10175000C1F80401580704D5106B4FF0E021C1F81F
:101760000801190704D5506B4FF0E021C1F80C01B6
:10177000DB061DD4124B9DF809109DF80AE003F515
:10178000C36C9DF80B4002E0343363450CD01A78EB
:1017900018468A42F8D15A787245F5D19A78A24211
:1017A000F2D11C3004B010BD00201C3004B010BDBC
:1017B000926B4FF0E023C3F81021DBE7AFF300801A
:1017C000E02A006080C3C9010700000010B504468C
:1017D00084B054A1D1E90001CDE90001D4F8CC00D6
:1017E000DDE9001201F05CF9002194F8D00001F06D
:1017F0000BF94749474A322348681268120C03FB29
:1018000002F2454B5208A3FB0232120A4B681B1A24
:101810009A42FBD8D4F8CCE09F23DEF80020536630
:10182000D36D13F4F81FFBD0536F0DF1FF310DF1A1
:10183000080C00205066D36D13F4F81FFBD0536FD3
:1018400001F8013F8C45F5D194F8D030272B07D80B
:10185000324A190102EB03135258DB68C2F8843094
:101860009EF813300BB3DC0705D5DEF828104FF0D7
:10187000E022C2F80011980705D5DEF82C104FF0D1
:10188000E022C2F80411590705D5DEF830104FF0F8
:10189000E022C2F808111A0705D5DEF834104FF01F
:1018A000E022C2F80C11DB061FD49DF800107F293E
:1018B00025D09DF801409DF802E0194B03F5C36C5B
:1018C00002E0343363450CD01A7818468A42F8D1C6
:1018D0005A78A242F5D19A787245F2D11C3004B000
:1018E00010BD00201C3004B010BDDEF838204FF0D1
:1018F000E023C3F810219DF800107F29D9D19DF86D
:1019000006109DF807409DF808E0D6E7AFF3008089
:10191000001000E0D440002011239708443000203C
:10192000E02A006080C3C9010700000070B50446CA
:101930000025084686B00121C4F8CC2084F8D000E8
:10194000257101F061F8012194F8D00001F044F80C
:10195000D4F8CC0001F06CF89F2362A1D1E900011A
:101960000393CDE90401D4F8CC00DDE9041201F0C1
:1019700097F8294694F8D00001F046F803AA04230A
:10198000D4F8CC00114601F06BF8012194F8D00096
:1019900001F03AF8D4F8CC20D37CEBB1D80704D5C9
:1019A000906A4FF0E021C1F80001990704D5D06A90
:1019B0004FF0E021C1F804015E0704D5106B4FF031
:1019C000E021C1F808011D0704D5506B4FF0E0215C
:1019D000C1F80C01D80674D43D4B9DF80D109DF84C
:1019E0000EC003F5C3609DF80FE002E0343383427C
:1019F00064D01A788A42F9D15A786245F6D19A7839
:101A00007245F3D17822002104F10800019300F01F
:101A1000EFFF3822002104F1940000F0E9FF2D4A85
:101A2000019BC4E920422C4AC4F888202B4AC4F800
:101A30008C202B4AC4F890209A88C4E92522986803
:101A4000C4F89C001969C4E92A22B1FBF0F1FF2215
:101A5000C4F8A01004F1080004F18001C4F8BC200F
:101A60004FF4C872C4F8A420DA7884F8D1205A69F7
:101A7000C4F8D4209A69C4F8D82001221B7B2271B3
:101A800084F8D23000F0DCFF002804DB0123184684
:101A9000637106B070BD04F1800104F1080000F02C
:101AA000E3FF002807DB04F1800104F1080000F0E7
:101AB000C7FF0028EADA0023C4F8CC30002006B0C3
:101AC00070BD926B4FF0E023C3F8102184E700BF94
:101AD000E02A006011D8000065DA0000D9DB0000C0
:101AE00011D2000080C3C9010700000070B5044690
:101AF0000025084686B00121C4F8CC2084F8D00027
:101B0000257100F081FF012194F8D00000F064FFFE
:101B1000D4F8CC0000F08CFF642000F0B9FF97A14E
:101B2000D1E90001CDE90201D4F8CC00DDE90212CF
:101B300000F0B6FF294694F8D00000F065FF804918
:101B4000804A322348681268120C03FB02F27E4B73
:101B50005208A3FB0232120A4B681B1A9A42FBD8A6
:101B6000D4F8CC509F232A685366D36D13F4F81F22
:101B7000FBD0536F0DF107010DF1100C00205066E2
:101B8000D36D13F4F81FFBD0536F01F8013F61458B
:101B9000F5D194F8D030272B07D86C4A190102EB05
:101BA00003135258DB68C2F88430EB7CF3B1D807DA
:101BB00004D5A96A4FF0E022C2F80011990704D5B4
:101BC000E96A4FF0E022C2F804115A0704D5296BE4
:101BD0004FF0E022C2F808111E0704D5696B4FF0E0
:101BE000E022C2F80C11D80600F191809DF808108F
:101BF0007F2900F096809DF809C09DF80AE0544BBB
:101C000003F5C36002E0343383427DD01A788A4200
:101C1000F9D15A786245F6D19A787245F3D1782293
:101C2000002104F10800019300F0E2FE38220021B7
:101C300004F1940000F0DCFE464A019BC4E9204216
:101C4000454AC4F88820454AC4F88C20444AC4F860
:101C500090209A88C4E925229868C4F89C001969E4
:101C6000C4E92A22B1FBF0F1FF22C4F8A0103D48DC
:101C70002221C4F8BC204FF4C872C4F8A420DA783A
:101C800084F8D1205A69C4F8D42001229B692271BA
:101C9000C4F8D83000F0DCFE334800F0C1FE04F197
:101CA000800104F1080000F0CBFE002804DB0123D2
:101CB0001846637106B070BD29212C4800F0C8FE9B
:101CC000294800F0ADFE04F1800104F1080000F0A5
:101CD000CBFE00282CDB2B21254800F0B9FE224842
:101CE00000F09EFE04F1800104F1080000F0A8FE5F
:101CF0000028DCDA1C211F4800F0AAFE1A4800F078
:101D00008FFE0023C4F8CC30002006B070BDAA6B53
:101D10004FF0E023C3F810219DF808107F297FF4CD
:101D20006AAF9DF80E109DF80FC09DF810E066E7B1
:101D30001021114800F08CFE0B4800F071FEE0E726
:101D4000001000E0D4400020112397084430002008
:101D5000E02A0060D1DC000039DE0000C1DF0000B5
:101D600015D2000094270020D8400020B82700207A
:101D7000E4270020102800201C28002080C3C9016F
:101D80000700000070B5057982B0BDB14379044603
:101D900000F10806B3B904F180013046019100F06A
:101DA00063FE00280ADB0199304600F049FE002856
:101DB00004DB01232846637102B070BD002528466C
:101DC00002B070BD083000F017FE00236371E2E737
:101DD00003790BB9002070472DE9F04FD0F8A080AF
:101DE000054683B00F464FEAD80001211446013062
:101DF00000F042FE064600285AD0D5F8940000F0C4
:101E00001BFE8246002857D0B8F1000F05D02C4B9E
:101E10000022C3F800802B4B1A6032462A4905F194
:101E2000080000F0DDFD00283CDBD5F8A010002FF5
:101E300014BFB8468846B8F1000F25D08C4223D293
:101E400000274FF0010904E00134A1421CD94745A5
:101E50001AD2E30804F00702F35C09FA02F2134015
:101E6000F2D15246214605F1800000F0C9FD30B99B
:101E70000137D5F88C30214605F180009847D5F818
:101E8000A0100134A142E2D83046019100F0FCFDDF
:101E9000504600F0F9FD0199A14209D9204603B04E
:101EA000BDE8F08F304600F0EFFD504600F0ECFD4D
:101EB000002003B0BDE8F08F304600F0E5FDF7E705
:101EC000DC6D0020E06D002089D400002DE9F84F82
:101ED0000379002B57D0437990468B460546002B5B
:101EE0004BD1D5F89400D5F8A07000F0A5FDB8F15D
:101EF000000F18BFBBF1000F824614BF4FF001095D
:101F00004FF0000937B3214B0024A3FB0737BF096B
:101F1000B9F1000F0AD059464046B4FBF7F307FB6E
:101F200013431BB9D8F800301B689847012321469A
:101F3000524605F1800000F063FD0346214605F19D
:101F4000800013B9D5F88C3098470134D5F8A0300B
:101F5000A342DDD8504600F097FDB9F1000F04D13F
:101F60002846BDE8F84FFFF70DBF404600F058FD8A
:101F70002846BDE8F84FFFF705BF083000F03CFDEC
:101F800000236B71ADE71846BDE8F88F8988888813
:101F900070B5804A84B0002104467F480223039133
:101FA000217190617D48D3610323C2F8800208202B
:101FB000C2F884124FF4000103AA00F045FD784BEB
:101FC0009DF80C109DF80DC003F5C3609DF80E50F0
:101FD00003E03433834200F0C0801A788A42F8D19B
:101FE0005A786245F5D19A78AA42F2D17822002136
:101FF00004F10800019300F0FBFC3822002104F1F9
:10200000940000F0F5FC674A019B4FF0010CC4E915
:102010002042654AC4F88820644AC4F88C20644A87
:10202000C4F890209A88C4E925229868C4F89C00D6
:102030001969C4E92A22B1FBF0F1FF22C4F8A0100B
:102040005449C4F8BC204FF4C872C4F8A420D8780E
:1020500084F8CC005A69C4F8D0209A69C4F8D42016
:102060001A6984F804C0920A4A664B4A8A610222BD
:10207000CA614FF48A62C1F8A0224FF40002C1F88D
:10208000A0204FF42022C1F8A420C1F8B0C04A69B2
:10209000D507FCD5160763D43E490122DFF834C1C9
:1020A0004A61C1F8A0C24FF0000CC1F8A4C24FF4BD
:1020B000000CC1F8A0C04FF4202CC1F8A4C0C1F896
:1020C000B0204A69D507FCD5120701D508224A611C
:1020D0000121304A182851614FF0000143D03548A2
:1020E000C2F890023448C2F894023448C2F89812F8
:1020F000C2F8B00242F20120C2F8B402187B304BA1
:102100000343C2F8C032C2F8C412224B40F2064266
:1021100004F1800104F10800C3F8A022294AC3F8A1
:10212000D0220022C3F8D42200F08AFC002804DB6D
:1021300001231846637104B070BD04F1800104F1FD
:10214000080000F091FC002807DB04F1800104F195
:10215000080000F075FC0028EADA002004B070BD29
:1021600008224A6198E71848C2F890021248C2F85B
:1021700094021648C2F89812C2F8B00242F2012046
:10218000C2F8B402187B124B0343C2F8C032C2F843
:10219000C412BAE700402A40F05AF05A9F040124C2
:1021A000E02A0060FDD20000ADE000008DE10000FB
:1021B00019D200006C0420080832012634042008DB
:1021C00000042008050401246B04180832041808D0
:1021D00000041808310402043D4A84464FF6FF7398
:1021E0003C48B2F5F81F0B44F0B54FF0000483B043
:1021F0008CF80440046060D26FF30F03B3FA83F1EC
:102200004909002B59D0C2F5F8129A4255D3324DE4
:10221000782264460CF10807ED1A019300910560DD
:102220000CF1080000F0E4FB019B2C4A4FF44870CD
:10223000DB0B0099C4F88420C4F8A0308023284A1E
:10224000C4F89430C4F88820C4F89830254AC4F8FB
:10225000A830C4F8AC300123C4F8B010C4F8B410EE
:10226000C4F8B810C4F8C010C4F8C410C4F8C8103A
:10227000FF21C4F88C2023714FF400431A4AC4F89C
:10228000A40004F10800C4F8BC1004F18001C4F8F3
:102290008050C4F89020C4F89C3000F0D1FB002896
:1022A00004DB01231846637103B0F0BD04F1800123
:1022B000384600F0D9FB002802DA002003B0F0BD58
:1022C00004F18001384600F0BBFB0028E9DAF4E7AE
:1022D00000F40200D86D002000001F6091D30000C0
:1022E000B1D30000D5D300001DD2000030B50446A4
:1022F0008FB00D4672B6314A0021314B106070220A
:102300003048198000F074FB05B3B5F5607F4FF0DD
:1023100000012C484FF0010E28BF4FF46075AC4609
:102320004A0901F01F03013150F822500EFA03F35D
:10233000614543EA050340F82230F1D320460023EB
:102340004380013300F582706345F9D31E4C257834
:1023500015B162B60FB030BD082000F091FB8021AE
:102360001A4A01711A49056001900AA8049104A94A
:102370000292089200F038FB08A9164A019800F072
:1023800047FB089B0AA8DB689847029B04A8DB6808
:1023900098472378002BDCD10F4B104AC3F8582103
:1023A0000F49D0204FF0E023402281F84600C3F8C7
:1023B00008210123237062B60FB030BDF86C0020F5
:1023C000604C0120006D00207E4C0120442E002036
:1023D000A93A01001B10010000640020B53A010079
:1023E00000E400E00F4B40F2376C0F4AA020D96E9A
:1023F00041F44031D966D96E41F44071D966C2F8D2
:1024000044C09064936C1B06FCD4084A40F23761C8
:10241000A02351649364936C13F08003FBD1044AAE
:102420001370704700C00F4000400C4000800C400B
:102430008A4C0120704700BF704700BF704700BF43
:1024400000BF70474FF0E02300214FF0100C3448DC
:10245000C3F8941DC3F89CCD4FF0110CC3F8A00D28
:102460003048C3F89CCD4FF0120CC3F8A00D2E4895
:10247000C3F89CCD2D4AC3F8A00DDFF8D0C042F0C0
:1024800015022B48C3F89CCDC3F8A00DDFF8C0C0DF
:102490002848C3F89CCDC3F8A00DDFF8B8C0C3F836
:1024A0009C2D2548254AC3F8A0CDC3F89C0DC3F840
:1024B000A02D02F5A022DFF8A0C00C322048C3F8FE
:1024C0009CCDC3F8A02D1F4AC3F89C0DC3F8A02DC6
:1024D00002F14062DFF884C002321B48C3F89CCD91
:1024E000C3F8A02D0A32C3F89C0DC3F8A02D00BF7D
:1024F00000BF00BF00BF00BF0122C3F8942DBFF38F
:102500004F8FBFF36F8FC3F8501FBFF34F8FBFF3D1
:102510006F8FD3F8142D42F44032C3F8142D704756
:102520003F0000102500080709001000004D0120A1
:1025300021000207250008131600202027000B1396
:10254000180000602F000B071A0000801300200005
:10255000140000200900001017000040190000704E
:1025600010B5174A4FF480544FF4005E4FF4404CBE
:102570004FF4803043F24201136913F0020F0DD182
:1025800013F4005F0FD013F4805F0FD0002BF3DA49
:1025900013F4803F0CD15B060ED510BDC2F818C0F5
:1025A00050619161E8E7C2F814E0E5E75461E3E7C0
:1025B0004FF480339361DFE740235361DCE700BFD2
:1025C00000800D40414A03204149F3EE095AD2F8F8
:1025D00080309FED406A23F001039FED3F5ADFF802
:1025E00014C100B5C2F88030C2F89000D1F8E010F4
:1025F000DFF804E1CBB23948CEF8003007EE903A6C
:102600000B0DC1F30B21F8EEE77A06EE903A07EED8
:10261000101A334BB8EEC77ACCF80010F8EEE66A21
:10262000304937EEC66A37EEC55A76EEC76A77EE9E
:10263000E57A26EE266AC3ED006A25EE265AD2F820
:10264000803067EEA64AC0ED007AC6EE275A2648CB
:1026500085EE276AC4EEA76A75EE875AFCEEE55A46
:1026600036EE076A15EE90CABCEEC66A43EA0C5312
:1026700076EE877AC2F8803016EE103AD2F890C122
:10268000FCEEE77A01EA034141EA0C014FF0000C4D
:1026900017EE903AC2F89011C3F30B03D2F89011E1
:1026A0000B431249C2F89031D2F8803043F0020354
:1026B000C2F880300E4B80F840C0C1F840314FF076
:1026C000E0230122C3F8082100BD00BF00810D40B6
:1026D00000441F400000AA420000B44234CD002054
:1026E00038CD00200000FF0F00E400E0006400206F
:1026F000CD5801002CCD002030CD0020314B40F6CC
:10270000617210B5C3F8202140F2044400F0B0F922
:102710002D4A2E49D2F880302D4843F00303C2F8E9
:1027200080302C4BC1F8604102681A4203D1D1F8C5
:10273000A8319A071BD0254A4FF00041244B59631A
:10274000D2F8403143F00203C2F84031D2F84031B0
:102750009B07FBD44FF400304FF0E0211C4B4FF0AF
:102760000042C1F88C0219209A6300F091F9184BCD
:102770000021164C4FF080420A209A634FF4906279
:102780001960C4F8A801144800F032F94FF480022F
:1027900003464FF4810040F243111860C4F85831E9
:1027A0001A640E4B0E4AC4F84811C3F804224FF0C5
:1027B000E0224FF400310123C2F80C11C4F840317B
:1027C00010BD00BF00800D4000C00F4000002E4033
:1027D00000900D40001C1E0000000020006400203E
:1027E000C15B010008B50E4B1B6E9B0700D4FBBEFE
:1027F00072B60C4B00200C4AC3F8400103F1604351
:102800000A49A3F55F2311649D46BFF34F8F4FF430
:102810000013074A0748DB6902609B68984700BFBE
:1028200000441F4000002E4000C00A40030020006A
:10283000000012EB008020200346094A09485B692A
:1028400003EB01110B7A02EB0313D3E901321060A1
:10285000CA681A600B690BB14A691A60704700BFF9
:102860004430002061F801004369027E03EB02124C
:1028700092F808C08C450FD01A7AFF2A0CD09142EA
:102880001CD01A7EFF2A07D00121D3E90023126849
:102890001A4202D1017670477047094B052203EBBB
:1028A0000C135B6800B583B01A60CDE90001FFF737
:1028B000C3FFDDE90001017603B000BD0021E4E7BC
:1028C000443000200346094A09485B6903EB0111C3
:1028D00091F8283002EB0313D3E901321060CA6A81
:1028E0001A600B6B0BB14A6B1A60704744300020C2
:1028F00061F801004369427E03EB021292F828C09E
:102900008C4511D093F82820FF2A0DD091421DD07C
:1029100093F83820FF2A07D00121D3E90023126859
:102920001A4202D1417670477047094B052203EBEA
:102930000C135B6800B583B01A60CDE90001FFF7A6
:10294000C1FFDDE90001417603B000BD0021E4E7ED
:10295000443000201A4942698B6BDFF86CC023F4C5
:102960007C0343F4802300B583B08B63D2E900136A
:1029700001900A681A4303690A60022200211A6161
:10298000104A19619A6401225A62C3F828C04FF4B0
:10299000303CC3F82CC04FF0011CD3F848E0C3F81A
:1029A00050E01962C3F858C01A61017EFFF744FF76
:1029B0000198417E03B05DF804EBFFF783BF00BFD1
:1029C00000C00F403B372819B80B0505F8B500BF0C
:1029D000F8BC08BC9E4670475FF800F09D4F0100B0
:1029E0005FF800F01D2301005FF800F01D010000FA
:1029F0005FF800F0A9E201005FF800F02D17010078
:102A00005FF800F025D300005FF800F0354F0100BB
:102A10005FF800F0AD4001005FF800F021E7010031
:102A20005FF800F0494301005FF800F0D155010064
:102A30005FF800F0E99601005FF800F03DD1010079
:102A40005FF800F0E11501005FF800F021D200000E
:102A50005FF800F0AD7C01005FF800F0214B010051
:102A60005FF800F01D9901005FF800F0F914010013
:102A70005FF800F01D6C01005FF800F0E5CF010089
:102A80005FF800F0715301005FF800F04DD10100D4
:102A90005FF800F0354E01005FF800F029520100A8
:102AA0005FF800F0D1D50000450000003D82000035
:102AB00059BB0000ADC0000039420100298101006E
:102AC00050524F4752414D00444D414D454D00003D
:102AD0004558544D454D00004D454D4F525900004D
:102AE000EF401518000100000080000052000000B7
:102AF00000002000B80B0000006A18005732355162
:102B000031364A562A512F57323551313646560002
:102B100000000000EF4016180001000000800000D7
:102B20005200000000004000B80B0000006A1800CE
:102B30005732355133324A562A512F573235513395
:102B40003246560000000000EF4017180001000058
:102B500000000100D800000000008000B80B000059
:102B600080841E005732355136344A562A512F5729
:102B7000323551363446560000000000EF40181838
:102B80000001000000000100D8000000000000016A
:102B9000B80B000080841E00573235513132384A5C
:102BA000562A512F573235513132384656000000DF
:102BB000EF4019200001000000000100DC000000CF
:102BC00000000002B80B000080841E00573235510F
:102BD0003235364A562A510000000000000000003D
:102BE00000000000EF402020000100000000010074
:102BF000DC00000000000004AC0D000080841E001A
:102C0000573235513531324A562A51000000000002
:102C10000000000000000000EF4021200001000043
:102C200000000100DC00000000000008AC0D000006
:102C300080841E005732355130314A562A510000E7
:102C400000000000000000000000000062061318F1
:102C5000000100000010000020000000000008003B
:102C600088130000E093040053535432355046302B
:102C700034304300000000000000000000000000AD
:102C8000EF7017180001000000000100D8000000DC
:102C900000008000B80B000080841E0057323551C0
:102CA00036344A562A4D2028445452290000000048
:102CB00000000000EF701818000100000000010083
:102CC000D800000000000001B80B000080841E0046
:102CD000573235513132384A562A4D202844545201
:102CE0002900000000000000EF7019200001000022
:102CF00000000100DC00000000000002B80B000032
:102D000080841E00573235513235364A562A4D20BE
:102D1000284454522900000000000000EF801920D0
:102D20000001000000000100DC00000000000002C3
:102D3000B80B000080841E00573235513235364AB8
:102D4000572A4D00000000000000000000000000B5
:102D5000EF7020200001000000000100DC000000F6
:102D600000000004AC0D000080841E005732355175
:102D70003531324A562A4D20284454522900000049
:102D8000000000001F840118000100000010000076
:102D90002000000000000800C4090000E0930400C7
:102DA00041543235534630343100000000000000F9
:102DB00000000000000000000140141800010000A5
:102DC0000010000020000000000010008813000028
:102DD000E0930400533235464C3230384B0000004B
:102DE000000000000000000000000000C8401318B0
:102DF000000100000010000020000000000008009A
:102E000060090000E09304004744323551343043F8
:102E100000000000000000000000000000000000B2
:102E2000C84014180001000000100000200000003D
:102E30000000100060090000E093040047443235B0
:102E40005138304300000000000000000000000086
:102E500000000000C84015180001000000800000BC
:102E60005200000000002000A00F0000006A1800BF
:102E70004744323551313645000000000000000063
:102E80000000000000000000C8401618000100000B
:102E9000008000005200000000004000A00F000071
:102EA000006A1800474432355133324500000000B3
:102EB000000000000000000000000000C8401718DB
:102EC0000001000000000100D800000000008000A8
:102ED000A00F0000C0C62D0047443235513634459E
:102EE00000000000000000000000000000000000E2
:102EF000C84018180001000000000100D8000000C0
:102F000000000001A00F0000C0C62D00474432356C
:102F10005131323845000000000000000000000080
:102F200000000000C840192000010000000001005E
:102F3000DC00000000000002D0070000006A18005A
:102F4000474432355132353645000000000000005C
:102F50000000000000000000032EC2184000000026
:102F6000800000000000000000001000FA000000D7
:102F7000B00400004359313542313038514E000021
:102F8000000000000000000000000000C224001843
:102F9000400000008000000000000000000002006F
:102FA000FA000000B0040000464D32355631302D95
:102FB00047000000000000000000000000000000CA
:102FC000C224011840000000800000000000000042
:102FD00000000200FA000000B0040000464D323547
:102FE0005631302D472028726576203129000000A7
:102FF00000000000AE8309184000000080000000BF
:103000000000000000000200FA000000B004000010
:103010004D52343556313030410000000000000080
:103020000000000000000000C22608184000000058
:10303000800000000000000000000800FA0000000E
:10304000B0040000435931354231303451000000A2
:10305000000000000000000000000000602AC2180C
:10306000400000008000000000000000000004009C
:10307000FA000000B00400004359313542313032CB
:1030800051000000000000000000000000000000EF
:10309000602AC2184000000080000000000000000C
:1030A00000000400FA000000B0040000435931356C
:1030B00042313032510000000000000000000000EA
:1030C00000000000047F481840000000800000005D
:1030D0000000000000000400FA000000B00400003E
:1030E0004D4238355253324D5441504E4600000047
:1030F00000000000000000002A0354006500650085
:103100006E007300790020004D0049004400490022
:103110007800310036002F0041007500640069001E
:103120006F00000018035400650065006E00730016
:1031300079006400750069006E006F0004030904E3
:1031400009027501060100C032080B0002020201EB
:10315000000904000001020201000524001001051D
:10316000240101010424020605240600010705824A
:103170000310001009040100020A00000007050303
:10318000024000000705830240000009040200021B
:10319000010300000724010001430006240201018D
:1031A00000062402020200092403010301020100B7
:1031B000092403020401010100062402010500069E
:1031C0002402020600092403010701060100092464
:1031D0000302080105010009050402400000000087
:1031E00006250102010509058402400000000006D1
:1031F0002501020307080B03030101000009040372
:103200000000010100000A240100013E0002040543
:103210000C2402010206000203000000092403023C
:1032200001010001000C240203010100020300005F
:10323000000A2406310301010202000924030402EA
:103240000600310009040400000102000009040422
:10325000010101020000072401020301000B240206
:10326000010202100144AC0009058509B400010007
:10327000000725010000000009040500000102000C
:1032800000090405010201020000072401030301F3
:10329000000B2402010202100144AC0009050505DF
:1032A000B400010086072501000000000905861111
:1032B000030001050000000009027501060100C0BD
:1032C00032080B00020202010009040000010202A0
:1032D0000100052400100105240101010424020657
:1032E00005240600010705820310000509040100FA
:1032F000020A00000007050302000200070583021E
:10330000000200090402000201030000072401007A
:103310000143000624020101000624020202000902
:103320002403010301020100092403020401010135
:1033300000062402010500062402020600092403F7
:103340000107010601000924030208010501000923
:10335000050402000200000006250102010509051E
:1033600084020002000000062501020307080B0387
:1033700003010100000904030000010100000A2408
:103380000100013E000204050C24020102060002B5
:10339000030000000924030201010001000C2402C3
:1033A0000301010002030000000A240631030101A9
:1033B000020200092403040206003100090404008B
:1033C00000010200000904040101010200000724B9
:1033D00001020301000B2402010202100144AC00AF
:1033E00009058509B400040000072501000000005C
:1033F00009040500000102000009040501020102A0
:103400000000072401030301000B24020102021043
:103410000144AC0009050505B40004008607250138
:1034200000000000090586110400040700000000E8
:103430000A060002EF0201400100000080C00F40B8
:10344000000000031900000010000000E8841F4085
:1034500001000000FF000000FF000000000000006D
:10346000000000001800000010000000E4841F406D
:1034700001000000FF000000FF000000000000004D
:10348000000000001F000000E995010070C00F401F
:10349000000C00001100000011000000E0841F403B
:1034A000020000002400000012000000E0841F4021
:1034B000010000001000000011000000DC841F402B
:1034C000020000002500000012000000DC841F4004
:1034D000010000001E000000DD95010070C00F40DB
:1034E000C00000001200000013000000D0841F4044
:1034F00001000000FF000000FF00000000000000CD
:10350000000000001300000013000000CC841F40E6
:1035100001000000FF000000FF00000000000000AC
:0C352000000000001C000000D19501001C
:10352C00000000000000000000000000000000008F
:10353C00000000000000000000000000000000007F
:10354C000548064B1B1AD90F01EBA301491002D0F9
:10355C00034B03B118477047C0660020C0660020BB
:10356C000000000008B5054B1BB105490548AFF339
:10357C000080BDE80840FFF7E3BF00BF000000007B
:10358C006CB9002000F4026000207047006910B193
:10359C000368DB6818477047006910B103681B6942
:1035AC0018477047006910B103685B6918474FF002
:1035BC00FF307047006910B103689B69184770476A
:1035CC00006998B14FF0000C036801229B6800B5AC
:1035DC0083B00DF107018DF807C0984718B19DF81D
:1035EC00070003B000BD4FF0FF30FAE74FF0FF309B
:1035FC00704700BF00B5006983B08DF8071028B183
:10360C00036801220DF10701DB68984703B000BD88
:10361C004FF0FF30704700BFC3680BB101207047FB
:10362C000069C01A18BF0120704700BF006900383C
:10363C0018BF0120704700BF036818470B68036070
:10364C00704700BF0B680360704700BF704700BF36
:10365C00704700BF704700BF704700BF704700BF86
:10366C00704700BF704700BF704700BF704700BF76
:10367C00704700BF704700BF704700BF0368086801
:10368C0011681847704700BF8C46C16821B11346BA
:10369C008068624611F05CBE0846704700B583B086
:1036AC00019014F017F8019803B000BD38B5054C23
:1036BC00A4F12005083C204614F00CF8AC42F9D1DA
:1036CC0038BD00BF7C61002038B5054CA4F1200545
:1036DC00083C204613F0FEFFAC42F9D138BD00BFC8
:1036EC009C61002008B5029B8446C168022B8CBFEC
:1036FC0000200120002908BF002000B908BDDCF81B
:10370C00080011F027FEC043C00F08BDC16810B5FA
:10371C00044639B1806811F015FEE0681CF0A6FF74
:10372C000023E360216939B1A06811F0EBFF206937
:10373C001CF09CFF0023236110BD00BF10B54FF09F
:10374C00040C84B000220C46CDF800C000F1180126
:10375C00039203AB6322806811F058FD042802D059
:10376C00002004B010BD03980028F9D0214614F0B5
:10377C0065F9012004B010BD10B54FF0040C84B0F5
:10378C0000220C46CDF800C000F11801039203ABE7
:10379C006D22806811F03AFD042802D0002004B09C
:1037AC0010BD03980028F9D0214614F047F90120E8
:1037BC0004B010BD016911B1806812F01DB87047DA
:1037CC000B6970B50646E4B0002B75D00C4624ADE1
:1037DC004FF48472002122A81DF0F6FF22AA216961
:1037EC00A06811F09DFF002842F62E6264DD2B8844
:1037FC002E2BEDD093424BD0802204F1180102A85D
:10380C001EF0B6F802A81EF02BFC002860D00DEBC1
:10381C000003DB792F2B01D07D286BD900F1080335
:10382C00C0F180026B44294618461EF0A1F89DF8A1
:10383C008850012D30D034201CF010FF0146002898
:10384C003AD0019002AAA06811F00AFF002830DBE0
:10385C00982015F01DF80199A36805460161002414
:10386C008360802202A918306C60EC60264B2B60C0
:10387C001EF07EF86B684FF47A71244A013330469F
:10388C0074603473B16035616B60326064B070BD6C
:10389C00AB78002B9CD0AFE754201CF0DFFE014628
:1038AC0050B101902B4602AAA06811F03FFD0028F0
:1038BC0011DA01981CF0DAFE002314494FF47A72E5
:1038CC0030463373B2603361C6E9001364B070BD27
:1038DC00802202ABA7E7982014F0DAFF0199054685
:1038EC00A3680024C1608360802202A918306C6038
:1038FC002C61BBE74FF02F0302A9C0F17F020B52E2
:10390C0000F109036B448EE7102C00207C2D002065
:10391C0010B500F118042F2120461EF0AFF800B1AD
:10392C00441C204610BD00BFC16839B1806808B581
:10393C0011F0BEFD20EAE070C11708BD08467047C3
:10394C00C16839B1806808B511F0B0FD20EAE070AB
:10395C00C11708BD08467047C168B9B103468068F5
:10396C0000B583B0019311F0A1FD021E0BDB019B8E
:10397C000192D3E9020111F09BFD002803DB019AAF
:10398C00801A03B000BD002003B000BD00207047BA
:10399C00C16831B1806808B511F00CFDC043C00F8F
:1039AC0008BD0846704700BFC16811B1806811F0AE
:1039BC00CBBC70478C46C16809B90846704708B53E
:1039CC0080681346624611F0C1FC20EAE07008BD25
:1039DC00704700BF012A02D1016000207047022A03
:1039EC0005D0032AF9D0002AF7D10260F5E70B685D
:1039FC000360F2E7704700BF704700BF704700BF1D
:103A0C00044808B513F066FE00210C20BDE8084000
:103A1C0014F0D0BF106100208B79503B1B0625D4CD
:103A2C0030B587B00390084614F0CAF8039B1249CE
:103A3C001A680590526B98688A42054618D12F2156
:103A4C0003F1180003F118041EF018F800B1441C1F
:103A5C004FF0040C05AB6D2221462846CDF800C072
:103A6C0011F022FCC043C00F07B030BD00207047DE
:103A7C00184690470446EBE7F10300008B79503B66
:103A8C001B0625D430B587B00390084614F098F87F
:103A9C00039B12491A680590526B98688A42054636
:103AAC0018D12F2103F1180003F118041DF0E6FFC3
:103ABC0000B1441C4FF0040C05AB63222146284690
:103ACC00CDF800C011F0F0FBC043C00F07B030BD03
:103ADC0000207047184690470446EBE7F1030000BE
:103AEC008368014643B1032200B583B00190984727
:103AFC000199084603B000BD704700BF0B4BC1686D
:103B0C0010B50446036039B1806811F01BFCE06805
:103B1C001CF0ACFD0023E360216929B1A06811F011
:103B2C00F1FD20691CF0A2FD204610BD102C0020D8
:103B3C000D4BC16810B50446036039B1806811F0B3
:103B4C0001FCE0681CF092FD0023E360216929B1BF
:103B5C00A06811F0D7FD20691CF088FD2046982143
:103B6C0014F09EFE204610BD102C002003460D4A7A
:103B7C0000691A6098B14268013A42607AB90268E9
:103B8C0000B583B0D26A01939047019B186918B1B4
:103B9C00026852689047019B184603B000BD184656
:103BAC00704700BF7C2D002010B50B4B04460069FC
:103BBC00236058B14368013B43603BB90368DB6A3F
:103BCC009847206910B103685B6898472046142118
:103BDC0014F066FE204610BD7C2D002010B584B07C
:103BEC000446CDE9022113F0F9FA00222046009296
:103BFC00DDE9023113F074FB204604B010BD00BFA8
:103C0C0010B50023044610460D4A237261722061E0
:103C1C002260E36019B18A0019461DF0D5FD094AEE
:103C2C00136853B11A465B69002BFBD15461002316
:103C3C00204663616360A37210BD1460F7E700BF98
:103C4C00042C0020FC6C002003460022DFF85CC032
:103C5C00124943F818CB4FF4807C8261A0F808C05D
:103C6C00C0E903230B68B3B11A465B69002BFBD187
:103C7C00506100230A4A4FF4681C0A4943614360AF
:103C8C00837202604FF000520377074BC0E90AC100
:103C9C00C0E90C2370470860EBE700BFFC6C002008
:103CAC001C2D00200E00C10076061C00042C0020E8
:103CBC0010B541F2CC53044614480022E3181449C1
:103CCC0020604FF480702361208104F580500B68D4
:103CDC00E260C0F8CC25B3B11A465B69002BFBD16E
:103CEC00546100210B4B41F28C5204F14000616194
:103CFC006160A17223602176C4F81A10E1831DF073
:103D0C0063FD204610BD0C60EBE700BF042C0020C7
:103D1C00FC6C00209C2C002003460022DFF860C0C5
:103D2C00134943F834CB4FF4007CC0E903230B68F0
:103D3C00A0F808C0C0E90D22C3B11A465B69002B7C
:103D4C00FBD150610B4900230B4ADFF838C00160EE
:103D5C004FF480518261094A436143608372C0E928
:103D6C0007C1C0E90923C0E90B3370470860E9E7D4
:103D7C00FC6C0020642D002090298F0480F9855A5A
:103D8C00042C002060EA8E0400220346DFF850C0A9
:103D9C00114943F828CB4FF4806CC0E903230B681E
:103DAC00A0F808C0C0E90A22C0E90C228BB11A465F
:103DBC005B69002BFBD1506100224FF48033074923
:103DCC004261426082720160C0E90633C0E9083387
:103DDC0070470860F0E700BFFC6C0020F82B002057
:103DEC00042C00201349002210B50B68044612481D
:103DFC00226120602281E260D3B11A465B69002BFC
:103E0C00FBD1546100230D494FF0804204F138007E
:103E1C0063616360A37221602363A386C4E90633E4
:103E2C00C4E90833C4E90A230CF082FB204610BD18
:103E3C000C60E7E7FC6C0020042C0020102D002007
:103E4C0010B50446002216482346164943F8180BB1
:103E5C004FF40070C4E903230B682081C4E90622E7
:103E6C00DBB11A465B69002BFBD1546100230E4970
:103E7C004FF4004204F50F7063616360A37221601C
:103E8C002363C4F83432A4F83832C4E90833C4E9E3
:103E9C000A230CF04DFB204610BD0C60E6E700BF7A
:103EAC00042C0020FC6C0020702D00200D490022F9
:103EBC00DFF838C00B68C0F800C002610281C26034
:103ECC006BB11A465B69002BFBD150610023064A8B
:103EDC0043614360837202600376C361704708607C
:103EEC00F4E700BFFC6C0020402D0020042C0020C7
:103EFC0010490022DFF844C00B68C0F800C0026112
:103F0C000281C2609BB11A465B69002BFBD15061E8
:103F1C0009490022DFF828C00B8842610133426056
:103F2C0082720B80C0F800C0C0E90623704708609D
:103F3C00EEE700BFFC6C00206C4C0120042C002030
:103F4C00342D00202DE9F04398464B79C9B0044636
:103F5C00ABB11746B8F1000F1ED0542003911CF0E2
:103F6C007DFB814658B1039940F203133A4601F1A7
:103F7C0008060146304611F0D9F900284CDA002326
:103F8C0063494FF47A7220462373A2602361C4E91B
:103F9C00001349B0BDE8F08301F1080001F10805F8
:103FAC00114606AA11F01CF90028E8DB9DF8183020
:103FBC00012B74D034201CF051FB06460028DED0B7
:103FCC0001463A46284611F04BFB002877DB982037
:103FDC0014F05EFC3946034680228560C0F80480EC
:103FEC000661C0F80C804B48186003F1180003936D
:103FFC001DF0BEFC039B4FF47A705A68C4F8048021
:10400C00013284F80C80A0602046414923615A603B
:10401C00216049B0BDE8F0830023059314F0E2FD64
:10402C000421069005AB63220D46009130463946BB
:10403C0011F0ECF8A84208D006AB632239463046A2
:10404C00009511F031F900284ADB042206AB394601
:10405C00304600926D2211F027F9002848DBB8F1A8
:10406C00010F4DD00025982014F012FC03468660F9
:10407C008022C0F80C9039464560056125480393B1
:10408C00186003F118001DF073FC039B4FF0000146
:10409C004FF47A705A68656001322173B3E754208B
:1040AC0003931CF0DBFA064600283FF468AF014688
:1040BC00039B3A46284611F039F9002803DA3046BA
:1040CC001CF0D4FA5BE7982014F0E2FB3946034667
:1040DC0080228560C0F80480C660C0F8108082E73A
:1040EC0022210D4817F072F80C4813F0BDFBACE719
:1040FC0022210B4817F06AF8084813F0B5FBAEE71D
:10410C00022300224946304611F024F9AAE700BFE9
:10411C007C2D0020102C0020DC230020D840002017
:10412C0000240020F0B517461E469DF81440EFF30E
:10413C00108E72B6174B184A93F800C012780CF117
:10414C00010C5FFA8CFC62451FD01A7802EB8205D9
:10415C00124A5155197801EB810111444F701978AD
:10416C0001EB810111448E70197801EB810111442E
:10417C00CC70197801EB81010A44107183F800C0EE
:10418C00BEF1000F00D162B6F0BD054A13680133D1
:10419C001360F5E79C4C01209D4C012048B3002096
:1041AC0048B800202DE9F84F484CDFF834912278BC
:1041BC0099F800309A4200F0868010254FF0000AE2
:1041CC00434EDFF820812378013D03EB8303EDB2EE
:1041DC00F15C2378C9B203EB8303334493F801B049
:1041EC00237803EB830333449B782278DBB202EB16
:1041FC0082023244D0782278C0B202EB820232447E
:10420C0092F804E022785FFA8EFE01322270BAF145
:10421C00000F2AD1BEF1000F3DD0012814D8013B6C
:10422C0009044FEA0B6B1B0201F4FE010BF0FE4B71
:10423C0003F4706343EA001349F209000B4343EAA9
:10424C000B03184316F040F994F800A099F80030CD
:10425C009A4518BF002D14BF4FF0010A4FF0000A09
:10426C00B1D1BDE8F84F16F037B91A4AD8F804A006
:10427C00194F1268A7FB022C184A4FEA9C4C126883
:10428C0002FB0CFCD8F80420A2EB0A029445F9D8E6
:10429C00BEF1000FC1D10128D6D8013B09044FEA69
:1042AC000B6B1B0201F4FE010BF0FE4B03F470636D
:1042BC0043EA001348F208000B4343EA0B0318438C
:1042CC0016F002F9C0E7BDE8F88F00BF9D4C012045
:1042DC0048B30020D440002083DE1B43386100200B
:1042EC009C4C0120001000E0F5EEC00A00B5F1EE88
:1042FC0010FA85B040F28880DFED554AB7EEE05AEF
:10430C00B7EE007BB4EEE40AB7EEC11A37EE456B9C
:10431C00F1EE10FA26EE016B2DDBB0EE467B0020A1
:10432C009FED435B8DED007B8DED026B21EE051B4C
:10433C00FDEEC17B17EE901A14F03CFB01209FEDB3
:10434C003E5B9DED007B27EE057BFDEEC77B17EEFC
:10435C00901A14F02FFB02209FED397B9DED026B20
:10436C0026EE076BFDEEC67B17EE901A05B05DF8D6
:10437C0004EB14F01FBBB7EEC00A9FED333B80EE8D
:10438C00034BFDEEC43BB8EEE32B13EE902A34EE58
:10439C00424BB0EE472B37EE440BA4EE452BA0EE70
:1043AC00457B22EE012B27EE017B042A3BD801A38F
:1043BC0053F822F0FF0D0000BB0E0000C50E0000EC
:1043CC00D70E0000A90E0000B0EE415BB0EE471B0B
:1043DC00B0EE467BB0EE456BA1E7B0EE417BB0EEA4
:1043EC00421B9CE7B0EE415BB0EE461BB0EE476B58
:1043FC00B0EE457B93E7B0EE415BB0EE427BB0EEA6
:10440C00461BB0EE456B8AE70021084614F0D2FA41
:10441C000021012014F0CEFA0021022005B05DF835
:10442C0004EB14F0C7BAB0EE467BB0EE426B76E705
:10443C0000000000000069400000000000C05C406B
:10444C0000000000008051400000000000004E40C1
:10445C000000B443234B2DE9F041044682B053F8DD
:10446C0020000D460AF07CFA1F4B204E53F8240016
:10447C000AF076FA1E4B53F824000AF071FA1D4B21
:10448C0053F824000AF06CFA1B4A1C4B0020315DD7
:10449C0010551A681A4B43F82420A9B9194FDFF8A4
:1044AC00748098F800300120174A00933B78174F1E
:1044BC00127839782944C9B2FFF734FE3B781D4491
:1044CC00355502B0BDE8F081114BDFF848801A7801
:1044DC000C4F98F8003000933B78FFF723FE3055D3
:1044EC00DFE700BF303E0020203E0020D0720020CD
:1044FC00003E0020103E00207448002060D50020B3
:10450C005CB90020EC620020EB6200209B4C012087
:10451C00F16200208E4C0120F8B5274B0025274E68
:10452C0040F201179FED260A2DED088B9FED1E8B97
:10453C009FED1FABBEEE009B93ED00BAB5EEC0BA7B
:10454C00A6EC010AF1EE10FA14DD0024B7EEC00A55
:10455C00013420EE080B19F0FFF807EE904AF8EE44
:10456C00E77AB7EEC00BF4EECB7AF1EE10FAEDD49D
:10457C0006ED010A0135BD4210D007EE905AB0EE9F
:10458C00490BB8EEE77BA7EE0A0B30EE000B20EEE2
:10459C00080BB7EEC00B19F00FFCCFE7BDEC088B86
:1045AC00F8BD00BFAFF30080182D4454FB21094027
:1045BC00000000000000703FE4620020A40A01200B
:1045CC002EBDBB332DE9F0432C4C4FF0E0234022A1
:1045DC002B4E2C4D04F11007DFF8BC90DFF8BC809B
:1045EC002DED028BB3EE048A83B0C3F8882154F806
:1045FC00040B0AF0F1F978B9BC4206F1040605F196
:10460C000405F4D14FF0E0234022C3F8082103B095
:10461C00BDEC028BBDE8F08395ED006AD9ED006A24
:10462C0098ED007ADFED187AA6EE267ADFED175AB0
:10463C003168174AB4EEC87AF1EE10FA1BD4B4EE16
:10464C00E77A0191F1EE10FA37FE870A20EE250A7F
:10465C00F0EE407AFEEEE07ACDED007A19F0ACFB8C
:10466C00F0EE407ADDE90031FEEEE07A17EE902AAA
:10467C00C1E90632C0E7074BFAE700BF003E002055
:10468C00544800201C73002000D0894693651538CF
:10469C00DE571700DF571700707100206C71002077
:1046AC00D44BB0EE000B2DE9F0412DED0C8B1B78AB
:1046BC0084B00D46044607EE903A1F46B2EE089BB6
:1046CC00B8EE67CBB0EE4C1B19F086F8CA4ACB4B50
:1046DC00B0EE40DB1678B0EE000B93ED008AAB1910
:1046EC00B7EEC88A07EE103AB8EEC77B87EE09BB67
:1046FC00B0EE4B1B19F070F8C14B1A68C14B002A75
:10470C00D3ED00AAC04B93ED00AA40F3B381BF4B8D
:10471C009046BF4A28EE0D7B93F90030C3EBC303E0
:10472C00B4EE005BB0EE406B1344BA4A27EE057B47
:10473C001B5782FB0312DB17B0EE000BC3EBA2037B
:10474C00BA1E27EE067B42FA83F3FA1E03EB4303F1
:10475C0002EB420206EB830105EB8202F7EEC7BBCC
:10476C0001EE101AA2EB8303B8EEC11B0BEE103A4C
:10477C0081EE091B19F030F84FF0E0234022C3F80A
:10478C00882128EE008BA44B03EB8403C3ED00BA05
:10479C00A24BB7EEC88B1B7805EE903AF8EEE55AB3
:1047AC00A5EEAAAAB5EEC0AAF1EE10FA00F120818E
:1047BC00DFED9B7A9FED9B7AB4EEE7AA9A4AF1EE75
:1047CC0010FA77FE8A7A67EE877AFCEEE77A17EEB4
:1047DC00903A934228BF1346944AD2ED007A944AF9
:1047EC0092ED006A934AA5EEA76AD361B5EEC06A52
:1047FC00F1EE10FA00F17982DFED897A9FED897A7A
:10480C00B4EEE76A884AF1EE10FA77FE867A67EE24
:10481C00877AFCEEE77A17EE903A934228BF13465C
:10482C00854AB3EE047A92ED006A844AD2ED007A9E
:10483C00834AE6EE2B7AD361824B53F82430F4EEA4
:10484C00C77AF1EE10FA00F14D829FED7F0A9FEDD1
:10485C007F7AF4EEC07A0393F1EE10FA30FE270A59
:10486C0020EE070AF0EE407AFEEEE07A17EE906A40
:10487C0019F0A2FAF0EE407A039BFEEEE07A17EE06
:10488C00902AC3E90662724B53F82420714BD3ED86
:10489C00006A68EE266AF5EEC06AF1EE10FA00F1D5
:1048AC002A82DFED5F7A9FED5F7AF4EEE76A5E496C
:1048BC00F1EE10FA77FEA67A67EE877AFCEEE77ACD
:1048CC0017EE903A8B4228BF0B465362624B53F85B
:1048DC002420624BD3ED006A68EE266AF5EEC06ABE
:1048EC00F1EE10FA00F10582DFED4D7A9FED4D7A75
:1048FC00F4EEE76A4C49F1EE10FA77FEA67A67EE11
:10490C00877AFCEEE77A17EE903A8B4228BF0B467B
:10491C005362534B53F82420524BD3ED007A28EEBC
:10492C00277AB5EEC07AF1EE10FA00F1E081DFEDF6
:10493C003C7ADFED3C6AB4EEE77A3B49F1EE10FAD3
:10494C0077FE877A67EEA67AFCEEE77A17EE903A56
:10495C008B4228BF0B46B8EECB5B07EE908AB3EECA
:10496C00084B5362F8EEE77A3F4B85EE046B53F835
:10497C002410F5EEC07AF1EE10FAB7EEC66B40F2E9
:10498C00DD81B7EE007AB4EEC76AF1EE10FA40F3AF
:10499C00BA81364A9FED367A67EE877AFDEEE77A72
:1049AC0017EE903A002B00F0D78172B6CE690A62EE
:1049BC00B24200F0E78186FAA2F0EFF3008C1CF013
:1049CC00006F00F09D8103F1010CBCF1020F04D9C2
:1049DC0092FBF3F096FBF3F3C01A20B9B242D4BFAA
:1049EC004FF0FF300120012348620B7662B64CE198
:1049FC000023F1E6ED620020AF4C01207C47002043
:104A0C00F0B00020E0720020DC7200208F4C0120FE
:104A1C0018480020676666661C730020D079002059
:104A2C000044AC46C637BE470000FE7FD87200205B
:104A3C00D472002038780020707100206C71002036
:104A4C00807600205448002000D0894693651538A4
:104A5C00E84700209C610020F8470020A06100205E
:104A6C0008480020A4610020C84700200000FF7FF8
:104A7C0066663042B0EE4C1BB0EE000B18F0ACFE8C
:104A8C00B0EE409BB0EE4B1BB0EE000B18F0A4FE4A
:104A9C0028EE098B4FF0E0214020BC4AC1F8880178
:104AAC00B4EE007B1278BA4B06EE902A28EE078BF8
:104ABC0003EB8403F8EEE66AA6EEAAAA28EE008BB6
:104ACC00B5EEC0AAB7EEC88BF1EE10FA83ED008AF2
:104ADC0000F13281DFEDAF7A9FEDAF7AB4EEE7AA49
:104AEC00AE4AF1EE10FA77FE8A7A67EE877AFCEE20
:104AFC00E77A17EE903A934228BF1346A848A94A82
:104B0C00D0ED007A92ED007AA749A6EEA77ACB6198
:104B1C00B5EEC07AF1EE10FA00F10C81DFED9D7A62
:104B2C00DFED9D6AB4EEE77A9C4AF1EE10FA77FE5F
:104B3C00877A67EEA67AFCEEE77A17EE903A934204
:104B4C0028BF13469948B3EE047A994AD0ED006A0F
:104B5C00D2ED007A9749E6EE887ACB61964B53F802
:104B6C002430F4EEC77AF1EE10FA00F1C6809FED16
:104B7C00930A9FED937AF4EEC07A0393F1EE10FA58
:104B8C0030FE270A20EE070AF0EE407AFEEEE07ABD
:104B9C0017EE906A19F010F9F0EE407A039BFEEED6
:104BAC00E07A17EE902A8748874990ED007A51F801
:104BBC00241028EE077A9E61DA61B5EEC07AF1EE28
:104BCC0010FA00F1B580DFED737ADFED736AB4EEA5
:104BDC00E77A724AF1EE10FA77FE877A67EEA67AD8
:104BEC00FCEEE77A17EE903A934228BF13467748CB
:104BFC00774A90ED007A4B6228EE077A52F824102F
:104C0C00B5EEC07AF1EE10FA00F19080DFED617A2A
:104C1C00DFED616AB4EEE77A604AF1EE10FA77FEE6
:104C2C00877A67EEA67AFCEEE77A17EE903A934213
:104C3C0028BF13466748684AD0ED007A4B6228EECD
:104C4C00278A52F82410B5EEC08AF1EE10FA6BD414
:104C5C00DFED507A9FED507AB4EEE78A4F4AF1EED1
:104C6C0010FA77FE887A67EE877AFCEEE77A17EE11
:104C7C00903A934228BF1346584A4B6252F824305C
:104C8C0072B60022DA611A7662B64FF0E023402247
:104C9C00534EC3F80821315DF9B1524F3B782B4488
:104CAC0099421AD0504B51481A78514B1B780093AB
:104CBC0003780020FFF736FA4D4B30551B784B48E4
:104CCC00009339784B4A2944037812780120C9B2F1
:104CDC00FFF728FA3B781D44355504B0BDEC0C8B1E
:104CEC00BDE8F081444A454ECBE5002398E500230E
:104CFC0031E600230CE60023E7E53F4A3F4E52E73E
:104D0C0090FBF3F069E6BFEE007ADFED3D6AB4EE9E
:104D1C00C67AF1EE10FA37FE067A27EE267ABDEE49
:104D2C00C77A17EE102A35E60023A5E7002381E7A2
:104D3C0000235CE7002305E70023DFE6F7EE007AAB
:104D4C00B4EEE76AF1EE10FA0BDD2E4B72B60022D0
:104D5C00CB610A7662B698E772B6CA610B7662B618
:104D6C0093E7FFEE007A9FED267AF4EEC67AF1EE29
:104D7C0010FA77FE867A67EE877AFDEEE77A17EE01
:104D8C00903AE3E700230B7662B67EE7D0790020F9
:104D9C001C7300200044AC46C637BE470000FE7FA3
:104DAC00D8720020D4720020387800207071002056
:104DBC006C710020807600205448002000D0894679
:104DCC00936515389C610020E8470020A061002005
:104DDC00F8470020A461002008480020C8470020A4
:104DEC00D07200209B4C0120F1620020EC6200206C
:104DFC008E4C0120EB620020DE571700DF571700A6
:104E0C0000FEFF4E0000FF7F2DE9F0410446244DCB
:104E1C0082B0084612F05EFC295DE0B2214EFFF72D
:104E2C003FFC214B53F8240009F09AFD1F4B53F81B
:104E3C00240009F095FD1E4B53F8240009F090FD59
:104E4C001C4B53F8240009F08BFD1B4B0020315DEB
:104E5C001855B9B9194FDFF8748098F800203B78D1
:104E6C00174F295D00923878164A014401201278B8
:104E7C00C9B2FFF757F92B5D3A781344335502B09A
:104E8C00BDE8F081104BDFF844801A780B4F98F88E
:104E9C00003000933B78FFF745F93055DDE700BF54
:104EAC00C8790020D0720020303E0020203E002027
:104EBC00003E0020103E002074480020EC620020D0
:104ECC009B4C0120EB620020F16200208E4C0120F3
:104EDC0001490020FFF798BF7C61002001490120A7
:104EEC00FFF792BF8461002001490220FFF78CBFBD
:104EFC008C61002001490320FFF786BF94610020DC
:104F0C002DE9F0435B4B8DB05B4FDFF8B081197826
:104F1C003A7898F80030594CA4FB0304B2FBF1F03A
:104F2C0001FB102004F0FE0101EB5401C0B2591A30
:104F3C00CCB248B1002C00F0988003F001030F2193
:104F4C00C3F10203DBB20FE04D494E4D03C9A980FA
:104F5C00090C2860A971002C00F08A8003F0010371
:104F6C00C3F10203DBB2EB21B2FBF3F003FB102223
:104F7C000C20D2B2002A18BF002113F01BFD424BAB
:104F8C00FF2118681971A0B1404B414AC3181B117D
:104F9C00D1545378117890788B4228BF0B46D17836
:104FAC003C4A834228BF03468B4228BF0B4682F8FB
:104FBC007A30394B06A9394A33480093069312F0DC
:104FCC0005FB069B08A8DB689847009B02A8DB68DA
:104FDC009847334A1378002B36D0324B32491B6832
:104FEC008B4209D803EB4303DB00013B102B03D9A5
:104FFC002E49096801B10B6000232D49062413705A
:10500C003B782C4D11F8039049FA04F3DA070BD5D1
:10501C00032C26462978C8BFE61EF0B2FFF740FBEA
:10502C0029783046FFF716FA013C013D631CEBD1A1
:10503C003B7898F800200133B3FBF2F102FB1133FB
:10504C003B700DB0BDE8F0831B4B17491B688B42BE
:10505C0009D803EB4303DB00013B102B03D91349A5
:10506C00096801B10B600123C7E703230F217BE71C
:10507C00032378E705630020A34C0120ABAAAAAA5E
:10508C00C879002014CD00201061002000BFF7BFAC
:10509C00BC44002000E400E0542E0020FF3D4900F9
:1050AC00F462002040CD0020AAAAAA0AB861002010
:1050BC001CCD00201ACD00207CB2002006630020FD
:1050CC006D4BB0EE000B10B52DED068B1B7882B03E
:1050DC00B2EE089B01EE103AB8EE411BCDE9001080
:1050EC0018F07AFB654A0099B0EE40AB1478B0EE3C
:1050FC00000B634B0C4493ED008A07EE904AB7EE1D
:10510C00C88AB8EEE71B81EE091B18F065FB5D4BF6
:10511C005D4AA3FB041328EE0A7B92F90020DB08FE
:10512C00B5EE00AB03EB4303B0EE406BA4EB830492
:10513C00B0EE000B27EE0A7B144427EE067B06EE3E
:10514C00904AB8EEE61B81EE091BB7EEC79B18F030
:10515C0043FB40214FF0E0224C4BB5EEC09A019836
:10516C00C2F8881153F82010F1EE10FA9FED407B35
:10517C0028EE078B28EE0A8B28EE008BB7EEC88B37
:10518C0070D4DFED437A9FED437AB4EEE79A424A4E
:10519C00F1EE10FA77FE897A67EE877AFCEEE77A01
:1051AC0017EE903A934228BF1346B5EEC08A3B4A9D
:1051BC004B6252F82010F1EE10FA55D4DFED347A30
:1051CC009FED347AB4EEE78A334AF1EE10FA77FEAB
:1051DC00887A67EE877AFCEEE77A17EE903A93427C
:1051EC0028BF13462E4CB3EE047ADFF8CCC0D4EDB6
:1051FC00007ADCED006AF8EEE77A2A4ACB6152F8C5
:10520C002030E6EE897AF4EEC77AF1EE10FA26D465
:10521C009FED250A9FED257AF4EEC07A0093F1EE0E
:10522C0010FA30FE270A20EE070AF0EE407AFEEE66
:10523C00E07A17EE904A18F0BFFDF0EE407A009B32
:10524C00FEEEE07A17EE902A4FF0E0214020C3E901
:10525C000642C1F8080102B0BDEC068B10BD144A21
:10526C00144CF1E70023A0E70023BBE7AFF3008069
:10527C000000000000005040F7620020AF4C0120FD
:10528C007C470020ABAAAAAAAC4C012048620020A3
:10529C000044AC46C637BE470000FE7F18620020B3
:1052AC0010CE0020DC61002000D0894693651538B3
:1052BC00DE571700DF57170014CE0020224B062AAA
:1052CC009B5600B53CD8DFF890C01CF902E003F106
:1052DC000C0C4FFA8CFC7145C8BF63461B49052862
:1052EC00095616D9002912DD194801F1FF3E014477
:1052FC000EEB4E0E00EB4E0C01EB4E01581E1CF942
:10530C0001EB40B2724508BF03468C45F6D11846F6
:10531C0000BD0029FBDD0F4801F1FF3E01440EEBFF
:10532C004E0E00EB4E0C01EB4E01581C1CF901EB20
:10533C0040B2724508BF03466145F6D1184600BD20
:10534C004FF0000EC3E700BF8C210020E4210020A9
:10535C0094210020B821002084210020F0B5451EA6
:10536C00C61C2E4F002015F801EFA7FB0E23DB08FF
:10537C0003EB4303AEEB830E5FFA8EFEC8B10C1841
:10538C000B46002213F801CBF44508BF42F0010292
:10539C00A342F7D16AB1B54212D015F801EFA7FBC1
:1053AC000E23DB0803EB4303AEEB830E5FFA8EFE9A
:1053BC00E6E701F800E0B54200F10100C0B2D2D13D
:1053CC00012820D94F1C861E0D46002457FA86F65C
:1053DC0063B215F801EF002B0EDBE219234607E050
:1053EC00013B82F801C04FFA83FCBCF1FF3F0BD0AC
:1053FC0012F801CDF445F3D80B44B54204F1010485
:10540C0083F801E0E4D1F0BD6346B54204F1010438
:10541C000B4483F801E0DBD1F5E700BFABAAAAAAE5
:10542C00134B1B78013B032B1FD8DFE803F0150F40
:10543C000802B8B103280CBF0C200020704710F0F4
:10544C00FD0F0CBF6FF00B000020704701280CBF44
:10545C006FF00B000020704702280CBF6FF00B00A0
:10546C00002070476FF00B0070470020704700BFA2
:10547C00904C0120F0B59E460346344883B000782A
:10548C009DF8204010B9184603B0F0BD3048A0FB81
:10549C00020C4FEADC0C0CEB8C0CA2EB4C0C41EA32
:1054AC000C0C5FFA8CFCBCF1030FECD80846019392
:1054BC0076461746FFF7B4FF031E1D46019BE2D04C
:1054CC0006DB542BDFD8E818C3B2184603B0F0BD86
:1054DC00172BD8D9002EF6D03CB11E494FF6FF72CF
:1054EC00097800290CBF012414461B4A1B491C488F
:1054FC000978127800780193FFF7E0FE144A019BBB
:10550C00A2FB0712A3F10C01D20802EB420204EB3E
:10551C008202104400B28842D5DD89B2114AA2FB46
:10552C0001C2D20802EB4202A1EB82010E4A82FBBD
:10553C00002CC21709B2C2EB6C0202EB4202A0EBC8
:10554C00820000B281429ED1BDE700BF904C012089
:10555C00CDCCCCCC954C0120A94C01208C4C0120FD
:10556C00994C0120ABAAAAAAABAAAA2A1C4BDFF819
:10557C007CC01C4A10B5A3FB00E31278DCF800E0F9
:10558C0084B0DB0803EB8303A0EB4303164890F8CD
:10559C0000C0DBB252EA0C0C1DD041EA0300032818
:1055AC0019D80C46704603A90192FFF7D7FE78B1C3
:1055BC00019A04A92244D2B2B2FBF0F300FB1322ED
:1055CC0003EB430351FA82F212F8040C00EB830054
:1055DC0000B204B010BD1EF8030004B010BD00BF33
:1055EC00CDCCCCCC8D4C0120904C0120844800209B
:1055FC00374B05EE902AF0B593F900200B46354C4D
:10560C000546C2EBC202B8EEE54B85B01444324AF3
:10561C00245C1678314AA2FB04123149D708087869
:10562C0030493A4607EB4707097853B102EB82023F
:10563C00DFF8BCC0A4EB42029CF800C0D2B2944587
:10564C0029D0294A03931278FFF738FE294600EB3C
:10565C00870007EE900A2046FFF788FF06EE100A37
:10566C00B8EEE77B039BB8EEC66B8EB137EE447B8E
:10567C0037EE067B22462946CDED005AFCEEC77B61
:10568C00CDED037A9DF80C00FFF7F4FE05B0F0BDEC
:10569C0037EE047BECE7154B1A78FFF70FFE00EBA7
:1056AC00870007EE900AB8EEE77B46B937EE047B2D
:1056BC00FCEEC77BCDED037A9DF80C00E6E737EEE8
:1056CC00447BFCEEC77BCDED037A9DF80C00DDE747
:1056DC008F4C012018480020954C0120CDCCCCCC0F
:1056EC00994C01208C4C0120964C0120A94C012096
:1056FC009E4C01202DE9F8431A4A00241A4E1B4BEC
:10570C0092F80080B1461F78751EE0B201343A461B
:10571C004146FFF76DFF072C05F8010FF5D1142159
:10572C00134815F053FD134812F09EF8124B1B78DA
:10573C0013B9124B1B7843B1114B96E803000A0CBA
:10574C00186099809A71BDE8F8830E4B1C78002C78
:10575C00F2D1E0B2013419F8011BFEF7A1FF042CC1
:10576C00F7D1F0E7A84C0120D0790020A74C0120FC
:10577C0024240020D8400020A44C0120B04C01204F
:10578C00C879002004630020194B98421FD0194B94
:10579C0098421ED0184B98421DD0184B98421CD0E2
:1057AC00174B984211D0174B984218D0164B984271
:1057BC0017D0164B984216D0154B984215D0154B56
:1057CC0098420CBF09200A20704704207047002023
:1057DC007047012070470220704703207047052056
:1057EC00704706207047072070470820704700BF9D
:1057FC00286100204C610020C0610020186100204D
:10580C003C6100209C600020444700202061002067
:10581C0044610020A8600020431E082B19D8DFE843
:10582C0003F0090E1305080808080800002908BF32
:10583C000B20704700290CBF0E2002207047002956
:10584C000CBF0D200320704700290CBF0C20012039
:10585C007047002914BF00200A2070476F4B70B5A9
:10586C001C7882B06E4B04F1FF3C93F800E05FFAB9
:10587C008CFCBCF1060F1AD86A4B053C13F80C10C3
:10588C00022C694BB0FBF1F201FB120113F80E3044
:10589C00C9B24DD96548013200EBCC0002EB420293
:1058AC00415C01EB82029818C0B202B070BD604B33
:1058BC0016460A4605461978A4F10803012B41D96E
:1058CC005C4B07EE906A5C4893F90030B8EEE76BDE
:1058DC0003EB430300EB83035C5D584BA3FB040316
:1058EC005748DB08057803EB830003EB4303A4EB79
:1058FC004004E4B2002A53D0524A1278A2424FD14B
:10590C00514A704601931278FFF7D8FC019B00EBCB
:10591C00830007EE900AB8EEE77B002D75D137EEC9
:10592C00067BFCEEC77BCDED017A9DF80400BCE74D
:10593C0009334648A0FB0340C00800EB4000A3EB32
:10594C008003A7E77046002A57D03F4B1A78FFF721
:10595C00B5FC034626B13A4A1278002A53D0013BD3
:10596C00A4F109013A4A0193B1FA81F11068FFF7E9
:10597C000BFF4909FFF750FF364A019B125CB5FB40
:10598C00F2F102FB115201EB410103EB81033249AD
:10599C00D2B201EBC0018A5C1344D8B202B070BD24
:1059AC002E4A704601931278FFF788FC019B284A17
:1059BC0000EB8300136807EE900A1B5DB8EEE77BE3
:1059CC0005EE103AB8EEC55B5DB937EE067B37EEE7
:1059DC00057BFCEEC77BCDED017A9DF8040002B08F
:1059EC0070BD37EE467B37EE057BFCEEC77BCDED0D
:1059FC00017A9DF8040002B070BD184B1A78FFF7BD
:105A0C005DFC0346A6E70133AAE737EE467BFCEEC6
:105A1C00C77BCDED017A9DF8040046E7A64C01202A
:105A2C00994C0120DC21002028220020F0210020AC
:105A3C008C4C0120974C0120B8600020CDCCCCCCF4
:105A4C00954C01209E4C0120A94C0120ABAAAAAA7E
:105A5C00844800203422002044220020964C01204F
:105A6C002DE9F04F2D4D83B02D4E0024DFF8C8905A
:105A7C00DFF8C880DFF8C8A010E02A4B9AF80020A5
:105A8C001978FFF7EBFE98F8003028700BB13178DD
:105A9C0069B90134013501360C2C3BD0E7B299F8C9
:105AAC0000303846002BE8D007F11800EBE7DFF8A0
:105ABC0094B000201C4B1A789BF8003000931B4BC1
:105ACC001B78FEF72FFB9BF80030DFF87CB00093BF
:105ADC009BF800002978154B0144154A1B780120CE
:105AEC001278C9B2FEF71EFB9BF800202B781344EA
:105AFC003370104B53F8240008F074FF0028C8D002
:105B0C000134297838460135FFF7DAFA0C2C06F106
:105B1C000106C3D103B0BDE8F08F00BFD8790020D7
:105B2C003CB20020A84C0120FC620020F662002050
:105B3C00F562002040400020914C01208B4C01204C
:105B4C00A74C0120F86200209B4C012000000000B3
:105B5C000238F0B583B0E92800F22F81DFE810F0AD
:105B6C00D2168C1687167E163E1838182D012D016C
:105B7C004318AB135D165716511647166916631664
:105B8C002D012D016B16840C2A192619FE17DE1710
:105B9C00D018A9183119280F1D196F1808193C15A0
:105BAC004E1845185218400A09130513B6128F12D5
:105BBC003B111311EE10C610841331135913A61197
:105BCC00D90AAC0ADD12870AD111AA11F911320EC9
:105BDC000B0E040EDC0DEA008812601280115F11AE
:105BEC002112F809D6098B09D414B514F71496149C
:105BFC0075145014E513B513580C0C0C340CE80B3D
:105C0C0076181815C40B120BFC199A18D019000F22
:105C1C00DC0E880E640E5D0E80175E173C1718178D
:105C2C00F11A5819821A190A9E10461010100C10ED
:105C3C00A61A311879192D012D012D012D012D01D7
:105C4C002D012D012D012D012D012D01F00F5C1ABF
:105C5C003D1A38161216D31AF918AD1A680A7E0DA9
:105C6C00320D5A0D0E0DEA0C9B0C930C8B0CCB15B4
:105C7C00A415B30D8D0D721543159B1579094D099E
:105C8C002409AE088508FE08D508840768075D0856
:105C9C001808F207AF0759074A070507E706B106C8
:105CAC00A2067C065306C0062A06E605BD0592052B
:105CBC0073054A052305FB04D104A10472041703E0
:105CCC00F002CD02AA028B0342036803F81A2C02DD
:105CDC003104AE0375026C0206046503DB03050296
:105CEC00E201BF019C01790162015F012D012D01CF
:105CFC002D012D012D012D012D012D012D012D0128
:105D0C002D012D012D012D012D012D012D012D0117
:105D1C002D012D015C0159015601530150014D011A
:105D2C004A014701440141013E013B013801350163
:105D3C0032012F0107EE901A9FEDC95BB8EEE74BCD
:105D4C009FEDC97B84EE056B36EE077BB7EEC77B08
:105D5C00B5EEC07AF1EE10FA03F1D184F7EE007AC9
:105D6C00B4EEE77AF1EE10FA77FE877AB0EE677A46
:105D7C00BEEEC87A17EE103AB7EE007BBC4AFFEEC7
:105D8C00005A536237EE467BB7EEC77BB4EEE57A2A
:105D9C00F1EE10FA03F1B084F7EE007ADFEDC46A8D
:105DAC00B4EEE77AF1EE10FA77FE877A67EEA67A10
:105DBC00FDEEE77A17EE903A938603B0F0BDAD4B4B
:105DCC00D973FAE7AB4B9973F7E7AA4B5973F4E71E
:105DDC00A84B1973F1E7A74BD972EEE7A54B997253
:105DEC00EBE7A44B5972E8E7A24B1972E5E7A14B1C
:105DFC00D971E2E79F4B9971DFE79E4B5971DCE754
:105E0C009C4B1971D9E79B4BD970D6E7994B99707C
:105E1C00D3E7984B5970D0E7964B1970CDE7964B5A
:105E2C001960CAE7954B0E46954A1D781478954B28
:105E3C00954A214601931670924A981A2A46C0B286
:105E4C00FFF7D6FB019B914A03F8010B9A42EFD165
:105E5C00B3E707EE901ADFED965AB8EEE77B9FEDAD
:105E6C00804B87EE046BB7EEC66BB4EEE56AF1EED1
:105E7C0010FA03F32E83DFED867AF4EEC67AF1EE98
:105E8C0010FA77FE867AB0EE677ABEEEC87A17EE15
:105E9C00103A804A936190E707EE901ADFED846A1E
:105EAC00B8EEE74B9FED6E5B84EE057BB7EEC77BE0
:105EBC00B4EEE67AF1EE10FA03F30E83DFED747AAA
:105ECC00F4EEC77AF1EE10FA77FE877AB0EE677AC5
:105EDC00BEEEC87A17EE103A6F4A13626DE707EE02
:105EEC00901ADFED736AB8EEE74B9FED5D5B84EEC5
:105EFC00057BB7EEC77BB4EEE67AF1EE10FA03F34E
:105F0C00EE82DFED637AF4EEC77AF1EE10FA77FEEB
:105F1C00877AB0EE677ABEEEC87A17EE103A5E4A10
:105F2C00D3614AE707EE901ADFED616AB8EEE74BF2
:105F3C009FED4B5B84EE057BB7EEC77BB4EEE67A48
:105F4C00F1EE10FA03F3DB82DFED517AF4EEC77A4F
:105F5C00F1EE10FA77FE877AB0EE677ABEEEC87A69
:105F6C0017EE103A4C4A936127E707EE901ADFEDD3
:105F7C004B6AB8EEE74B9FED3A5B84EE057BB7EED0
:105F8C00C77BB4EEE67AF1EE10FA03F1AE82F1EED5
:105F9C00047AF7EE006AB4EEE77AF1EE10FA37FE07
:105FAC00877AC6EE877AB0EE677ABEEEC17A17EEC4
:105FBC00103A3B4A536200E707EE901ADFED3C5A69
:105FCC00B8EEE73BB7EE007B9FED254B83EE046B01
:105FDC0037EE467BB7EEC77BB4EEE57AF1EE10FAFE
:105FEC0003F39682DFED2A7AF4EEC77AF1EE10FA1B
:105FFC0077FE877AB0EE677ABEEEC87A17EE103A63
:10600C00B7EEC66BDFED2A7A264AB4EEE76A9361E7
:10601C00F1EE10FA03F37982DFED1D7AF4EEC67A15
:10602C00F1EE10FA77FE867AB0EE677ABEEEC87A99
:10603C0017EE103AD361C0E608291B4BA8BF082104
:10604C000129B8BF01211970B7E61029174BA8BF59
:10605C0010210129B8BF01211970AEE6AFF3008001
:10606C0000000000000059407B14AE47E17A843FE9
:10607C0080D100201CCD0020F0B00020A74C0120C6
:10608C00A84C0120D0790020ED620020D4790020AA
:10609C0000FEFFC688730020E07500203333333FC9
:1060AC00686B0020507300200563002006630020FD
:1060BC0000FEFF4607EE901A5FED036AB8EEE74B61
:1060CC009FEDC95B84EE057BB7EEC77BB4EEE67A39
:1060DC00F1EE10FA03F30682DFEDC57AF4EEC77A1F
:1060EC00F1EE10FA77FE877AB0EE677ABEEEC87AD8
:1060FC0017EE103ABF4A13625FE607EE901ADFED17
:10610C00BE6AB8EEE74B9FEDB85B84EE057BB7EE4D
:10611C00C77BB4EEE67AF1EE10FA03F3FC81DFED07
:10612C00B47AF4EEC77AF1EE10FA77FE877AB0EE15
:10613C00677ABEEEC87A17EE103AAE4AD3613CE6E7
:10614C0007EE901ADFEDAD6AB8EEE74B9FEDA65B5C
:10615C0084EE057BB7EEC77BB4EEE67AF1EE10FA6F
:10616C0003F1DC81F1EE047AF7EE006AB4EEE77A23
:10617C00F1EE10FA37FE877AC6EE877AB0EE677AC0
:10618C00BEEEC17A17EE103A9D4A536215E607EE41
:10619C00901AB8EEE77AF3EE047AB4EEE77AF1EE01
:1061AC0010FA03F1A581DFED977ADFED976AB4EE73
:1061BC00E77AF1EE10FA77FE877A27EEA60AF0EE70
:1061CC00407AFEEEE07ACDED017A17F0F5FDF0EEB7
:1061DC00407A019BFEEEE07A17EE901A884AC2E9EB
:1061EC000631EAE507EE901ADFED836AB8EEE74B6D
:1061FC009FED7D5B84EE057BB7EEC77BB4EEE67A54
:10620C00F1EE10FA03F38D81DFED797AF4EEC77AB3
:10621C00F1EE10FA77FE877AB0EE677ABEEEC87AA6
:10622C0017EE103A794A9361C7E5794B1980C4E5AA
:10623C0007EE901ADFED706AB8EEE74B9FED6A5BE4
:10624C0084EE057BB7EEC77BB4EEE67AF1EE10FA7E
:10625C0003F35281DFED667AF4EEC77AF1EE10FAB1
:10626C0077FE877AB0EE677ABEEEC87A17EE103AF0
:10627C00664AD361A1E507EE901ADFED5F6AB8EECE
:10628C00E74B9FED595B84EE057BB7EEC77BB4EE15
:10629C00E67AF1EE10FA03F33581DFED557AF4EE80
:1062AC00C77AF1EE10FA77FE877AB0EE677ABEEE17
:1062BC00C87A17EE103A4F4A53627EE5B1F5967FD5
:1062CC00544B9FED557AA8BF4FF49671D3ED006AED
:1062DC00DFED525A1E2966EE876A5148B8BF1E215F
:1062EC00504A514B07EE901AF8EEE77A37EEA76A50
:1062FC00C0ED007A86EE867AC5EE867ABCEEC77A59
:10630C00F8EE476A82ED007A77EEE67AFCEEE77AF1
:10631C00C3ED007A51E507EE901AB8EEE77AF3EE8A
:10632C00047AB4EEE77AF1EE10FA03F1FD80DFEDBA
:10633C00357ADFED356AB4EEE77AF1EE10FA77FED6
:10634C00877A27EEA60AF0EE407AFEEEE07ACDEDE3
:10635C00017A17F031FDF0EE407A019BFEEEE07A07
:10636C0017EE901A314AC2E9063126E507EE901A6B
:10637C002B4BDFED295AB8EEE74B9FED285A2549F8
:10638C00284A9FED197B84EE076B93ED007A264B20
:10639C0037EE077AC5EE077AB7EEC66B66EE255A6E
:1063AC0081ED006AC5EE876ABCEEE67AF8EE476AC4
:1063BC0082ED007A77EEE67AFCEEE77AC3ED007AAE
:1063CC00FBE407EE901A1A4BF8EEE77AC3ED007A6D
:1063DC00FEF7A2F840F201121649174803B0BDE8C7
:1063EC00F04008F09FBB00BF0000000000005940C7
:1063FC0000FEFFC63471002000FEFF463333333FEE
:10640C00B06B002000D0894693651538A873002026
:10641C00E8620020D0610020C0E1644CC0E1E44C93
:10642C00B46100207CB2002040CD0020686B0020BD
:10643C00E4620020A40A01202C730020000000005C
:10644C006666304207EE901A1FED047A1FED046A5F
:10645C00F8EEE76ACA4AF6EE007ACA49B4EEE67A72
:10646C00087EF1EE10FA37FE267AE7EE067AFCEE9D
:10647C00E77A17EE903A934228BF1346C40703F10C
:10648C007F024FEAD21202F1010203F10680B1F849
:10649C001EC040F001000B626245087688BFCA83BB
:1064AC008BE407EE901AB5EE005BDFEDB76AB8EE41
:1064BC00E73BB64BB64853F8042B9FEDAF4B83EE3E
:1064CC00047B27EE057BB7EEC77BB4EEE67AF1EEE4
:1064DC0010FA02F3ED87DFEDAF6AF4EEC76AF1EE66
:1064EC0010FA76FE877AB0EE676A9842BEEEC86AFA
:1064FC0082ED066A82ED076A3FF45FAC53F8042B19
:10650C00EBE707EE901ADFEDAA6A4FF6FF71A24A8D
:10651C00B8EEE77ADFEDA17A4FF0010E02F1100C24
:10652C00F4EEC77AF1EE10FA77FE877A67EEA67A68
:10653C00FCEEE77A17EE903A0733DB088B4228BF64
:10654C000B4652F8041B888ECB8608B9A1F834E0B0
:10655C009445F6D131E407EE901ADFED956A4FF6CB
:10656C00FF718D4AB8EEE77ADFED8C7A02F11000FC
:10657C00F4EEC77AF1EE10FA77FE877A67EEA67A18
:10658C00FCEEE77A17EE903A0733DB08994228BF06
:10659C001946002B14BF0B46012352F8041B9042E2
:1065AC00CB85FAD109E407EE901ADFED816A7A4BBC
:1065BC004FF6FF7EB8EEE77ADFED787AD3E900C0CC
:1065CC00F4EEC77AD3E90212F1EE10FA77FE877A6D
:1065DC0067EEA67AFCEEE77A17EE903A0733DB0803
:1065EC00734528BF7346ACF82C3083858B85938517
:1065FC00FFF7E3BB07EE901ADFED6D6A4FF6FF7104
:10660C00654AB8EEE77ADFED657A02F11000F4EE38
:10661C00C77AF1EE10FA77FE877A67EEA67AFCEE6F
:10662C00E77A17EE903A0733DB08994228BF1946F0
:10663C00002B14BF0B46012352F8041B90424B85D0
:10664C00FAD1FFF7BABB07EE901AB7EE005BF7EE84
:10665C00006AB8EEE73B9FED484B83EE047B37EEC8
:10666C00457BB7EEC77BB4EEE67AF1EE10FA42F357
:10667C00B1874B4B72B64B4A0021D361117662B68F
:10668C00FFF79BBB07EE901ADFED496A4FF6FF71DF
:10669C00454AB8EEE77ADFED417A4FF0010E02F190
:1066AC00100CF4EEC77AF1EE10FA77FE877A67EEEB
:1066BC00A67AFCEEE77A17EE903A0733DB088B42AA
:1066CC0028BF0B4652F8041B888ECB8608B9A1F85C
:1066DC0034E09445F6D1FFF770BB07EE901ADFED6E
:1066EC00346A4FF6FF71304AB8EEE77ADFED2B7A59
:1066FC0002F11000F4EEC77AF1EE10FA77FE877A09
:10670C0067EEA67AFCEEE77A17EE903A0733DB08D1
:10671C00994228BF1946002B14BF0B46012352F88F
:10672C00041B90428B86FAD1FFF747BB07EE901AF9
:10673C001D4B1E4AB8EEE75B53F8041B9FED0E6B26
:10674C0085EE067BB7EEC77BB5EEC07AF1EE10FA9C
:10675C0002F1EF87F7EE006AB4EEE67AF1EE10FA8A
:10676C0076FE877AFEEEC17A9A42C1ED0C7A3FF43E
:10677C0024AB53F8041BEFE7000000000000594065
:10678C0000B10200E479002000FEFF4644480020DE
:10679C005448002000FEFFC6203E002000000000F0
:1067AC000000FF7F10780020303E0020403E00208B
:1067BC006666304207EE901A5FED036A4FF6FF7182
:1067CC00D34AB8EEE77ADFEDD37A02F11000F4EE9B
:1067DC00C77AF1EE10FA77FE877A67EEA67AFCEEAE
:1067EC00E77A17EE903A0733DB08994228BF19462F
:1067FC00002B14BF0B46012352F8041B9042CB858F
:10680C00FAD1FFF7DABA07EE901ADFEDC36A4FF64A
:10681C00FF71BF4AB8EEE77ADFEDBE7A02F11000E5
:10682C00F4EEC77AF1EE10FA77FE877A67EEA67A65
:10683C00FCEEE77A17EE903A0733DB08994228BF53
:10684C001946002B14BF0B46012352F8041B90422F
:10685C004B85FAD1FFF7B1BA07EE901A9FEDA85B02
:10686C00B8EEE74B9FEDA86B84EE057B37EE067B0D
:10687C00B7EEC77BB5EEC07AF1EE10FA02F1BC862A
:10688C00F7EE007AB4EEE77AF1EE10FA77FE877A3B
:10689C00B0EE677ABEEEC87A17EE103A9F4A536292
:1068AC00FFF78BBA07EE901A9D4BB8EEE75B9FEDA6
:1068BC00946B85EE067BB7EEC77B83ED007AFFF712
:1068CC007CBA07EE901A974BB8EEE75B9FED8C6B9A
:1068DC0085EE067BB7EEC77B83ED007AFFF76DBACA
:1068EC0007EE901ADFED8C6A894B4FF6FF7EB8EEFF
:1068FC00E77ADFED887AD3E900C0F4EEC77AD3E902
:10690C000212F1EE10FA77FE877A67EEA67AFCEEA9
:10691C00E77A17EE903A0733DB08734528BF7346C6
:10692C00ACF82C3083858B859385FFF746BA0B2901
:10693C000B464FF004057C4CA8BF0B2323EAE376EF
:10694C00A357002275490B2B0A62A3F109024B864F
:10695C0002F058840C2B02F0DD84012A42F2C1842F
:10696C006B1E1D46ECD1FFF728BA07EE901AB7EE56
:10697C00006BF7EE005A0423B8EEE72BBFEE005A7B
:10698C009FED5F3B9FED607B82EE034B34EE077B0C
:10699C0036EE446BB7EEC77BB7EEC66BB5EEC07A7E
:1069AC00F1EE10FA02F14284B4EEE57AF1EE10FA4F
:1069BC00B4EEC56A75FE877AFEEEC87AF1EE10FA6F
:1069CC0002F12E84013BE9D1B7EE007ADFED576A74
:1069DC00B4EEC76AF1EE10FA37FE067A27EE267A85
:1069EC00BDEEC77A17EE101A514BC3ED097A998692
:1069FC00FFF7E3B907EE901A4E4BB8EEE75B9FED4D
:106A0C00406B85EE067BB7EEC77B83ED007AFFF714
:106A1C00D4B907EE901A484BB8EEE75B9FED386B94
:106A2C0085EE067BB7EEC77B83ED007AFFF7C5B921
:106A3C000B293D4B4148A8BF0B21002221EAE171F3
:106A4C0002625B560B2B438602F0C7830C2B02F0C1
:106A5C003984093B012B3FF6B0A9C169383003B02A
:106A6C00BDE8F04009F0C0BC07EE901ADFED2A6AD1
:106A7C004FF6FF71324AB8EEE77ADFED267A4FF027
:106A8C00010E02F1100CF4EEC77AF1EE10FA77FE5B
:106A9C00877A67EEA67AFCEEE77A17EE903A073320
:106AAC00DB088B4228BF0B4652F8041B888ECB8622
:106ABC0008B9A1F834E06245F6D1FFF77EB90B298D
:106ACC000B464FF00405184CA8BF0B2323EAE376C2
:106ADC00A357002216490B2B0A62A3F109024B861D
:106AEC0002F088830C2B02F00C84012A42F22384DE
:106AFC006B1E1D46ECD1FFF760B900BFAFF30080F1
:106B0C0000000000000059407B14AE47E17A843F3E
:106B1C00303E0020000000006666304238780020CD
:106B2C00E0720020DC720020D862002000FEFF46DC
:106B3C0080760020D8720020D4720020E0730020F0
:106B4C00103E002007EE901AE14BE24AB8EEE75BEC
:106B5C0053F8041B9FEDDA6B85EE067BB7EEC77B13
:106B6C00B5EEC07AF1EE10FA02F10486DFEDDA6AC6
:106B7C00B4EEE67AF1EE10FA76FE877AFEEECA7A79
:106B8C009A42C1ED087A3FF418A953F8041BEFE7B9
:106B9C0007EE901A9FEDCA5BB8EEE74B9FEDCA7BF0
:106BAC0084EE056B36EE077BB7EEC77BB5EEC07A8D
:106BBC00F1EE10FA02F19A85F7EE007AB4EEE77A6C
:106BCC00F1EE10FA77FE877AB0EE677ABEEEC87AED
:106BDC0017EE103AB7EE007BC04AFFEE005A536234
:106BEC0037EE467BB7EEC77BB4EEE57AF1EE10FAE2
:106BFC0002F17985F7EE007ADFEDB96AB4EEE77A47
:106C0C00F1EE10FA77FE877A67EEA67AFDEEE77A58
:106C1C0017EE903A9386FFF7D0B807EE901A9FEDD7
:106C2C00A86BB8EEE75B85EE067BB7EEC77BB5EEDF
:106C3C00C07AF1EE10FA02F1A184DFEDAA7ADFED51
:106C4C00AA6AB4EEE77AA94AF1EE10FA77FE877ACF
:106C5C0067EEA67AFCEEE77A17EE903A934242F290
:106C6C00E7869E4BDA61FFF7A8B807EE901ADFEDC6
:106C7C00A06A4FF6FF719F4AB8EEE77ADFED9E7A75
:106C8C0002F11000F4EEC77AF1EE10FA77FE877A73
:106C9C0067EEA67AFCEEE77A17EE903A0733DB083C
:106CAC00994228BF1946002B14BF0B46012352F8FA
:106CBC00041B9042CB85FAD1FFF77FB807EE901AF0
:106CCC00DFED8B6A8B4B4FF6FF7EB8EEE77ADFED8C
:106CDC008A7AD3E900C0F4EEC77AD3E90212F1EE56
:106CEC0010FA77FE877A67EEA67AFCEEE77A17EE53
:106CFC00903A0733DB08734528BF7346ACF82C3049
:106D0C0083858B859385FFF758B807EE901ADFEDD6
:106D1C00786A4FF6FF71774AB8EEE77ADFED767A4C
:106D2C0002F11000F4EEC77AF1EE10FA77FE877AD2
:106D3C0067EEA67AFCEEE77A17EE903A0733DB089B
:106D4C00994228BF1946002B14BF0B46012352F859
:106D5C00041B90428B86FAD1FFF72FB807EE901ADE
:106D6C00644B664AB8EEE75B53F8041B9FED546B1B
:106D7C0085EE067BB7EEC77BB5EEC07AF1EE10FA66
:106D8C0002F10A85F7EE006AB4EEE67AF1EE10FA3B
:106D9C0076FE877AFEEEC17A9A42C1ED0C7A3FF408
:106DAC000CA853F8041BEFE707EE901ADFED506ABE
:106DBC004FF6FF714F4AB8EEE77ADFED4F7A02F1EA
:106DCC001000F4EEC77AF1EE10FA77FE877A67EED0
:106DDC00A67AFCEEE77A17EE903A0733DB08994275
:106DEC0028BF1946002B14BF0B46012352F8041B75
:106DFC0090424B85FAD1FEF7E0BF07EE901ADFED1B
:106E0C00406A334BB8EEE74B324A53F8041B9FED04
:106E1C002C5B84EE057BB7EEC77BB4EEE67AF1EE25
:106E2C0010FA02F19382F1EE046AF7EE005AB4EE16
:106E3C00E67AF1EE10FA36FE876AC5EE867A9A4249
:106E4C00FEEEC17AC1ED097A3EF4B7AF53F8041BDC
:106E5C00EDE707EE901A2B4BB8EEE75B9FED186B46
:106E6C0085EE067BB7EEC77B83ED007A03B0BDE8F9
:106E7C00F040FDF7A7BB07EE901ADFED1D6A4FF649
:106E8C00FF71214AB8EEE77ADFED1B7AF4EEC77A90
:106E9C00F1EE10FA77FE877A67EEA67AFCEEE77AC7
:106EAC0017EE903A0733DB08994228BF19469186B2
:106EBC00002B7EF482AF01239386FEF77EBF00BFCA
:106ECC0000000000000059407B14AE47E17A843F7B
:106EDC0054480020644800202EFFDF40E07300205F
:106EEC0000FEFF460044AC46C637BE470000FE7F9E
:106EFC0066663042103E002000000000203E00205C
:106F0C003333333F7071002018AB002007EE901A1A
:106F1C009FED876BB8EEE75B85EE067BB7EEC77B24
:106F2C00B5EEC07AF1EE10FA02F1E383F7EE007AD7
:106F3C00B4EEE77AF1EE10FA77FE877AB0EE677A64
:106F4C00BEEEC17A17EE103A7B4A1363FEF735BFDB
:106F5C0007EE901ADFED796AB8EEE77ADFED787A12
:106F6C00F4EEC77AF1EE10FA77FE877A67EEA67A1E
:106F7C00FCEEE77A17EE903A0733DB0802F0FC815F
:106F8C004FF6FF716C4A8B4228BF0B46D385FEF738
:106F9C0014BF07EE901A6B4B6B4AB8EEE75B53F8D5
:106FAC00041B9FED636B85EE067BB7EEC77BB5EEDE
:106FBC00C07AF1EE10FA02F10D84F7EE006A01E0EE
:106FCC0053F8041BB4EEE67AF1EE10FA76FE877AEB
:106FDC00FEEEC87A9A42C1ED097AF1D1FEF7EDBE08
:106FEC005A4B5B485B4A197000235B4C057816784A
:106FFC003246D8B229460193FEF7FAFA019B224693
:10700C00013302F8010F1446072BF1D1534C002326
:10701C000193234653F8040B1C4607F0DDFC019B3F
:10702C00002842F0CB800133042BF1D1FEF7C5BE12
:10703C000B290B464A4DA8BF0B234A4C23EAE37697
:10704C002B4653F8040B1D46A3570B2BA3F1090237
:10705C0080F8383202F0BA800C2B02F00081012A41
:10706C0042F2F680404BAB42EAD1FEF7A6BE07EEE9
:10707C00901ADFED326A4FF6FF713C4BB8EEE77AAF
:10708C00DFED2F7A03F13000F4EEC77AF1EE10FA4F
:10709C0077FE877A67EEA67AFCEEE77A17EE902AEF
:1070AC000732D2088A4228BF0A4653F8041B98427A
:1070BC008A85FAD1FEF781BE07EE901ADFED2C6AB5
:1070CC002C4BB8EEE74B2C4953F8040B9FED185B97
:1070DC0084EE057BB7EEC77BB4EEE67AF1EE10FAE0
:1070EC0002F17881F1EE046AF7EE005A01E053F8F0
:1070FC00040BB4EEE67AF1EE10FA36FE876AC5EEB2
:10710C00867A9942FEEEC17AC0ED097AEFD1FEF78C
:10711C0054BE07EE901A194BB8EEE75B9FED046B6B
:10712C0085EE067BB7EEC77B83ED007AFEF745BE96
:10713C00000000000000594018AB00206666304289
:10714C000000000018620020486200208D4C0120D5
:10715C00A84C0120A74C0120CF790020003E002034
:10716C0008480020D86200201848002070400020F9
:10717C003333333FDC6100200C62002014CE00203E
:10718C0000FEFF4607EE901A5FED036AB8EEE74B80
:10719C009FEDD35B84EE057BB7EEC77BB4EEE67A4E
:1071AC00F1EE10FA02F3CF80DFEDCF7AF4EEC77A6E
:1071BC00F1EE10FA77FE877AB0EE677ABEEEC87AF7
:1071CC0017EE103A07EE901AC84AC949B7EE006A92
:1071DC00F8EEE76A92ED005AB7EE007B91ED004AAB
:1071EC00C44926EE855AB7EEC44A8B619FEDBC2B81
:1071FC00B7EEC55A85EE023B37EE437B27EE047B98
:10720C00B7EEC77BB4EEC67AF1EE10FA42F33E82CB
:10721C00B94972B6B948D0F81CC001628C4502F06D
:10722C00B4838CFAA1F3EFF3008E1EF0006FDFF83D
:10723C00D4E202F08F838EFB0154CB17C3EBE42313
:10724C008EFB0CE44FEAEC7ECEEBE42EA3EB0E03AC
:10725C0023B98C45ACBF4FF0FF33012301214362AE
:10726C00017662B6D2ED007AB7EE005BB7EE006A3B
:10727C0026EEA77A9FED9A3BB7EEC77A87EE034BC3
:10728C0035EE447BB7EEC77BB4EEC67AF1EE10FA5E
:10729C0042F31782984B72B69949C8690B629842AF
:1072AC0002F0788380FAA3F2EFF3008C1CF0006FED
:1072BC0002F03783934A82FB03CE82FB002CDA1751
:1072CC00C2EBEE224FEAE07ECEEBEC2CA2EB0C02F2
:1072DC0022B99842ACBF4FF0FF32012201234A621F
:1072EC000B7662B6FEF769BD07EE901ADFED906A79
:1072FC00B8EEE74B9FED7A5B84EE057BB7EEC77B70
:10730C00B4EEE67AF1EE10FA02F3B680DFED767A9F
:10731C00F4EEC77AF1EE10FA77FE877AB0EE677A60
:10732C00BEEEC87A17EE103A774AD361FEF745BD28
:10733C0007EE901ADFED7E6AB8EEE74B9FED685BC7
:10734C0084EE057BB7EEC77BB4EEE67AF1EE10FA6D
:10735C0002F39880DFED647AF4EEC77AF1EE10FA5E
:10736C0077FE877AB0EE677ABEEEC87A17EE103ADF
:10737C00664A1362FEF721BD07EE901ADFED646AD0
:10738C00B8EEE74B9FED565B84EE057BB7EEC77B03
:10739C00B4EEE67AF1EE10FA02F17180F1EE047AB5
:1073AC00F7EE006AB4EEE77AF1EE10FA37FE877A60
:1073BC00C6EE877AB0EE677ABEEEC17A17EE103A57
:1073CC00544A5362FEF7F9BC07EE901ADFED586A87
:1073DC00B8EEE74B9FED425B84EE057BB7EEC77BC7
:1073EC00B4EEE67AF1EE10FA02F34F80DFED3E7A5E
:1073FC00F4EEC77AF1EE10FA77FE877AB0EE677A80
:10740C00BEEEC87A17EE103A404AD361FEF7D5BCEF
:10741C0007EE901AB8EEE77AF3EE047AB4EEE77A58
:10742C00F1EE10FA02F12180DFED3B7ADFED3B6AE1
:10743C00B4EEE77AF1EE10FA77FE877A27EEA60A19
:10744C00F0EE407AFEEEE07ACDED017A16F0B4FC67
:10745C00F0EE407A019BFEEEE07A17EE901A2D4A80
:10746C00C2E90631FEF7A9BC00392D4B18BF01212A
:10747C001970FEF7A2BC4FF47A732A4A01FB03F38E
:10748C001360FEF79ABC4FF47A73274A01FB03F39F
:10749C001360FEF792BC07EE901ADFED256AB8EE8A
:1074AC00E74B9FED0F5B84EE057BB7EEC77BB4EE2D
:1074BC00E67AF1EE10FA01F3A287DFED0B7AF4EE27
:1074CC00C77AF1EE10FA77FE877AB0EE677ABEEEE5
:1074DC00C87A17EE103A154A5362FEF76EBC00BF1D
:1074EC00000000000000594000FEFFC6B061002003
:1074FC00A861002088CC00200000FF7F38D100203C
:10750C0008D00020E5DBE27624D50020D8CD002081
:10751C003333333FF06B002000D089469365153828
:10752C0004630020AC6100200C610020E472002098
:10753C0000FEFF4607EE901A5FED036AB8EEE74BCC
:10754C009FEDDD5B84EE057BB7EEC77BB4EEE67A90
:10755C00F1EE10FA01F31887DFEDD97AF4EEC77A61
:10756C00F1EE10FA77FE877AB0EE677ABEEEC87A43
:10757C0017EE103AD34A1362FEF71FBC07EE901AAF
:10758C00DFEDD16AB8EEE74B9FEDCB5B84EE057B6C
:10759C00B7EEC77BB4EEE67AF1EE10FA01F3098789
:1075AC00DFEDC77AF4EEC77AF1EE10FA77FE877A40
:1075BC00B0EE677ABEEEC87A17EE103AC14AD361C4
:1075CC00FEF7FBBB07EE901ADFEDBF6ABF4BB8EEC0
:1075DC00E74BBF4A53F8041B9FEDB75B84EE057B6A
:1075EC00B7EEC77BB4EEE67AF1EE10FA01F3CF8674
:1075FC00DFEDB36AF4EEC76AF1EE10FA76FE877A25
:10760C00FEEEC87A9A42C1ED097A3EF4D6AB53F835
:10761C00041BEFE707EE901ADFEDAB6AB8EEE74B11
:10762C009FEDA55B84EE057BB7EEC77BB4EEE67AE7
:10763C00F1EE10FA01F3C086DFEDA17AF4EEC77A11
:10764C00F1EE10FA77FE877AB0EE677ABEEEC87A62
:10765C0017EE103A9B4A9361FEF7AFBB07EE901AF8
:10766C009C4BB8EEE75B9FED946B85EE067BB7EE1B
:10767C00C77B83ED007AFEF7A0BB07EE901A964B02
:10768C00964AB8EEE75B53F8041B9FED8B6B85EEC7
:10769C00067BB7EEC77BB5EEC07AF1EE10FA02F1BD
:1076AC00BD80F7EE006AB4EEE67AF1EE10FA76FEE3
:1076BC00877AFEEEC17A9A42C1ED0C7A3EF47DAB2C
:1076CC0053F8041BEFE707EE901ADFED856A4FF6CF
:1076DC00FF71814AB8EEE77ADFED827A02F1100091
:1076EC00F4EEC77AF1EE10FA77FE877A67EEA67A97
:1076FC00FCEEE77A17EE903A0733DB08994228BF85
:10770C001946002B14BF0B46012352F8041B82426E
:10771C00CB85FAD1FEF751BB07EE901A9FED666B45
:10772C00B8EEE75B85EE067BB7EEC77BB5EEC07AAD
:10773C00F1EE10FA01F1E687DFED6B7ADFED6B6AA3
:10774C00B4EEE77A6A4AF1EE10FA77FE877A67EEC2
:10775C00A67AFCEEE77A17EE903A934242F27281E7
:10776C00644BDA61FEF729BB0B29634B6148A8BF58
:10777C000B21FFF762B907EE901A604B604AB8EE26
:10778C00E75B53F8041B9FED4C6B85EE067BB7EE65
:10779C00C77BB5EEC07AF1EE10FA02F15D80DFED39
:1077AC00596A01E053F8041BB4EEE67AF1EE10FAD4
:1077BC0076FE877AFEEECA7A9A42C1ED087AF1D14A
:1077CC00FEF7FBBA07EE901ADFED456A4FF6FF7332
:1077DC004D4AB8EEE77ADFED437A4FF0010E02F135
:1077EC00300CF4EEC77AF1EE10FA77FE877A67EE7A
:1077FC00A67AFCEEE77A17EE901A0731C90899427F
:10780C0028BF194652F8043B988ED98608B9A3F8BC
:10781C0034E09445F6D1FEF7D0BA0B29364B3B48F1
:10782C00A8BF0B21FFF709B907EE901ADFED266A06
:10783C00B8EEE74B9FED205B84EE057BB7EEC77B84
:10784C00B4EEE67AF1EE10FA01F3DC85DFED1C7A8A
:10785C00F4EEC77AF1EE10FA77FE877AB0EE677A1B
:10786C00BEEEC87A17EE103A294A1362FEF7A5BA93
:10787C0007EE901ADFED146AB8EEE74B9FED0E5B46
:10788C0084EE057BB7EEC77BB4EEE67AF1EE10FA28
:10789C0001F3BB85DFED0A7AF4EEC77AF1EE10FA4C
:1078AC0077FE877AB0EE677ABEEEC87A17EE103A9A
:1078BC00174AD361FEF781BA00000000000059405E
:1078CC0000FEFFC6E472002000FEFF466448002064
:1078DC0074480020A4610020003E0020103E0020CF
:1078EC0066663042000000000044AC46C637BE4716
:1078FC000000FE7F80D10020D8620020DC610020D7
:10790C000C6200202EFFDF407040002018CE0020BB
:10791C00A8CF002000FEFF4607EE901A5FED036A29
:10792C00B8EEE74B9FEDC45B84EE057BB7EEC77BEF
:10793C00B4EEE67AF1EE10FA01F34485DFEDC07A8D
:10794C00F4EEC77AF1EE10FA77FE877AB0EE677A2A
:10795C00BEEEC87A17EE103ABA4A9361FEF72DBA0A
:10796C0007EE901ADFEDB86AB8EEE74B9FEDB25B0D
:10797C0084EE057BB7EEC77BB4EEE67AF1EE10FA37
:10798C0001F11D85F1EE047AF7EE006AB4EEE77AA8
:10799C00F1EE10FA37FE877AC6EE877AB0EE677A88
:1079AC00BEEEC17A17EE103AA84A5362FEF705BA3A
:1079BC0007EE901AA64BA74A5520B8EEE75BB3F931
:1079CC00AA1016469FED9C6B85EE067BB7EEC77B27
:1079DC0082ED007AFEF7BCF89D4BB3F9701107EEFF
:1079EC00901ADFED9D6AB8EEE74B9FED935B84EE4A
:1079FC00057BB7EEC77BB4EEE67AF1EE10FA01F335
:107A0C00C084DFED8F7AF4EEC77AF1EE10FA77FED0
:107A1C00877AB0EE677ABEEEC87A17EE103A07EEA8
:107A2C00901A8E4AB7EE006A8D49F8EEE76A92ED2D
:107A3C00005AB7EE007BCB6126EE855A9FED7E3B5C
:107A4C00B7EEC55A85EE034B37EE447BB7EEC77BDA
:107A5C00B4EEC67AF1EE10FA41F3F085814972B6B4
:107A6C008148D0F81CC001628C4501F089878CFAE2
:107A7C00A1F3EFF3008E1EF0006FDFF8F4E101F0DC
:107A8C0062878EFB0154CB17C3EBE4238EFB0CE413
:107A9C004FEAEC7ECEEBE42EA3EB0E0323B98C4520
:107AAC00ACBF4FF0FF33012301214362017662B674
:107ABC0092ED006AB7EE007B96ED005AF7EE004AA5
:107ACC0066EE866AB7EEC55A9FED5B2BB7EEE66A9B
:107ADC0086EE023B37EE437B27EE057BB7EEC77B8A
:107AEC00B4EEE47AF1EE10FA41F350855D4B72B6C8
:107AFC005E49C8690B62984201F03D8780FAA3F297
:107B0C00EFF3008C1CF0006F01F0F986584A82FBF1
:107B1C0003CE82FB002CDA17C2EBEE224FEAE07E9A
:107B2C00CEEBEC2CA2EB0C0222B99842ACBF4FF07E
:107B3C00FF32012201234A620B7662B6FEF73DB991
:107B4C0005294C4B4C4AA8BF05211D78147821EA15
:107B5C00E1764A4B4A4A214601931670474A981AD5
:107B6C002A46C0B2FDF744FD019B464A03F8010BBF
:107B7C009342EFD1FEF721B9434B1970FEF71DB9B3
:107B8C0007EE901ADFED446A4FF6FF73DFF800E161
:107B9C00B8EEE77ADFED3D7ADFF8F8C05EF8042B3B
:107BAC00F4EEC77AF1EE10FA77FE877A67EEA67AD2
:107BBC00FCEEE77A17EE901A0731C9088B4228BF02
:107BCC000B46002908BF012341F0C58201207146F4
:107BDC00D085908651F8042B6145D08593863EF470
:107BEC00ECA8DEF804200EF1080EF0E707EE901A70
:107BFC00DFED296A4FF6FF71254BB8EEE77ADFED22
:107C0C00237A03F13000F4EEC77AF1EE10FA77FE26
:107C1C00877A67EEA67AFCEEE77A17EE902A07329F
:107C2C00D2088A4228BF0A4653F8041B83428A852D
:107C3C00FAD1FEF7C2B800BF0000000000005940A6
:107C4C0000FEFFC6A8CF00203333333F306C00203A
:107C5C00403E0020A861002000FEFF46B0610020DD
:107C6C0088CC00200000FF7F38760020987500201B
:107C7C00E5DBE276A74C0120A84C0120D07900204E
:107C8C008F4C0120D7790020AC4C01200000000063
:107C9C00A0400020D04000206666304207EE901ACB
:107CAC005FED036A4FF6FF71D14BB8EEE77ADFED6B
:107CBC00D17A03F13000F4EEC77AF1EE10FA77FEC8
:107CCC00877A67EEA67AFCEEE77A17EE902A0732EF
:107CDC00D208914228BF1146002A08BF012153F84F
:107CEC00042B98425185FAD1FEF767B807EE901A2B
:107CFC00DFEDC16A4FF6FF71C04BB8EEE77ADFEDEE
:107D0C00BD7A03F13000F4EEC77AF1EE10FA77FE8B
:107D1C00877A67EEA67AFCEEE77A17EE902A07329E
:107D2C00D208914228BF1146002A08BF012153F8FE
:107D3C00042B9842D185FAD1FEF73FB807EE901A82
:107D4C00DFEDAD6A4FF6FF71AC4BB8EEE77ADFEDC5
:107D5C00A97A03F13000F4EEC77AF1EE10FA77FE4F
:107D6C00877A67EEA67AFCEEE77A17EE902A07324E
:107D7C00D2088A4228BF0A4653F8041B83428A85DC
:107D8C00FAD1FEF71AB807EE901ADFED9B6A4FF6A0
:107D9C00FF719A4BB8EEE77ADFED967A03F130007B
:107DAC00F4EEC77AF1EE10FA77FE877A67EEA67AD0
:107DBC00FCEEE77A17EE902A0732D208914228BFE0
:107DCC001146002A08BF012153F8042B9842518513
:107DDC00FAD1FDF7F2BF0B290B46894DA8BF0B2337
:107DEC00884C23EAE37609E00C2B01F0CA81012AC6
:107DFC0041F2C081844A95423DF4DFAF2B4653F8E3
:107E0C00040B1D46A3570B2BA3F1090280F8383243
:107E1C00EAD1416A00F50F7008F086FBEAE707EE3D
:107E2C00901ADFED756AB8EEE77ADFED727AF4EE50
:107E3C00C77AF1EE10FA77FE877A67EEA67AFCEE37
:107E4C00E77A17EE903A0733DB0801F021834FF6FF
:107E5C00FF716E4A8B4228BF0B465385FDF7ADBFB1
:107E6C0007EE901A9FED5E5BB8EEE74B9FED5E6BF5
:107E7C0084EE057B37EE067BB7EEC77BB5EEC07A9A
:107E8C00F1EE10FA01F15483F7EE007AB4EEE77AD2
:107E9C00F1EE10FA77FE877AB0EE677ABEEEC87A0A
:107EAC0017EE103A5A4A5362FDF787BF594B1960C7
:107EBC00FDF783BF07EE901A574B5848B8EEE75BB7
:107ECC0053F8042B9FED466B85EE067BB7EEC77B14
:107EDC00B5EEC07AF1EE10FA01F1AF84F7EE006A5C
:107EEC0001E053F8042BB4EEE67AF1EE10FA76FECC
:107EFC00877AFEEEC17A9842C2ED0C7AF1D1FDF789
:107F0C005CBF07EE901ADFED3C6A4FF6FF71424BF7
:107F1C00B8EEE77ADFED377A03F13000F4EEC77A8A
:107F2C00F1EE10FA77FE877A67EEA67AFCEEE77A26
:107F3C0017EE902A0732D208914228BF1146002A28
:107F4C0008BF012153F8042B8342D185FAD1FDF7E8
:107F5C0034BF07EE901ADFED286A4FF6FF712E4BF7
:107F6C00B8EEE77ADFED237A03F13000F4EEC77A4E
:107F7C00F1EE10FA77FE877A67EEA67AFCEEE77AD6
:107F8C0017EE902A0732D208914228BF1146002AD8
:107F9C0008BF012153F8042B98429186FAD1FDF7C2
:107FAC000CBF07EE901ADFED146A4FF6FF71174AFB
:107FBC00B8EEE77ADFED0F7AF4EEC77AF1EE10FA4D
:107FCC0077FE877A67EEA67AFCEEE77A17EE903AA0
:107FDC000733DB088B4228BF0B469385FDF7EDBEBC
:107FEC0000000000000059407B14AE47E17A843F4A
:107FFC00A040002000000000666630424040002097
:10800C0048620020D86200207862002018AB002063
:10801C0038D3002010CE002070400020A04000205B
:10802C0007EE901A9FEDD06BB8EEE75B85EE067B02
:10803C00B7EEC77BB5EEC07AF1EE10FA01F17B8298
:10804C00DFEDCB7ADFEDCB6AB4EEE77ACA4AF1EE1C
:10805C0010FA77FE877A67EEA67AFCEEE77A17EECF
:10806C00903A934241F2E984C44BDA61FDF7A5BE24
:10807C000B29C34BC148A8BF0B21FEF7DEBC07EE92
:10808C00901AC04BC04AB8EEE75B53F8041B9FED47
:10809C00B66B85EE067BB7EEC77BB5EEC07AF1EE1C
:1080AC0010FA01F13483F7EE006A01E053F8041B77
:1080BC00B4EEE67AF1EE10FA76FE877AFEEEC87A26
:1080CC009A42C1ED0B7AF1D1FDF777BE0629AF4884
:1080DC00AF4AA8BF0621AF4B057821EAE171AE4843
:1080EC0012781E780F46AD4B0170002A41F0E383E5
:1080FC001446104602E0A849D0B20F703246294609
:10810C000193FDF7ABFB621C019B0C2A1870144603
:10811C0003F10103EFD1FDF750BE07EE901ADFED2E
:10812C00AD6A4FF6FF719E4BB8EEE77ADFED9D7AA4
:10813C0003F13000F4EEC77AF1EE10FA77FE877A8D
:10814C0067EEA67AFCEEE77A17EE902A0732D20891
:10815C00914228BF1146002A08BF012153F8042B75
:10816C0098425185FAD1FDF728BE8F4B1970FDF757
:10817C0024BE8E4B8548874A197000238C4C057899
:10818C0016783246D8B229460193FDF731FA019B95
:10819C002246013302F8010F1446072BF1D1854C0E
:1081AC0000230193234653F8040B1C4606F014FCE1
:1081BC00019B002840F0FA870133042BF1D1FDF725
:1081CC00FCBD07EE901ADFED836A4FF6FF717A4B18
:1081DC00B8EEE77ADFED737A03F13000F4EEC77A8C
:1081EC00F1EE10FA77FE877A67EEA67AFCEEE77A64
:1081FC0017EE902A0732D208914228BF1146002A66
:10820C0008BF012153F8042B83429186FAD1FDF764
:10821C00D4BD07EE901ADFED6F6A4FF6FF73664A16
:10822C00B8EEE77ADFED5F7A4FF0010E02F1300C19
:10823C00F4EEC77AF1EE10FA77FE877A67EEA67A3B
:10824C00FCEEE77A17EE901A0731C908994228BF5D
:10825C00194652F8043B988ED98608B9A3F834E035
:10826C006245F6D1FDF7A9BD07EE901A524B534863
:10827C00B8EEE75B53F8042B9FED3B6B85EE067B6A
:10828C00B7EEC77BB5EEC07AF1EE10FA01F193822E
:10829C00F7EE006A01E053F8042BB4EEE67AF1EE47
:1082AC0010FA76FE877AFEEEC17A9842C2ED0C7A0D
:1082BC00F1D1FDF782BD07EE901A4148B8EEE70AFE
:1082CC0003B0BDE8F0400DF02FBD07EE901A9FED06
:1082DC00357A9FED406AF8EEE76A3A4AF6EE007A94
:1082EC003949B4EEE67A087EF1EE10FA37FE267ABA
:1082FC00E7EE067AFCEEE77A17EE903A934228BF47
:10830C001346C60703F17F024FEAD21202F10102B3
:10831C0001F18880B1F81EC040F001000B6262458B
:10832C00087688BFCA83FDF748BD07EE901AF2EEB7
:10833C00086A144BB8EEE74B134853F8042B9FED27
:10834C000A5B84EE057BB7EEC77BB4EEE67AF1EE02
:10835C0010FA01F37280DFED1D6A00219FED1C6A9B
:10836C003CE000BFAFF3008000000000000059406B
:10837C000044AC46C637BE470000FE7F38D3002011
:10838C00D86200204862002078620020A84C0120AE
:10839C00914C0120A74C0120974C0120D87900204A
:1083AC007040002000000000874C0120904C012000
:1083BC00CF790020003E002040400020704000207B
:1083CC008872002000B10200B48F0020CDCCCC3DCF
:1083DC00000080456666304253F8042BF4EEC76A01
:1083EC0082F83912F1EE10FA76FE877A67EE867A09
:1083FC009842FCEEE77AC2ED0A7AEDD1FDF7DDBCCE
:10840C0007EE901A5FED0D6A4FF6FF70D04AB8EE8A
:10841C00E77ADFEDD07A918EF4EEC77AF1EE10FAAE
:10842C0077FE877A67EEA67AFCEEE77A17EE903A3B
:10843C000733DB08834228BF0346D38600297DF42B
:10844C00BCAC01239386FDF7B8BC07EE901ADFEDA8
:10845C00C26AB8EEE77ADFEDBF7AF4EEC77AF1EED6
:10846C0010FA77FE877A67EEA67AFCEEE77A17EEBB
:10847C00903A0733DB0800F0D0874FF6FF71B44A0F
:10848C008B4228BF0B46D385FDF797BC07EE901A9D
:10849C00DFEDB16A4FF6FF71AD4AB8EEE77ADFED6A
:1084AC00AD7AF4EEC77AF1EE10FA77FE877A67EEC2
:1084BC00A67AFCEEE77A17EE903A0733DB088B428C
:1084CC0028BF0B469385FDF778BC07EE901AB7EEE4
:1084DC00005BF7EE006AB8EEE73B9FED9B4B83EE3B
:1084EC00047B37EE457BB7EEC77BB4EEE67AF1EE54
:1084FC0010FA41F32580994B72B6994A0021D36149
:10850C00117662B6FDF759BC07EE901ADFED926A50
:10851C004FF6FF70934AB8EEE77ADFED8E7A918EC4
:10852C00F4EEC77AF1EE10FA77FE877A67EEA67A48
:10853C00FCEEE77A17EE903A0733DB08834228BF4C
:10854C000346D38600293EF4B6ACFDF736BC07EEE5
:10855C00901ADFED816AB8EEE77ADFED7E7AF4EE01
:10856C00C77AF1EE10FA77FE877A67EEA67AFCEE00
:10857C00E77A17EE903A0733DB0800F049874FF69D
:10858C00FF71734A8B4228BF0B465385FDF715BC10
:10859C0007EE901ADFED746AB8EEE74B9FED6A5B5D
:1085AC0084EE057BB7EEC77BB4EEE67AF1EE10FAFB
:1085BC0000F32287DFED6D7AF4EEC77AF1EE10FA54
:1085CC0077FE877AB0EE677ABEEEC87A17EE103A6D
:1085DC00674A9361FDF7F1BB0039664B18BF012167
:1085EC001970FDF7EABB07EE101ADFED5A7ADFEDD2
:1085FC005A6A4FF6FF70B8EEC77A5F4A02F1100E56
:10860C00F4EEC77AF1EE10FA77FE877A67EEA67A67
:10861C00FCEEE77A17EE903A0733DB08834228BF6B
:10862C00034652F8040BB0F834C0C386BCF1000FFB
:10863C0002D14FF0010484867245F2D14F4B196080
:10864C00FDF7BBBB07EE901ADFED436A4FF6FF71E7
:10865C00494AB8EEE77ADFED3F7A02F11000F4EE0A
:10866C00C77AF1EE10FA77FE877A67EEA67AFCEEFF
:10867C00E77A17EE903A0733DB08994228BF194680
:10868C00002B14BF0B46012352F8041B82428B862D
:10869C00FAD1FDF792BB07EE901A394BF8EEE77A58
:1086AC00C3ED007AFEF7E2BB07EE901ADFED2A6A03
:1086BC00314B4FF6FF7EB8EEE77ADFED267AD3E941
:1086CC0000C0F4EEC77AD3E90212F1EE10FA77FE8D
:1086DC00877A67EEA67AFCEEE77A17EE903A0733C4
:1086EC00DB08734528BF7346ACF82C3083858B852B
:1086FC009385FDF762BB07EE901ADFED176A4FF614
:10870C00FF711D4AB8EEE77ADFED127A02F1100024
:10871C00F4EEC77AF1EE10FA77FE877A67EEA67A56
:10872C00FCEEE77A17EE903A0733DB08994228BF44
:10873C001946002B14BF0B46012352F8041B904220
:10874C004B85FAD1FDF739BB000000000000594001
:10875C00E0AA002000000000666630420000FF7FA7
:10876C0010D3002018AB002000FEFF4600FEFFC611
:10877C0024D50020884C0120003E0020CC72002023
:10878C006C71002007EE901ACD4BCE4AB8EEE75B29
:10879C0053F8041B9FEDC66B85EE067BB7EEC77BCB
:1087AC00B5EEC07AF1EE10FA01F12680F7EE006A10
:1087BC00B4EEE67AF1EE10FA76FE877AFEEEC87A1F
:1087CC009A42C1ED0B7A3DF4F8AA53F8041BEFE77B
:1087DC0007EE901ABC4BB8EEE75B9FEDB56B85EEE0
:1087EC00067BB7EEC77B83ED007AFDF7E6BA07EEA2
:1087FC00901AB648B8EEE70A03B0BDE8F0400DF0A9
:10880C008DBAB24803B0BDE8F0400DF085BA07EE62
:10881C00901AAF48B8EEE70A52E5AD4803B0BDE890
:10882C00F0400DF07FBA07EE901AA848B8EEE70AB0
:10883C0046E5A648F2E7A74AF7EE000A07EE901ABB
:10884C00A54B92ED001AB8EEE70A30EEC11A83ED93
:10885C00000A03B0BDE8F040FBF746BD9C480DF0A4
:10886C0067FA9B4803B0BDE8F0400DF041BB9B4854
:10887C000DF05EFA9948F5E707EE901AF7EE006AEC
:10888C00B8EEE74B9FED8A5B84EE057BB7EEC76BCA
:10889C00B4EEE66AF1EE10FA40F3E686904B72B64F
:1088AC009049C8690B62984201F0608080FAA3F28B
:1088BC00EFF3008C1CF0006F01F02A808A4A82FBD7
:1088CC0003CE82FB002CDA17C2EBEE224FEAE07EDD
:1088DC00CEEBEC2CA2EB0C0222B99842ACBF4FF0C1
:1088EC00FF32012201234A620B7662B69FED726B56
:1088FC007E4A27EE067BFCEEC77B17EE903A137090
:10890C00FDF75BBA07EE901AF7EE006AB8EEE74B8C
:10891C009FED675B84EE057BB7EEC76BB4EEE66A42
:10892C00F1EE10FA40F344866D4B72B67048C16993
:10893C000362994201F0158081FAA3F2EFF3008CE7
:10894C001CF0006F00F0F687674A82FB03CE82FBB7
:10895C00012CDA17C2EBEE224FEAE17ECEEBEC2CC7
:10896C00A2EB0C0222B99942ACBF4FF0FF320122AC
:10897C0001234262037662B69FED4F6B5D4A27EE90
:10898C00067BFCEEC77B17EE903A1370FDF715BA19
:10899C0007EE901ADFED586AB8EEE74B9FED445B9B
:1089AC0084EE057BB7EEC77BB4EEE67AF1EE10FAF7
:1089BC0000F35F85DFED517AF4EEC77AF1EE10FA31
:1089CC0077FE877AB0EE677ABEEEC87A17EE103A69
:1089DC004B4A9361FDF7F1B907EE901A9FED346B9A
:1089EC00B8EEE75B85EE067BB7EEC77BB5EEC07ADB
:1089FC00F1EE10FA00F1B685DFED427AB4EEE77ACB
:108A0C00F1EE10FA77FE877AB0EE677ABEEECA7A8C
:108A1C0017EE103A3C4A1362FDF7CFB907EE901AE5
:108A2C009FED236BB8EEE75B85EE067BB7EEC77B5D
:108A3C00B5EEC07AF1EE10FA00F19785F7EE007AF8
:108A4C00B4EEE77AF1EE10FA77FE877AB0EE677A39
:108A5C00BEEEC87A17EE103A2C4A5362FDF7ADB948
:108A6C0007EE901A9FED126BB8EEE75B85EE067B76
:108A7C00B7EEC77BB5EEC07AF1EE10FA00F11C86AA
:108A8C00DFED237ADFED236AB4EEE77A224AF1EECA
:108A9C0010FA77FE877A67EEA67AFCEEE77A17EE85
:108AAC00903A934240F2B087184BDA61FDF785B9E2
:108ABC0000000000000059400000000000C05F40B2
:108ACC00F8470020084800209C6100204CB800208A
:108ADC0084B1002078B20020307100208872002010
:108AEC000000FF7F70750020E5DBE276EB62002072
:108AFC00E0CF0020F562002000FEFF4600FEFFC61E
:108B0C00B8CD00202EFFDF40306C002018CE0020A6
:108B1C000044AC46C637BE470000FE7F07EE901AF5
:108B2C009FEDCF6BB8EEE75B85EE067BB7EEC77BB0
:108B3C00F7EE007AB5EEC07AF1EE10FA07D4B4EE87
:108B4C00E77AF1EE10FA37FE877A77EEC77A72B6CB
:108B5C00C54BC3ED1B7A62B6FDF72FB907EE901A21
:108B6C009FEDBF6BB8EEE75B85EE067BB7EEC77B80
:108B7C00B5EEC07AF1EE10FA00F17285F7EE007ADC
:108B8C00B4EEE77AF1EE10FA37FE877AB64BDFEDEA
:108B9C00B77AD3ED2A6A36EEE76AE6EE077A72B652
:108BAC00BDEE007AC3ED2B7AB6EE006A67EE877ADB
:108BBC0087EEA67A77EE067AC3ED097A62B6FDF7F0
:108BCC00FCB80129AA4BB8BF01211970FDF7F5B803
:108BDC00A84AA94B1268DA81FDF7EFB8A7480DF047
:108BEC00A7F8A6483EE6A64818E60B29A54BA8BF51
:108BFC000B2121EAE1711970FDF7DFB8A24B197056
:108C0C00FDF7DBB8A14AA24B1078A24C19700028D2
:108C1C0040F01D87A04BA14A1E78034615783246BA
:108C2C0029460193FCF71AFE019B621C02F8010C09
:108C3C00013314460C2BD8B2F1D1FDF7BEB8003974
:108C4C00974B18BF01211970FDF7B7B807EE901AB2
:108C5C00DFED946AB8EEE74B9FED815B84EE057B0C
:108C6C00B7EEC77BB4EEE67AF1EE10FA00F3AD8303
:108C7C00DFED8D7AF4EEC77AF1EE10FA77FE877A93
:108C8C00B0EE677ABEEEC87A17EE103A874A536296
:108C9C00FDF793B807EE901A854BF8EEE77AC3ED23
:108CAC00007AFBF739FC40F2011282498248FDF749
:108CBC0095BB07EE901A9FED6A6BB8EEE75B85EEFD
:108CCC00067BB7EEC77BB5EEC07AF1EE10FA00F179
:108CDC00EF84F7EE007A9FED796AB4EEE77AF1EE65
:108CEC0010FA77FE877A27EEA77A27EE277ADFED40
:108CFC00747AE7EE067A5C4BC3ED277AFDF75DB824
:108D0C0007EE901A9FED566BB8EEE75B85EE067B8F
:108D1C00B7EEC77BB5EEC07AF1EE10FA00F12884FD
:108D2C00F7EE007A9FED676AB4EEE77AF1EE10FA8F
:108D3C0037FE877AE7EE467AF0EE676AF1EE477A0D
:108D4C0072B6494BC3ED1C7AC3ED2C6A62B6FDF7C3
:108D5C0034B807EE901A5C4BB8EEE75B9FED406BB6
:108D6C0085EE067BB7EEC77B83ED007AFDF725B861
:108D7C0007EE901AF7EE000A544AB8EEE75B544B34
:108D8C0092ED000A9FED366B85EE067BB7EEC77B46
:108D9C0030EEC71A83ED007A5BE54E4B4E481B78DC
:108DAC004E4A0B4401701370FDF707B84C4B197009
:108DBC00FDF703B800394B4B18BF01211970FCF7B4
:108DCC00FCBF07EE901A9FED266BB8EEE75B85EEC5
:108DDC00067BB7EEC77BB5EEC07AF1EE10FA00F168
:108DEC00D283F7EE006A9FED406ADFED407AB4EE75
:108DFC00E67AF1EE10FA76FE876AE6EE867A72B6BD
:108E0C00194BC3ED0A7AC3ED137A62B6FCF7D5BFE2
:108E1C00224A0F461D48204B15780078344A1E789C
:108E2C0011701C4B002840F05885044602E0304974
:108E3C00D0B20F70324629460193FCF70FFD621C2D
:108E4C00019B0C2A1870144603F10103EFD1FCF7B7
:108E5C00B4BF284BC1F101011970FCF7AEBF00BFC4
:108E6C00000000000000594080B20020CDCC4C3EE8
:108E7C00F6620020D4620020403E00204CB8002056
:108E8C0088720020994C01208C4C0120914C0120BF
:108E9C00A64C0120D8790020A74C0120A84C012019
:108EAC00954C012000FEFF4600FEFFC6D8CD0020E9
:108EBC00E4620020A40A0120C8D400203333733F9D
:108ECC00CDCC4C3D8FC2F53DA0610020307100200F
:108EDC0078B20020FE620020AF4C01209B4C012098
:108EEC009E4C01208B4C0120B81E253F0AD7A33B7A
:108EFC00F7620020F862002000D08946936515388F
:108F0C0007EE901AB8EEE77AF3EE047AB4EEE77A4D
:108F1C00F1EE10FA00F15B825FED097A5FED096A00
:108F2C00B4EEE77AF1EE10FA77FE877A27EEA60A0E
:108F3C00F0EE407AFEEEE07ACDED017A14F03CFFD3
:108F4C00F0EE407A019BFEEEE07A17EE901ACA4AD8
:108F5C00C2E90631FCF731BF07EE901ADFEDC75AB4
:108F6C00B8EEE73BB7EE007B9FEDC14B83EE046B95
:108F7C0037EE467BB7EEC77BB4EEE57AF1EE10FA2E
:108F8C0000F3F881DFEDBE7AF4EEC77AF1EE10FA59
:108F9C0077FE877AB0EE677ABEEEC87A17EE103A93
:108FAC00B7EEC66BDFEDB57AB64AB4EEE76A9361FD
:108FBC00F1EE10FA00F3DC81DFEDB17AF4EEC67A53
:108FCC00F1EE10FA77FE867AB0EE677ABEEEC87ACA
:108FDC0017EE103AD361FCF7F0BE0B290B46AA4DE5
:108FEC00A8BF0B23A94C23EAE3762B4653F8040BBA
:108FFC001D46A3570B2BA3F1090280F8383200F061
:10900C0009810C2B00F08F81012A40F21B81A04AB0
:10901C009542EAD1FCF7D1BE07EE901A9A4B9C4AC6
:10902C00B8EEE75B53F8041B9FED916B85EE067B66
:10903C00B7EEC77BB5EEC07AF1EE10FA00F11E84E4
:10904C00F7EE006AB4EEE67AF1EE10FA76FE877A65
:10905C00FEEEC87A9A42C1ED0B7A3CF4AEAE53F8F0
:10906C00041BEFE70B290B468A4DA8BF0B23874C3B
:10907C0023EAE3760BE00C2BA3F1090300F08F80BD
:10908C00012B40F28780844A95423CF496AE2B46E5
:10909C0053F8040B1D4600230362A3570B2B438686
:1090AC00E9D1C169383007F03FFAECE701297B4B75
:1090BC00B8BF01211970FCF780BE07EE901A784BEF
:1090CC00784AB8EEE75B53F8041B9FED696B85EEAD
:1090DC00067BB7EEC77BB5EEC07AF1EE10FA00F165
:1090EC003783F7EE006AB4EEE67AF1EE10FA76FE0C
:1090FC00877AFEEEC87A9A42C1ED0B7A3CF45DAEEB
:10910C0053F8041BEFE70B290B46674DA8BF0B2345
:10911C005E4C23EAE3762B4653F8040B1D46A3570B
:10912C000B2BA3F1090280F838325DD00C2B00F028
:10913C00E080012A40F2CF805C4A9542EBD1FCF7EB
:10914C003CBE00395A4B18BF01211970FCF735BED3
:10915C00584EFEF744BC7146D385938651F8042BC8
:10916C006145D38593863CF428AEDEF804200EF1DD
:10917C00080EF0E7416A00F50F7007F035F9FEF7BD
:10918C0039BE416A4FF0004200F50F7007F088F9C4
:10919C00FEF730BEC169383007F026F973E7826AF2
:1091AC00383050F81C1C07F07BF96CE7424AD8B2F7
:1091BC00D15CFBF775FA019BFEF7FEBF3E4AD8B2B5
:1091CC00D15CFBF76DFA019BFDF72DBF416A00F5F1
:1091DC000F7007F0A9F9FDF745BFC169383003B02E
:1091EC00BDE8F04007F0A0B9416A00F50F7007F038
:1091FC009BF9A1E70B46C96903F1380007F094F914
:10920C00FDF776BC0B46C96903F1380007F08CF901
:10921C00FDF7A6BB416A00F50F7007F085F9F6E67D
:10922C00013B7DF4C1AB2549FDF7DEBBFFEE007AB7
:10923C00B4EEE76AF1EE10FA00F13283DFED207A3A
:10924C00FDF7C0BB416A00F50F7007F0CDF8DEE604
:10925C00416A00F50F7007F0C7F8FDF703BF416ACC
:10926C004FF0004200F50F7007F01AF9FDF7FABE47
:10927C000000000000005940306C002000FEFF464A
:10928C0000FEFFC6ECD40020E8470020D862002086
:10929C00F84700201862002048620020EC62002091
:1092AC000848002018480020F847002008480020F3
:1092BC00914C0120A8610020D07900200180FFFF93
:1092CC0000000000826A383050F81C1C03B0BDE866
:1092DC00F04007F0E5B8416A00F50F7007F084F82C
:1092EC002AE7C74BD96903F1380007F07DF8FDF781
:1092FC0037BB416A4FF0004200F50F7007F0D0F811
:10930C001AE7C04B9A6A03F13800D96907F0C8F81C
:10931C00FDF7EEBBBA4B9A6A03F13800D96907F036
:10932C00BFF8FDF71DBB416A4FF0004200F50F700E
:10933C0007F0B6F86BE6B34BD96903F1380007F0C8
:10934C0053F8FDF7D5BBB04BFDF73CBFDFF8C0C2FF
:10935C009A421846C1F824C03CF42FAD50F8041BB7
:10936C009042C1F824C03CF428AD59680833EFE7AB
:10937C00A54B2FE6A44B13E6A44B0122DA85FCF790
:10938C001CBDA14BFEF74BBB9F4BFEF7F3B8DFF8B0
:10939C0078C29A421846C1F824C03CF40EAD50F87D
:1093AC00041B9042C1F824C03CF407AD5968083343
:1093BC00EFE7954BFEF702B9934BFEF74BB9944B85
:1093CC00FEF7F2BA904BFEF7C7BA8F4B5EE49149A9
:1093DC00914BBCE5DFF838C299421A46C0F824C05C
:1093EC003CF4EBAC52F8040B8A42C0F824C03CF4B9
:1093FC00E4AC58680833EFE7834BFFF7E9B8824BCE
:10940C00FEF769B8804BFEF72FBA7F4BFEF750BAC8
:10941C00824B01225A85FCF7D0BC804B0122DA85A5
:10942C00FCF7CBBC0C6AA34240F2D182C88B0B6216
:10943C00824288BFCA83FCF7C0BC4FF4404E4FF049
:10944C00000C9842194682F839C2C2F828E03CF464
:10945C00B4AC51F8042B884282F839C2C2F828E027
:10946C003CF4ABAC5A680833EBE76A496A4BFDF73E
:10947C00F6BF654BFFF7ACBA634BFDF755BF644BBA
:10948C00FDF79EBF604BFDF773BF5F4BFDF7BCBF95
:10949C005E4B01225A85FCF790BC0C6AA34240F249
:1094AC007E82C88B0B62824288BFCA83FCF785BC64
:1094BC00554998429C46C2E906113CF47EAC5CF8D6
:1094CC00042B8445C2E906113CF477AC5A68083386
:1094DC00EFE74D4BFCF7DDBC4B4BFCF7FDBC4A4BAF
:1094EC00FCF71DBD484BFCF705BE494BFCF761BDB5
:1094FC004849494BFCF772BE434BFCF7B9BE424B93
:10950C00FCF730BD404BFCF7D6BE3F4BFCF792BD91
:10951C003D4BFCF775BD3C4BFCF70FBE3C4BFCF7D1
:10952C0033BE394BFCF77EBE3A493B4BFCF71ABFB6
:10953C000023FEF7B7BC3A4B0022DA61FCF73DBCC6
:10954C00FFEE007ADFED3B6AF4EEC77AF1EE10FA2B
:10955C0077FE877A67EEA67AFDEEE77A17EE903AF9
:10956C00FEF7CABF0023FFF755BA0023FFF774BA02
:10957C00F7EE006ADFED2B7AFFF7E2BB2A4B0022F5
:10958C00DA61FCF71ABCDFED297A38E4FFEE007AD9
:10959C00DFED286AF4EEC77AF1EE10FA77FE877ADF
:1095AC0067EEA67AFDEEE77A17EE903AFEF79FBAD1
:1095BC00FFEE006ADFED1F5AF4EEC66AF1EE10FA08
:1095CC0076FE866A66EEA56AFDEEE66A16EE903ABF
:1095DC00FFF7ABB9FFEE007ADFED166AF4EEC77A4F
:1095EC00F1EE10FA77FE877A67EEA67AFDEEE77A4F
:1095FC0017EE903AFDF73EB80023FDF74FB900BFC8
:10960C0038780020807600200000FF7F18AB002007
:10961C0000B76D5BDE571700DF571700E0AA00207C
:10962C0038D3002000000080E07300200AD7A33B51
:10963C000000000000FEFF4ECDCC4C3DFFEE007A4A
:10964C001FED046AF4EEC77AF1EE10FA77FE877A12
:10965C0067EE867AFDEEE77A17EE901AFEF7FFB901
:10966C001FED0D7AFFF792BAFFEE006A5FED0F5A0D
:10967C00F4EEC66AF1EE10FA76FE866A66EEA56A1C
:10968C00FDEEE66A16EE903AFFF709B9FFEE007AA6
:10969C001FED186AF4EEC77AF1EE10FA77FE877AAE
:1096AC0067EE867AFDEEE77A17EE901AFDF7B1BDFC
:1096BC005FED1F7AFFF71FBBD64B0022DA61FCF778
:1096CC007CBBFFEE007ADFEDD46AF4EEC77AF1EEE4
:1096DC0010FA77FE877A67EEA67AFDEEE77A17EE38
:1096EC00903AFDF7D8BDCD4BFDF794BA0023FDF7AA
:1096FC0071BA0023FDF728BCC84BFCF75DBB0023F7
:10970C00FCF73ABBC64B0022DA61FCF756BB4FF0B4
:10971C00000C9A421846C1F82CC03CF44EAB50F8E1
:10972C00041B9042C1F82CC03CF447AB5968083379
:10973C00EFE74FF0000C1846C1F830C050F8041B8E
:10974C009042C1F830C03CF438AB59680833F2E7AA
:10975C004FF0000C9A421846C1F82CC03CF42DABCB
:10976C0050F8041B9042C1F82CC03CF426AB59684D
:10977C000833EFE74FF0000C9A421846C1F820C0AE
:10978C003CF41BAB50F8041B8242C1F820C03CF4E3
:10979C0014AB59680833EFE74FF0000C1846C1F8CA
:1097AC0030C050F8041B9042C1F830C03CF405ABFB
:1097BC0059680833F2E74FF0000C1946C2F830C074
:1097CC0051F8042B8842C2F830C03CF4F6AA5A680F
:1097DC000833F2E74FF0000C9A421846C1F824C047
:1097EC003CF4EBAA50F8041B8242C1F824C03CF4B0
:1097FC00E4AA59680833EFE74FF0000C9A42184678
:10980C00C1F82CC03CF4D9AA50F8041B9042C1F802
:10981C002CC03CF4D2AA59680833EFE74FF0000C87
:10982C001846C1F830C050F8041B8242C1F830C051
:10983C003CF4C3AA59680833F2E74FF0000C194600
:10984C00C2F830C051F8042B8842C2F830C03CF446
:10985C00B4AA5A680833F2E74FF0000C9A42184643
:10986C00C1F820C03CF4A9AA50F8041B9042C1F8DE
:10987C0020C03CF4A2AA59680833EFE74FF0000C63
:10988C009A421846C1F82CC03CF497AA50F8041B15
:10989C008242C1F82CC03CF490AA59680833EFE717
:1098AC005A1E00F0AC80023B7FF4C2AC5B4907EE61
:1098BC00903AFDF799B80022114602F119000232D4
:1098CC00183102330C2A03F8010C03F8021C114660
:1098DC003CF473AA53480770EFE700210A4602F1E3
:1098EC0019000232183102330C2A03F8010C03F868
:1098FC00021C11463CF461AA4B480770EFE7DFF8F5
:10990C002CC18CFB02ECD217C2EBEC22FEF70CB98B
:10991C00DFF818C18CFB02ECD217C2EBEC22FEF77D
:10992C00DBBFDFF808C18CFB02ECD217C2EBEC22D8
:10993C00FDF7CEBCDFF8F4C08CFB02ECD217C2EB07
:10994C00EC22FFF70FB88EFB034EDB17C3EBEE23B5
:10995C00FEF7A4B88EFB034EDB17C3EBEE23FDF72B
:10996C0077BC0023037662B6FFF706B800230B76AC
:10997C0062B6FEF7BBBF00230B7662B6FCF71DBACE
:10998C000023037662B6FEF793B80023037662B623
:10999C00FDF768BC00230B7662B6FCF70EBA00220A
:1099AC008E4694464EF8203F40FA02F3DB0707D56B
:1099BC005EF822307F33DB0901339C4538BF9C466F
:1099CC000132082AF0D1A1F81EC0FCF7F6B900222A
:1099DC008E4694464EF8203F40FA02F3DD0707D539
:1099EC005EF822307F33DB0901339C4538BF9C463F
:1099FC000132082AF0D1A1F81EC0FCF7DEB90749E4
:109A0C0007EE902AFCF7F0BF024AC2ED077AFCF78A
:109A1C00D4B900BF18CE002000FEFF4E0180FFFF1E
:109A2C0080D10020974C0120F7620020E5DBE27624
:109A3C000F4AC2ED077AFCF7C0B90E4AC2ED077A9D
:109A4C00FCF7BBB90C4AC2ED077AFCF7B6B9002299
:109A5C00134603F119010233A01C18320C2B00F829
:109A6C00011C00F8022C04461A46F2D1FCF7A5B9E9
:109A7C00E073002038D3002080D1002082680023BE
:109A8C00B0B50D4602F1080100AF013221F007011B
:109A9C00ADEB010D69460EF053FA0B49684618F010
:109AAC001FF878B1023D002416F028FD0346064944
:109ABC00002025F8023F013418F012F810B1B4F56B
:109ACC00807FF1D1BD46B0BD402400202DE9F04F80
:109ADC00824693B0DFF844930024DFF844834FF0C0
:109AEC00010BAC4EAC4DAD4F59F8040B04F060FFBC
:109AFC0058F8040B04F05CFF56F8040B04F058FF04
:109B0C0055F8040B04F054FF07F804B00134042C8E
:109B1C00EAD1A3490023A34A0DA881F800B052F85A
:109B2C002A20A149FAF70EFA119C002C65D0236863
:109B3C0020461B6B984700284FD09C4905A800264F
:109B4C0008AD0EF0EBF80CE08DF8206023689B68F4
:109B5C009847002800F01C819DF8201005A80EF0F5
:109B6C00DFF9236820461B699847034601222946E2
:109B7C002046002BE8D105A928460EF0F5F88C49B3
:109B8C002846FFF77BFF28460EF012F90F21894873
:109B9C0011F01CFB236820465B6B9847064628B1E6
:109BAC0018F05EFA0146304611F010FB82480DF0B9
:109BBC005BFE23682046DB6A98476368013B636061
:109BCC003BB923682046DB6A9847236820465B68CC
:109BDC00984705A80EF0ECF81CE023682046DB6AD9
:109BEC0098476368013B63603BB923682046DB6A96
:109BFC009847236820465B68984722216F4811F0EC
:109C0C00E5FABAF10B0F00F2BC8008AD0121504609
:109C1C0000F00AF96A49664C91F90000694B34F975
:109C2C00100093F90030684A00EE900A674934F945
:109C3C001300F8EEE00A92F9002091F9001034F9C3
:109C4C00122000900020DFF8DC81614F614E0990FA
:109C5C009FED610A6148CDF820800B970A96CDE9FB
:109C6C00015323460CF01EF80A9B1BB10322294614
:109C7C00284698475A4B5B4993F9003091F90010EC
:109C8C0034F91320584B9FED540A93F90030CDF85A
:109C9C00208034F9133000EE903A544B93F9003095
:109CAC00F8EEE00A34F9130002930023CDE9000525
:109CBC0009934F483E4BCDE90A670BF0F3FF0A9B23
:109CCC001BB103222946284698474A4A4A4992F929
:109CDC00002091F9001034F9122034F9111000EE23
:109CEC00102A464A324B92F90020B8EEC00A44487A
:109CFC0034F91220CDF82080CDE90A67414E96F94F
:109D0C00006034F9166000EE906A3F4E96F90060E0
:109D1C00F8EEE00A34F916408DE87000002409943E
:109D2C000BF0C0FF0A9B1BB103222946284698471B
:109D3C000E2136481E4D012411F048FA1E480DF034
:109D4C0093FD2046013435F9021FFBF701FFB4F5F2
:109D5C00807FF6D12E4B1B7873B920480CF0C8F8D5
:109D6C0023480CF0C5F826480CF0C2F8294B002209
:109D7C001A7013B0BDE8F08F0021084600F07AF994
:109D8C00EBE7524624490C4808AD0DF087FD41E73E
:109D9C00FF21E3E6003E0020103E00207448002026
:109DAC00B04C01204C47002090B800208C2800209B
:109DBC00403E002044240020D840002054240020A1
:109DCC00EF620020F0620020EE620020F2620020C0
:109DDC005D010000B50400000000C842887200203C
:109DEC00F9620020FD620020FA620020FB62002074
:109DFC0084B100200363002002630020FF62002076
:109E0C004CB800200063002001630020A82400202F
:109E1C00AB4C0120944C012078240020303E0020D3
:109E2C00203E0020312600002DE9F04105468CB083
:109E3C0003200E460021DFF838820EF00BFB4FF0AA
:109E4C00E02340227C487D4C88F80050C3F88821E0
:109E5C00437954F825202BB1114608300AF01CFF29
:109E6C0054F825200123744907A8FAF76BF8002E43
:109E7C0000F091801821724811F0A8F971480DF08A
:109E8C00F3FC54F8254034B1204618F0E9F80146AB
:109E9C00204611F09BF96B486B4F0DF0E5FC6B49BC
:109EAC0001A80DF03BFF0A2298F9001007EB45279B
:109EBC0004A80DF0BDFF04A901A8BD1C0EF01CF8F0
:109ECC0007F5FF7704A80DF073FF614901A80EF0A8
:109EDC0017F80A2235F9021F04A80DF0A9FF04A9EE
:109EEC0001A80EF009F804A80DF062FF584901A86A
:109EFC000EF006F8AF42ECD101A907A80DF082FCD8
:109F0C0007A80DF0B1FC01A80DF052FF0E2151482D
:109F1C0011F05CF90B98002800F0858003685B6BEE
:109F2C009847044628B118F09BF80146204611F0DA
:109F3C004DF944480DF098FC0B9850B10368DB6A5E
:109F4C0098470B984368013B4360002B61D000237A
:109F5C000B9398F900000B2868D8FFF7B7FD4FF06A
:109F6C00E023402203200121C3F808210EF072FAED
:109F7C00394B0B98079358B14368013B43603BB98D
:109F8C000368DB6A98470B9810B103685B689847C5
:109F9C000CB0BDE8F081314C1721314804F5007547
:109FAC0011F014F927480DF05FFC34F9021F254815
:109FBC000DF04EFC23480DF057FCA542F5D123497A
:109FCC0001A80DF0ABFE0A2298F9001004A80DF0C0
:109FDC002FFF04A901A8234F0DF08EFF04A80DF04C
:109FEC00E7FE1B4901A80DF08BFF0A2237F9021F6F
:109FFC0004A80DF01DFF04A901A80DF07DFF04A815
:10A00C000DF0D6FE124901A80DF07AFFAF42ECD14B
:10A01C0072E70368DB6A98470B98002897D00368AF
:10A02C005B68984793E701460F4C7FE702460F4960
:10A03C0004480DF033FC92E790B800204C47002008
:10A04C00B8240020D8400020884800203C24002060
:10A05C0040240020EC2400207C2D00203E3E0020DB
:10A06C00D4240020423E00208C280020782400209C
:10A07C00934C012030B50D46ADF5017D042828D850
:10A08C00DFE800F0034E69802A00122104464E4896
:10A09C0011F09CF84D480DF0E7FB4D4D43F6FF7E5B
:10A0AC006B4635F9022F21462046002A05DB724506
:10A0BC00A8BF724602F07F00D111187080AA5970A7
:10A0CC0002339342EDD100224FF40071684610F038
:10A0DC005BFA0DF5017D30BD0B29FAD80E213D48F8
:10A0EC0011F074F80A222946002338480DF0E4FBDD
:10A0FC0036480DF0B9FB384B28461D70FFF7E6FCCF
:10A10C00364AF7EE000A364B92ED001A93ED000A30
:10A11C0030EEC11A0DF5017DBDE83040FAF7E4B818
:10A12C000D21304811F052F828480DF09DFB00210C
:10A13C0003200EF08FF92C481DF0FAFC0020264B62
:10A14C001870FFF7C3FC012103200DF5017DBDE85C
:10A15C0030400EF07FB91021244811F037F800235D
:10A16C000A22294619480DF0A7FB18480DF07CFB74
:10A17C000B2D20D8002128460DF5017DBDE830407F
:10A18C00FFF752BE1021194811F020F800230A22C3
:10A19C0029460E480DF090FB0C480DF065FB0E4B5C
:10A1AC000B2D1D7007D8012128460DF5017DBDE84A
:10A1BC003040FFF739BE2A460D4904480DF5017DA4
:10A1CC00BDE830400DF06ABBFC240020D8400020D4
:10A1DC003E3E002034250020934C012078B2002014
:10A1EC00307100201025002090B800202025002080
:10A1FC0078240020884B10B51B788EB0F02B44D0FF
:10A20C00FA2B2AD0FC2B61D1844B1B781BB3844BCB
:10A21C00844A1B688449854893420291049000F259
:10A22C00A88003EB430204ACD200013A102A0FD9E8
:10A23C000AA8089104A90192F9F700FA08A9019A51
:10A24C007B480DF0C3F9089B0AA8DB689847029974
:10A25C00CB68204698470EB010BD704B1B78002B76
:10A26C00F9D000237349744A0B701360FAF748FE57
:10A27C000E21724810F0AAFF71480DF0F5FA6C48E7
:10A28C000EB0BDE810400DF025BA6E4A6E4B127838
:10A29C001B7843EA0223062BDDD16C4B5978A1F1D4
:10A2AC007E02012AD7D99A78802012FB0012FF2A4D
:10A2BC00D1DC674901200870002A40F084801979AC
:10A2CC00D8780EB0BDE81040FFF7D4BEF82BC2D141
:10A2DC00524B1B78002BBED05E4A574C92ED006A55
:10A2EC008DED016A0EF08CF85B49B2EE047A5B4B93
:10A2FC00F2EE066A0A689DED016A801A554AB3FBB4
:10A30C00F0F307EE903AF8EEE77AE6EE077A87EE8E
:10A31C00A67A82ED007A0EF073F8514B4D4A93ED0C
:10A32C00006A92ED007ADFED4F7A37EE077ADFEDB7
:10A33C004E6A26EE276A22684749C6EE877A0132B2
:10A34C004A4B0860182A36492260C6EE076ABCEEF2
:10A35C00E67AF8EE476A83ED007A77EEE67AFCEE61
:10A36C00E77A17EE903AC1ED007A05D0122A86DC16
:10A37C0071E73F4B04AC6CE72A4A2B492B489342BC
:10A38C000291049044D803EB430204ACD200013A8E
:10A39C00102A0FD90AA8089104A90192F9F74EF9CD
:10A3AC0008A9019A22480DF011F9089B0AA8DB684C
:10A3BC0098470299CB6820469847FAF7A1FD0023ED
:10A3CC001D4A136047E71F212A48019210F0FEFE38
:10A3DC0001991B480DF03CFA1C4B80222648197938
:10A3EC00DB7811FB02340C2110F0F0FE14482146EE
:10A3FC000DF02EFA12480DF037FA019A1F4B214638
:10A40C00104623F812400EB0BDE81040FBF7A0BB7D
:10A41C00174B04ACCFE700BFC04C0120A44C01206B
:10A42C0040CD0020AAAAAA0A442E0020E11900005F
:10A43C00B8610020A34C012044B3002074250020F7
:10A44C00D8400020BF4C0120BE4C0120B8D60020C3
:10A45C00AB4C0120B461002074B20020A025260072
:10A46C00D0610020C0E1644CC0E1E44C7CB200201F
:10A47C002D0100004425002064250020403E0020D2
:10A48C002DE9F84FA24D40F2EE28A24CA24FDFF876
:10A49C0020932E6810F016FF2378002B00F0D0804C
:10A4AC003B78DB0740F1CC802B68D9F800209B1A55
:10A4BC000E2B40F2C5801D21984810F087FE98485D
:10A4CC000DF0D2F94FF4966196481DF02DFBFAF77A
:10A4DC0023F840F201129449944804F023FB40F213
:10A4EC0001129149924804F01DFB72B6914B002267
:10A4FC0091491A76D96162B64FF480338F4D9048EA
:10A50C004FF400488F4F4FF400498F4E8F49AB6189
:10A51C0000F10C058E4CBB610A63C6E9068950F844
:10A52C00041B54F8042B8542C1E90633C1E90833F6
:10A53C00C2E90633C2E90833F1D186484FF48033BF
:10A54C00DFF870B24FF40045DFF86CA24FF4005402
:10A55C00DFF868920022DFF868827F4F7F4EDFF8C9
:10A56C0064E2DFF864C250F8041BC1E906330B62E5
:10A57C005BF8041B8D615AF8041B81F839228C623C
:10A58C0059F8041B81F839228C6258F8041B81F8A5
:10A59C0039228C6257F8041BCD6156F8041B0A63F0
:10A5AC006F494EF8043F81424CF8043FDBD16D4BB0
:10A5BC00002003F1300153F8042B8B421063FAD1C5
:10A5CC00694B40F21E5269485A620BF0AFF9684869
:10A5DC000BF08AFA66480BF0A7FA00210A200DF05E
:10A5EC006DFF002108200DF069FF002109200DF0FE
:10A5FC0065FF00210B200DF061FF5E4B1B78002BDB
:10A60C006CD117215C4810F0E1FD45480DF02CF998
:10A61C004FF4801159481DF08FFAF8B9584A59492E
:10A62C003F480DF03BF9C82100200EF0C3F9002182
:10A63C0001200EF0BFF9002102200EF0BBF9F2E769
:10A64C002B6822789B1B32B1B3F5FA6F3FF633AF10
:10A65C0010F038FE1EE74345FAD92CE712214A4880
:10A66C0010F0B4FD2E480DF0FFF8484B93F90000A4
:10A67C000B2838D8FFF72AFA454B464C1D78002D8D
:10A68C0037D1454A2846454B17781E780135324656
:10A69C0039460134FBF7E2F80C2D04F8010CE8B252
:10A6AC00F4D10A200DF0F8FE011E3D4818BF01211F
:10A6BC000BF0F6F83A480BF01FF910B9394B0122A0
:10A6CC001A701721384810F081FD15480DF0CCF8A0
:10A6DC0001210320BDE8F84F0DF0BCBEFF210C207A
:10A6EC000EF068F98DE7024630490D480DF0D6F8AA
:10A6FC00C2E700231A4603F119010233183202345F
:10A70C000C2B04F8011C04F8022C1A46F3D1C8E7F0
:10A71C0060D50020BA4C0120B94C012084250020C2
:10A72C00D840002000002020A40A01202C73002017
:10A73C00C8D40020F8AD00200000FF7F3471002049
:10A74C000C620020D8CD0020706C0020E0AA002004
:10A75C00886200206448002044480020203E0020ED
:10A76C0074480020A0400020F87000207471002074
:10A77C00C8B10020924C0120A425002090B80020E4
:10A78C00BC250020D0250020E4250020934C01207E
:10A79C00914C0120D8790020A84C0120A74C012015
:10A7AC00C86C00209A4C0120F82500207824002049
:10A7BC0064D60020D8470020E8470020F847002046
:10A7CC00084800207CD500200C71002028482DE979
:10A7DC00F8430BF077F8012807D9264B93F9003092
:10A7EC00013302D0244B01221A70214801250BF0B1
:10A7FC0083F8224C224BDFF8A08004F1FC071E4E9C
:10A80C00187003E00C340135A7422ED020460BF013
:10A81C0059F80128F6D998F80030002BF2D14FF0F6
:10A82C0001090F21174886F8009010F0CFFC29463B
:10A83C0015480DF00DF814480DF016F80D4B93F962
:10A84C0000200132DED1691E1048114AA0FB010123
:10A85C0021FA09F119700F4B1B78002BD2D10C3453
:10A86C00013582F80090A742D0D1BDE8F88300BF33
:10A87C0080710020F3620020894C01208C71002033
:10A88C00A74C012010260020D8400020ABAAAAAA71
:10A89C00B04C0120924C0120984C01202DE9F04F36
:10A8AC004A4985B04A480024484D0BF083F9494F7A
:10A8BC00494EDFF83CA1DFF83C91DFF83C810DE01C
:10A8CC0001284CD001340C35013701360C2C0AF11F
:10A8DC00040A09F1040908F1040865D028460AF0B5
:10A8EC00F1FF0228ECD13978E0B2FAF7E9FB4FF02E
:10A8FC00E02B40233948CBF8883104F031F8384844
:10A90C0004F02EF8D8F8000004F02AF8DAF8000069
:10A91C0004F026F8D9F8000004F022F84023CBF814
:10A92C0008313178DFF8D4B0002940D12D4B039396
:10A93C00039B01202C4A1B7800939BF80030DFF816
:10A94C00C0B039789BF800C012786144C9B2F9F7ED
:10A95C00E9FB9BF800203B7813443370B2E74023AB
:10A96C004FF0E02BDAF80000CBF8883104F020F837
:10A97C00D9F8000004F01CF8D8F8000004F018F81E
:10A98C004023CBF80831317800299BD0154B00209F
:10A99C00DFF868B01B78154A00939BF800301278EA
:10A9AC00F9F7C0FB30708DE705B0BDE8F08F0D48AE
:10A9BC000E4BDFF848B01A78037803900020009310
:10A9CC009BF80030F9F7AEFBB2E700BFF4B0002003
:10A9DC00C8B10020D87900203CB2002018AB002070
:10A9EC00E0AA0020F8620020F5620020FC62002042
:10A9FC0040400020A040002070400020F662002063
:10AA0C009B4C012050B949B9002A2DD0564B1B78CC
:10AA1C00002B56D1554B564A1A607047DFF848C187
:10AA2C0081F001039CF800C00340BCF1000F0AD177
:10AA3C00F3B1002A33D14F4B1B78002B2DD04E4A4B
:10AA4C004A4B1A607047002B4ED04C4B4C49C2B944
:10AA5C00B3F89431454A013B9BB2122B28BF0B2310
:10AA6C0051F8233013607047464BFF221A70704721
:10AA7C0001281AD0C9B102BB3E4B1B789BB1424A8C
:10AA8C00DEE7B3F89A31394A013B9BB2122B28BF4F
:10AA9C000E2351F82330136070473C4AD0E7334BF8
:10AAAC003B4A1A6070473B4ACAE728B121B1B2B1A0
:10AABC002E4B394A1A60704770472C4B374A1A6034
:10AACC0070472E4B2E49B3F89831284A013B9BB264
:10AADC00122B28BF0D2351F8233013607047254BE0
:10AAEC001B78FBB12E4AABE701281DD0E1B1234BFB
:10AAFC0023495AB9B3F896311C4A013B9BB2122B2D
:10AB0C0028BF0C2351F8233013607047B3F89C31E5
:10AB1C00164A013B9BB2122B28BF0F2351F823304E
:10AB2C00136070471F4A8BE70028C5D0D1B1134B77
:10AB3C0013495AB1B3F8A0310C4A013B9BB2112B0B
:10AB4C0028BF112351F8233013607047B3F89E319E
:10AB5C00064A013B9BB2122B28BF102351F823301D
:10AB6C0013607047704700BF874C01208448002059
:10AB7C00C0610020884C012020610020403E002054
:10AB8C0080470020F36200204461002028610020EF
:10AB9C00186100204C610020444700203C610020DB
:10ABAC00A86000209C6000202DE9F0470023104C89
:10ABBC00104E04F1FC081D460F4FDFF84090DFF8F3
:10ABCC0040A0337020460C340AF096FEA7FB0523F8
:10ABDC00013548B199F9002059080120B2EB530F07
:10ABEC0002D030708AF800104445EBD1BDE8F087F4
:10ABFC008C710020A84C0120ABAAAAAAF3620020F9
:10AC0C00A94C01202DE9F0472C4C82B004F1200511
:10AC1C00204608340CF05EFDAC42F9D14FF0E02335
:10AC2C004022274D0024274EDFF8ACA0DFF8AC9073
:10AC3C00DFF8AC80C3F8882172B655F8040B224FAC
:10AC4C0003F0D0FEB0B955F8040C1F4F03F0C4FE4E
:10AC5C0008B13B5D73B162B616F8011B09BB013438
:10AC6C00042CE9D14FF0E0234022C3F8082102B0B4
:10AC7C00BDE8F0875AF8240003F09AFE59F8240036
:10AC8C0003F096FE55F8040C03F092FE58F82400DD
:10AC9C0003F08EFE01233B5562B616F8011B00290A
:10ACAC00DDD00A4A00200A4B12781B780092094A20
:10ACBC001278F9F737FA06F8010CD0E77C6100201E
:10ACCC00003E0020D0720020744800208E4C0120E1
:10ACDC00EC620020F1620020303E0020203E00207B
:10ACEC00103E00202DE9F043264F85B0264E00245F
:10ACFC00264DDFF8B890DFF8B880D9F8003057F857
:10AD0C00041BB8F800205B1A9A4207D301340136B1
:10AD1C000435042CF1D105B0BDE8F08372B6286877
:10AD2C0003F060FE1A4B30B9286803F055FEC0B131
:10AD3C00174B1A5DAAB9174A039352F8240003F073
:10AD4C0037FE154A52F8240003F032FE286803F04F
:10AD5C002FFE124A52F8240003F02AFE0122039B14
:10AD6C001A5562B631780029D0D00D4B00200D4A0F
:10AD7C001B7800930C4B12781B78F9F7D3F93070D1
:10AD8C00C4E700BF5CB90020D0720020003E002058
:10AD9C0074480020303E0020203E0020103E002051
:10ADAC008E4C0120F1620020EC62002060D5002066
:10ADBC00E86200202DE9F041214D84B000240022EE
:10ADCC0000234FF0010805F1FC071E4E0294CDE95B
:10ADDC00002328460C350AF08FFDA6FB08320443ED
:10ADEC0022F00103E4B258B103EB520304AAA8EB1E
:10ADFC00030302EB830353F8102C013243F8102C9D
:10AE0C00BD4208F10108E4D1009B022B02DC019B3E
:10AE1C00022B09DD0C49FF200C4B012208701A7023
:10AE2C0034B104B0BDE8F081029B022BF8DDF1E7F0
:10AE3C00064B1C7004B0BDE8F041FFF7E3BE00BF49
:10AE4C008C710020ABAAAAAAF3620020984C0120B6
:10AE5C0030B59D488FB00AF035FD0228034600F04E
:10AE6C008480012801D00FB030BD984B984A1B68E4
:10AE7C0012689B1AB3F5487FF5D92021954810F03C
:10AE8C00A5F995480CF0F0FC944B954C4FF000054F
:10AE9C001A780C200021257082F001021A700DF036
:10AEAC0089FD8E4B1B78002B00F0F5808D4B162105
:10AEBC008D481D7010F08AF987480CF0D5FC8B4B2F
:10AECC00FE2118681971A0B1894B8A4AC3188A48A7
:10AEDC001B11D154137851788B4228BF0B469178B3
:10AEEC00D2788B4228BF0B46934228BF134680F87A
:10AEFC007A30824B824A1B68824983489342029182
:10AF0C00049000F2DD8003EB430204ABD200013A63
:10AF1C00102A11D90AA80891194600930192F8F742
:10AF2C008DFB08A9019A71480CF050FB089A0AA8ED
:10AF3C00D26890470299009BCA6818469047734B99
:10AF4C006F4A01201B6872499342087009D803EBC1
:10AF5C004303DB00013B102B03D9644A126802B196
:10AF6C0013606C4B01221A707DE75C4A127882B137
:10AF7C005748564A054600681168091A642904D9CD
:10AF8C001168091AB1F5FA6F1CD313682B600FB056
:10AF9C0030BD0E21604810F019F94F480CF064FCDC
:10AFAC004F4A0C20137883F00103C3EB0321137079
:10AFBC000DF000FD594B93F9003001337AD0434A20
:10AFCC00434DE2E71168B1EE044B0193B1EE085B1F
:10AFDC00081A4EF660210092B1FBF0F307EE103A1E
:10AFEC004F4B15214F4893ED006AB8EEC77B1C46BA
:10AFFC00B7EEC66AA6EE047B87EE056BB7EEC66BA2
:10B00C0083ED006A10F0E2F894ED000A0199B7EEB6
:10B01C00C00A31480CF060FC2F480CF025FC424B68
:10B02C00DFED427A93ED006AD4ED006A26EE276AD2
:10B03C009FED3F7A76EEA66A3649344B91F800C004
:10B04C00C7EE267A2E48DFF8B4E0009A86EE267A10
:10B05C00BCEEC77A17EE101A83ED007AB8EE477A79
:10B06C0077EEC77AFCEEE77A17EE903ACEED007ADF
:10B07C00BCF1000F18BF0B46834286D803EB430389
:10B08C00DB00013B102B80D91849096800293FF4DB
:10B09C007CAF0B6079E716212648009310F096F8E8
:10B0AC000D480CF0E1FB11480CF014FB184A009B06
:10B0BC001370D8E6204B0121044A054D197064E742
:10B0CC001E4A04AB39E700BF48B2002060D500200F
:10B0DC0044CD002048260020D8400020A44C01205C
:10B0EC00924C0120A34C01206C260020B86100205A
:10B0FC0000BFF7BFBC44002000E400E040CD0020BE
:10B10C00AAAAAA0A442E0020E11900007CB2002051
:10B11C00A54C0120F462002020260020F3620020C0
:10B12C00B461002030260020D0610020C0E1644CC6
:10B13C00C0E1E44C84260020B04C01202D0100001D
:10B14C0000B5434883B00AF0BDFB012806D841483E
:10B15C000AF0B8FB012827D803B000BD18213E48DF
:10B16C0010F034F83D480CF07FFB3D4B197819B9C1
:10B17C003C4B1B78002B44D13B4B93F900203B49B3
:10B18C00013281FB0201D017C0EB610000EB4000E3
:10B19C00A2EB80000B28187045D8FEF797FC2D48C1
:10B1AC000AF090FB0128D7D91821314810F00EF87D
:10B1BC002A480CF059FB2A4B197811B9294B1B78EA
:10B1CC00ABB9294B1A78013A52B2511C1A7022D0E1
:10B1DC000B2A104604D803B05DF804EBFEF776BCDE
:10B1EC0024491E4803B05DF804EB0CF057BB1E4B12
:10B1FC0093F9000001930B2822D8FEF715FE019B52
:10B20C00E0E7194B93F9000001930B2811D8FEF7D6
:10B21C000BFE019BB1E70B2210461A7003B05DF8D0
:10B22C0004EBFEF753BC024612490C480CF036FBFB
:10B23C008DE702460F4909480CF030FB019B9CE757
:10B24C0002460C4905480CF029FB019BBAE700BFEC
:10B25C0048D6002084A500209C260020D840002041
:10B26C00AB4C0120944C0120934C0120ABAAAA2A90
:10B27C00B82600207824002000B52D482DED028B37
:10B28C0083B00AF01FFB012808D0022831D0294BCB
:10B29C001B782BB903B0BDEC028B00BD254B18708D
:10B2AC00254B264A93ED000A92ED008A12F084FD9C
:10B2BC00B7EEC07AF7EE000AB0EE480A9FED166BB7
:10B2CC009FED171BA7EE061BB7EEC11BF9F70CF889
:10B2DC00194B93ED007A9FED146BB7EEC77A37EEEE
:10B2EC00067BB7EEC77B83ED007A03B0BDEC028B17
:10B2FC0000BD134AF7EE000A104992ED001A002225
:10B30C000C4B30EEC11A91ED000A1A700193F8F74C
:10B31C00EBFF019BBCE700BF9A9999999999D93F8A
:10B32C00333333333333E33F7B14AE47E17A743F2B
:10B33C00C86C00209A4C01208048002030710020FD
:10B34C0078B2002030B57E4D8FB07E4C2B7823B96F
:10B35C0023782BB17C4B1B7813B17C4B1B781BB126
:10B36C00002323700FB030BD162179480FF02EFF4B
:10B37C0078480CF079FA78494FF0FD0C774801F1D8
:10B38C00200E0B68083101F804CCB3B103F1BF23D4
:10B39C0003F577031B1100F803C00378427893423E
:10B3AC0028BF13468278934228BF1346C278934233
:10B3BC0028BF13466A4A82F87A308E45E1D1694A31
:10B3CC004FF47A71684B1268029301FB02F26749E1
:10B3DC000A328A4200F2B18002EB420208A95E48AE
:10B3EC00D2000893013A0CF0F1F8089B0AA8DB682C
:10B3FC009847029BDB6804A898475D4B0293594B16
:10B40C0018684FF47A7300FB03F30193594B1A68D5
:10B41C00594B0A32186800920CF048FCDDE9002305
:10B42C0013441844514B984215D800EB4002D200FB
:10B43C00013A102A0FD9029B04A90AA8009208937A
:10B44C005B689847009A08A94C480CF0BFF8089B19
:10B45C000AA8DB689847029B04A8DB689847454B11
:10B46C001B685B0003F10A02454B02933D4B0192B2
:10B47C0018684FF47A7300FB03F300933E4B186883
:10B48C000CF014FCDDE9003213441844374B98429D
:10B49C0015D800EB4002D200013A102A0FD9029BBA
:10B4AC0004A90AA8009208935B689847009A08A917
:10B4BC0034480CF08BF8089B0AA8DB689847029B71
:10B4CC0004A8DB6898472B4B2B491A680868254B56
:10B4DC0002EB42022C491B680A3202914FF47A713A
:10B4EC00019201FB03F300930CF0E0FBDDE9003269
:10B4FC00134418441D4B984215D800EB4002D2005F
:10B50C00013A102A0FD9029B04A90AA800920893A9
:10B51C005B689847009A08A91C480CF057F8089BE0
:10B52C000AA8DB689847029B04A8DB6898470023AD
:10B53C002B70002323700FB030BD154B5BE700BFA1
:10B54C00B04C0120894C012004630020A44C012044
:10B55C00D4260020D84000207C610020BC44002070
:10B56C0000E400E0CC720020942E0020AAAAAA0AC3
:10B57C00642E00200C610020AC610020846100204E
:10B58C00742E00208C610020842E002094610020F9
:10B59C0041010000F0B5002083B00FF0D9F800286D
:10B5AC0040F0A980574B1A7822B1574AD2F884211F
:10B5BC0012065FD40B20554E0CF06EFF011E544842
:10B5CC0018BF01210AF06CF909200CF065FF011E6F
:10B5DC00504818BF01210AF063F908200CF05CFFF9
:10B5EC00011E4D4818BF01210AF05AF90A200CF02F
:10B5FC0053FF011E494818BF01210AF051F948496F
:10B60C0048480AF0D5F9FFF737FEFFF721FCFFF7A2
:10B61C0097FD3378002B6BD1434C41480AF06CF901
:10B62C000546014641480AF087FB23782946184312
:10B63C0020703F480AF080FB2378294603433D489D
:10B64C0023700AF079FB22783B4B10431B78207057
:10B65C0013B93378002B51D0384C94F90030002BAF
:10B66C000BDAFFF7B3F8FFF719F903B0BDE8F040B8
:10B67C00F8F798BD00221A709CE7314A4FF0030589
:10B68C00274E1370FFF790FA94F90000012210FB7B
:10B69C00052000EB400006EB80000AF02DF9022299
:10B6AC00074694F9000010FB052000EB400006EB68
:10B6BC0080000AF021F9019094F90000214C01302E
:10B6CC0000EB400000EB400006EB80000AF014F9A0
:10B6DC00019902463846FFF795F923782BB1FAF712
:10B6EC0009F823780BB1FAF7BBF9FFF72BFEB8E793
:10B6FC00FFF7F8FA90E7FEF77DFD53E7FFF75AFBEB
:10B70C00AAE700BFAB4C012000002E40A44C012046
:10B71C0048B2002048D6002084A50020C86C002028
:10B72C008071002074710020944C012088720020DC
:10B73C0084B100204CB80020924C0120F362002010
:10B74C00964C0120894C012000B583B0CC2101908E
:10B75C000DF0A6F8019803B000BD00BF2DE9F0472D
:10B76C00BD4884B0F8F7A2FBBC48F8F73BFBBC48DB
:10B77C00F8F76AFABB48F8F767FABB48F8F796FB94
:10B78C00BA48F8F72FFBBA48F8F7FEFAB948F8F7B9
:10B79C005BFAB948F8F758FAB848F8F755FAB848C8
:10B7AC00F8F784FBB748F8F74FFAB748F8F77EFB81
:10B7BC00B648F8F749FAB648F8F746FAB548F8F734
:10B7CC0075FBB548F8F740FAB448F8F73DFAB448B9
:10B7DC00F8F76CFBB348F8F733FBB348F8F730FBDA
:10B7EC00B248F8F72DFBB248F8F72AFBB148F8F746
:10B7FC0027FBB148F8F724FBB048F8F721FBB04819
:10B80C00F8F71EFBAF48F8F71BFBAF48F8F718FB2F
:10B81C00AE48F8F715FBAE48F8F712FBAD48F8F751
:10B82C0045FBAD48F8F7DEFAAC48F8F7DBFAAC4864
:10B83C00F8F7D8FAAB48F8F7D5FAAB48F8F7D2FADC
:10B84C00AA48F8F7CFFAAA48F8F7CCFAA948F8F7BB
:10B85C00C9FAA948F8F7C6FAA848F8F7C3FAA848ED
:10B86C00F8F7C0FAA748F8F7BDFAA748F8F78CFA2A
:10B87C00A648F8F789FAA648F8F786FAA548F8F723
:10B88C0083FAA548F8F7E0F9A448F8F7DDF9A448DD
:10B89C00F8F7DAF9A348F8F7D7F9A348F8F7D4F989
:10B8AC00A248F8F7D1F9A248F8F7CEF9A148F8F771
:10B8BC00CBF9A148F8F7C8F9A048F8F7C5F9A048A2
:10B8CC00F8F7C2F99F48F8F7BFF99F48F8F7BCF9A9
:10B8DC009E48F8F7B9F99E48F8F7B6F99D48F8F77D
:10B8EC00B3F99D48F8F7B0F99C48F8F7ADF99C48C6
:10B8FC00F8F7AAF99B48F8F7A7F99B48F8F7A4F9C9
:10B90C009A48F8F7A1F99A48F8F79EF99948F8F788
:10B91C009BF99948F8F798F99848F8F795F99848E9
:10B92C00F8F792F99748F8F78FF99748F8F78CF9E8
:10B93C009648F8F789F99648F8F786F99548F8F794
:10B94C0083F99548F8F780F99448F8F77DF994480D
:10B95C00F8F77AF99348F8F777F99348F8F7C8FAB3
:10B96C009248F8F76DFA9248F8F7C2FA9148F8F74E
:10B97C0067FA9148F8F764FA9048F8F761FA90483A
:10B98C00F8F75EFA8F48F8F75BFA8F48F8F72AFA5F
:10B99C008E48F8F7ADFA8E48F8F752FA8D48F8F75A
:10B9AC004FFA8D48F8F74CFA8C48F8F7A1FA8C4806
:10B9BC00F8F746FA8B48F8F743FA8B48F8F740FA51
:10B9CC008A48F8F7A9F98A48F8F7A6F98948F8F7E8
:10B9DC00A3F98948F8F7A0F98848F8F79DF9884841
:10B9EC00F8F79AF98748F8F797F98748F8F794F930
:10B9FC008648F8F791F98648F8F78EF98548F8F7F4
:10BA0C008BF98548F8F788F98448F8F7BDF984482C
:10BA1C00F8F7BAF98348F8F7B7F98348F8F714F947
:10BA2C008248F8F7B1F98248F8F7AEF98148F8F78F
:10BA3C00ABF98148F8F708F98048F8F705F9804820
:10BA4C00F8F702F97F48F8F79FF97F48F8F79CF967
:10BA5C007E48F8F799F9FBE010D3002038D300208A
:10BA6C00E0AA002018AB00201078002038780020C5
:10BA7C00706C0020FC09012084FD00204CFD00208E
:10BA8C00F0F10020340A0120A0FE00209CF00020E0
:10BA9C00D4F0002040E5002024E40020ECE300205A
:10BAAC0090D8002020240120F81C0120B42701206C
:10BABC00DC2E01203C1201208C2001206419012075
:10BACC00482B012070320120A80E012004360120E1
:10BADC00D0150120F8AD0020C84A0120884401206F
:10BAEC001846012098390120D83F012068410120D7
:10BAFC00F8420120A847012038490120B83C012018
:10BB0C00283B0120483E0120BCFD00206C0A01208E
:10BB1C000CF100205CE4002080A60020B8A60020D8
:10BB2C0028A7002060A7002098A70020A0A500202F
:10BB3C00F0A6002048A6002008A8002010A600208F
:10BB4C00D8A50020D0A7002000AA002070AA0020B1
:10BB5C0078A80020E8A80020C8A9002038AA002056
:10BB6C00A8AA002058A9002090A90020B0A8002065
:10BB7C0040A8002020A9002048AD002088AB002060
:10BB8C0080AD0020B8AD0020D8AC002010AD002056
:10BB9C00C0AB0020A0AC0020F8AB002050AB0020C4
:10BBAC0030AC002068AC002050F2002098F9002046
:10BBBC0000FF002004F600204806012070F200204F
:10BBCC00B402012020FF0020E0730020A0E500203B
:10BBDC00E8EC002054E90020C0E50020F0D800205B
:10BBEC0038E0002010D90020A4DC002088AF002011
:10BBFC00C4AF002020AE00203CB0002010AF0020CD
:10BC0C0078B000204CAF002000B00020B4B0002071
:10BC1C0098AE0020D4AE00205CAE0020D8D5002019
:10BC2C00A0D5002010D600202CFE002018F20020F9
:10BC3C00C8FE002068E500207CF10020CCE4002048
:10BC4C001CD80020B8D8002068D50020C0D0002017
:10BC5C00B148F8F799F8B148F8F796F8B048F8F702
:10BC6C00C1F8B048F8F758F8AF48F8F755F8AF48AE
:10BC7C00F8F752F8AE48F8F74FF8AE48F8F784F8F2
:10BC8C00AD48F7F7E1FFAD48F7F7DEFFAC48F7F743
:10BC9C00DBFFAC48F7F7D8FFAB4A0221DFF8A0A3D3
:10BCAC00A2F118001446F7F7ABFFA84A022144F89A
:10BCBC0018ACA2F118001446F7F7A2FFA44A02210F
:10BCCC0044F818ACA2F118001446F7F799FFA14AF2
:10BCDC00022144F818ACA2F118001446F7F790FFB3
:10BCEC009D4A012144F818ACA2F118000024F7F782
:10BCFC0087FF994B994DA3F11800994A994943F83C
:10BD0C00185C5C600FF0CEFB9748F8F73DF897484D
:10BD1C00F8F73AF89648F7F7FFFF964A0121964F45
:10BD2C00A2F11800DFF81C83F7F76AFF914B8C4ADD
:10BD3C00A3F118008B4943F8185C5C600FF0B2FB60
:10BD4C008E48F8F721F88E48F8F71EF88D48F8F76A
:10BD5C0049F88D48F8F718F88C48F7F7DDFF8C4850
:10BD6C00F7F7A6FF8B48F8F73DF88B48F8F70CF877
:10BD7C008A4A02211546A2F11800F7F741FF8848BC
:10BD8C0045F818ACF8F700F88648F7F7C5FF864871
:10BD9C00F7F78EFF854A3B681461C2F80080148166
:10BDAC00D460002B02F09D8319465B69002BFBD1FC
:10BDBC004A6100247E4B7D480125136002265461A4
:10BDCC004FF003095460947203F0EEF87948F7F7DA
:10BDDC00DBFF7948F7F7A0FF7848F7F7D5FF784AEB
:10BDEC0078497948F7F7FAFE5D4A784976480FF0BA
:10BDFC0059FB774A77497848F7F7F0FE584A734968
:10BE0C0075480FF04FFB75480BF0E8F9744B224660
:10BE1C006B49009571480BF063FA514A6B496F48B6
:10BE2C000FF040FB6F480BF0D9F96D4B2246684977
:10BE3C006C4800940BF054FA494A644969480FF075
:10BE4C0031FB694A69496A48F7F7C8FE444A5F49B9
:10BE5C0067480FF027FB674A64496748F7F7BEFE4F
:10BE6C003F4A5A4964480FF01DFB644A5F496448D5
:10BE7C00F7F7B4FE3A4A554961480FF013FB614A93
:10BE8C005A496148F7F7AAFE354A50495E480FF007
:10BE9C0009FB5E4A5E495F48F7F7A0FE304A4B4902
:10BEAC005C480FF0FFFA5C4A59495C48F7F796FE7C
:10BEBC002B4A464959480FF0F5FA594A5449594802
:10BECC00F7F78CFE264A414956480FF0EBFA564AD2
:10BEDC004F495648F7F782FE214A3C4953480FF028
:10BEEC00E1FA53480BF07AF9524B22463C49504840
:10BEFC0000940BF0F5F91A4A34494D480FF0D2FA78
:10BF0C004D480BF06BF94D4B224635494A4800948D
:10BF1C000BF0E6F998E000BF50D0002088D000204C
:10BF2C008076002064FE002004E50020B4F100209F
:10BF3C0054D80020F8700020E4D7002044F10020F1
:10BF4C0094E40020F4FD002094F0002044FD002037
:10BF5C00F4090120E4E30020E0D400204C2D002063
:10BF6C00CC440020E9B50000ECD40020E4720020A1
:10BF7C00F06B002044730020FC6C0020D8CD002016
:10BF8C005073002080D1002024D50020B06B0020FD
:10BF9C00B48F002018CE00203471002030D1002046
:10BFAC00A8730020306C0020E479002054B20020EB
:10BFBC006C2C0020A8CF0020686B0020E0750020BE
:10BFCC00E0AA002010D3002084B900208D3E01008F
:10BFDC0018AB002038D3002030C200207CC60020D3
:10BFEC00706C002058C70020ECE300201078002073
:10BFFC0034C800209CF0002010C900204CFD00200B
:10C00C00ECC90020FC090120C8CA002024E400204F
:10C01C0038780020A4CB0020D4F0002098B9002060
:10C02C0084FD002074BA0020340A012050BB00208B
:10C03C002CBC0020A80E012008BD0020F81C0120FB
:10C04C00282D0020042C0020A54AA649A6480FF054
:10C05C0029FAA6480BF0C2F8A54B2246A549A348DD
:10C06C0000940BF03DF99E4A9E49A0480FF01AFA35
:10C07C00A1480BF0B3F8A14B22469E499E48009470
:10C08C000BF02EF9964A97499B480FF00BFA9C48F7
:10C09C000BF0A4F89B4B22469649994800940BF060
:10C0AC001FF98F4A8F4996480FF0FCF996480BF010
:10C0BC0095F8964B22468F49934800940BF010F953
:10C0CC00874A884990480FF0EDF991480BF086F8B3
:10C0DC00904B224687498E4800940BF001F9804A18
:10C0EC0080498B480FF0DEF98B480BF077F88B4BBF
:10C0FC0022468049884800940BF0F2F8784A794936
:10C10C0085480FF0CFF986480BF068F8854B22462E
:10C11C007849834800940BF0E3F8714A71498048E0
:10C12C000FF0C0F980480BF059F8804B224671494A
:10C13C007D4800940BF0D4F8694A6A497A480FF0AC
:10C14C00B1F97B480BF04AF87A4B2246694978489A
:10C15C0000940BF0C5F8624A624975480FF0A2F9D9
:10C16C0075480BF03BF8754B2246624972480094B7
:10C17C000BF0B6F85A4A5B496F480FF093F97048C8
:10C18C000BF02CF86F4B22466F4900956C480BF066
:10C19C00A7F8534A53496A480FF084F96B480BF0DF
:10C1AC001DF86B4B22466B49684800940BF098F8CD
:10C1BC004B4A4C4965480FF075F967480BF00EF87F
:10C1CC00634B22466549009563480BF089F8444A55
:10C1DC00444961480FF066F961480AF0FFFF5C4B77
:10C1EC002246604900965E480BF07AF83C4A3D497D
:10C1FC005B480FF057F95C480AF0F0FF514B2246B0
:10C20C005A49594800940BF06BF8354A3549564851
:10C21C000FF048F956480AF0E1FF4A4B22465549BF
:10C22C00009653480BF05CF82D4A2E4950480FF0FD
:10C23C0039F951480AF0D2FF504B2246504900952B
:10C24C004D480BF04DF8264A26494B480FF02AF979
:10C25C004C480AF0C3FF494B22464B4949480094CD
:10C26C000BF03EF81E4A1F4946480FF01BF9474891
:10C27C000AF0B4FF414B22464549009643480BF067
:10C28C002FF8174A174941480FF00CF941480AF0AA
:10C29C00A5FF414B224641493E4800940BF020F843
:10C2AC000F4A10493B480FF0FDF83D480AF096FF45
:10C2BC00394B22463B49009539480BF011F8084A96
:10C2CC00084937480FF0EEF837480AF087FF324B31
:10C2DC0022463649009634480BF002F868E000BF5D
:10C2EC00CC4400208D3E010008BD0020E4BD0020A0
:10C2FC008C200120706C0020C0BE00202024012066
:10C30C009CBF0020B427012078C00020482B0120BE
:10C31C0054C10020DC2E012044C2002070320120C8
:10C32C003CC5002004360120DCC500203C12012055
:10C33C00F0C50020D015012004C60020641901208E
:10C34C0018C600206C0A0120FC0901202CC6002014
:10C35C00BCFD002084FD002040C600204CFD0020C8
:10C36C0054C60020F0F1002068C60020340A0120D9
:10C37C0090C60020A0FE0020A4C600200CF10020D6
:10C38C009CF00020B8C60020D4F00020CCC60020C1
:10C39C0040E50020E0C600205CE4002024E40020FE
:10C3AC00F4C60020ECE3002008C7002090D8002041
:10C3BC009E4A9F499F480FF075F89F4A9F49A04895
:10C3CC00F7F70CFC994A9A499D480FF06BF89D4A77
:10C3DC009D499E48F7F702FC944A95499B480FF0FB
:10C3EC0061F89B4A9B499C48F7F7F8FB8F4A9049A8
:10C3FC0099480FF057F8994A99499A48F7F7EEFB84
:10C40C008A4A8B4997480FF04DF8974A97499848B4
:10C41C00F7F7E4FB854A864995480FF043F8954AAF
:10C42C0095499648F7F7DAFB804A814993480FF013
:10C43C0039F8934A93499448F7F7D0FB7B4A7C49E7
:10C44C0091480FF02FF8914A91499248F7F7C6FBA3
:10C45C00764A77498F480FF025F88F4A8F499048D4
:10C46C00F7F7BCFB714A72498D480FF01BF88D4AE7
:10C47C008D498E48F7F7B2FB6C4A6D498B480FF02B
:10C48C0011F88B4A8B498C48F7F7A8FB674A684927
:10C49C0089480FF007F8894A89498A48F7F79EFBC3
:10C4AC00624A634987480EF0FDFF874A87498848EE
:10C4BC00F7F794FB5D4A5E4985480EF0F3FF854A19
:10C4CC0082498548F7F78AFB584A594982480EF049
:10C4DC00E9FF824A7D498248F7F780FB534A544969
:10C4EC007F480EF0DFFF7F4A78497F48F7F776FBED
:10C4FC004E4A4F497C480EF0D5FF7C4A73497C4824
:10C50C00F7F76CFB494A4A4979480EF0CBFF794A58
:10C51C006E497948F7F762FB444A454976480EF074
:10C52C00C1FF764A69497648F7F758FB3F4A4049BC
:10C53C0073480EF0B7FF734A64497348F7F74EFB24
:10C54C003A4A3B4970480EF0ADFF704A5F4970485B
:10C55C00F7F744FB354A36496D480EF0A3FF6D4A98
:10C56C005A496D48F7F73AFB304A31496A480EF0A0
:10C57C0099FF6A4A55496A48F7F730FB2B4A2C4910
:10C58C0067480EF08FFF674A50496748F7F726FB5C
:10C59C00264A274964480EF085FF644A6449654879
:10C5AC00F7F71CFB214A224962480EF07BFF624AD6
:10C5BC0062496348F7F712FB1C4A1D4960480EF0AC
:10C5CC0071FF604A60496148F7F708FB174A184940
:10C5DC005E480EF067FF5E4A5E495F48F7F7FEFA69
:10C5EC00124A13495C480EF05DFF5C4A5C495D4899
:10C5FC00F7F7F4FA0D4A0E495A480EF053FF5A4A0F
:10C60C005A495B48F7F7EAFA084A094958480EF0C4
:10C61C0049FF584A58495948F7F7E0FA034A044980
:10C62C0056480EF03FFF564AACE000BFCC44002009
:10C63C008D3E010008C7002090A900202024012075
:10C64C001CC7002020A90020F81C012030C70020A6
:10C65C00C8A90020B427012044C7002038AA002014
:10C66C00DC2E01206CC7002078A800203C12012091
:10C67C0080C7002058A900208C20012094C70020DE
:10C68C00E8A8002064190120A8C7002000AA0020F7
:10C69C00482B0120BCC7002070AA0020703201205A
:10C6AC00D0C7002040A80020A80E0120E4C700201D
:10C6BC00A8AA002004360120F8C70020B0A800204A
:10C6CC00D01501200CC80020A0A50020F8AD00203A
:10C6DC0020C8002080A6002048C80020B8A6002052
:10C6EC005CC80020F0A6002070C8002028A70020FD
:10C6FC0084C8002060A7002098C8002098A70020BC
:10C70C00ACC80020D0A70020C0C8002008A800207A
:10C71C00D4C80020D8A50020E8C8002010A600200E
:10C72C00FCC8002048A6002024C90020B8AD002079
:10C73C00C84A012038C90020D8AC00208844012008
:10C74C004CC9002010AD00201846012060C9002003
:10C75C0050AB00209839012074C9002030AC002067
:10C76C00D83F012088C9002068AC00206841012016
:10C77C009CC90020A0AC0020F8420120B0C90020C8
:10C78C0048AD0020A449A548F7F728FAA44AA549C2
:10C79C00A2480EF087FEA44AA449A548F7F71EFA52
:10C7AC009F4AA049A2480EF07DFEA24AA249A34886
:10C7BC00F7F714FA9A4A9B49A0480EF073FEA04A68
:10C7CC00A049A148F7F70AFA954A96499E480EF0F7
:10C7DC0069FE9E4A9E499F48F7F700FA904A914994
:10C7EC009C480EF05FFE9C480AF0F8FC9B4B2246DE
:10C7FC009B49994800940AF073FD894A89499648E7
:10C80C000EF050FE97480AF0E9FC974B22469449EB
:10C81C00944800940AF064FD814A824991480EF0D4
:10C82C0041FE92480AF0DAFC914B22468C498F4823
:10C83C0000940AF055FD7A4A7A498C480EF032FE83
:10C84C008C480AF0CBFC8C4B22468C4989480094CE
:10C85C000AF046FD724A734986480EF023FE88485A
:10C86C000AF0BCFC874B22468449854800940AF0A8
:10C87C0037FD6B4A6B4982480EF014FE82480AF071
:10C88C00ADFC824B22467D497F4800940AF028FD7E
:10C89C00634A64497C480EF005FE7D480AF09EFC14
:10C8AC007C4B22467C497A4800940AF019FD5C4A7C
:10C8BC005C4977480EF0F6FD78480AF08FFC784B0F
:10C8CC0022467549754800940AF00AFD544A5549A8
:10C8DC0072480EF0E7FD73480AF080FC724B22465A
:10C8EC006D49704800940AF0FBFC4D4A4D496D4867
:10C8FC000EF0D8FD6D480AF071FC6D4B22466D4967
:10C90C006A4800940AF0ECFC454A464967480EF028
:10C91C00C9FD69480AF062FC684B224665496648C5
:10C92C0000940AF0DDFC3E4A3E4963480EF0BAFD25
:10C93C0063480AF053FC634B22465E4960480094FE
:10C94C000AF0CEFC364A37495D480EF0ABFD5E4826
:10C95C000AF044FC5D4B22465D4900955A480AF0AA
:10C96C00BFFC2F4A2F4958480EF09CFD59480AF03D
:10C97C0035FC594B22465949009556480AF0B0FCF3
:10C98C00274A284953480EF08DFD55480AF026FCDD
:10C99C00544B22465449009551480AF0A1FC204AB8
:10C9AC0020494F480EF07EFD50480AF017FC504BC2
:10C9BC002246504900954D480AF092FC184A1949F4
:10C9CC004A480EF06FFD4C480AF008FC4B4B2246CF
:10C9DC004B49009548480AF083FC114A11494648D6
:10C9EC000EF060FD47480AF0F9FB474B22464749D9
:10C9FC00009544480AF074FC094A0A4941480EF073
:10CA0C0051FD43480AF0EAFB424B2246424900954D
:10CA1C003F480AF065FC81E0A8470120C4C900200A
:10CA2C00CC4400208D3E010080AD0020384901200F
:10CA3C00D8C90020C0AB0020B83C012000CA00209F
:10CA4C0088AB0020283B012014CA0020F8AB002042
:10CA5C00483E012028CA00203CCA002070F2002069
:10CA6C00BCFD002050CA002004F6002064CA00203F
:10CA7C0098F9002078CA002020FF00206C0A0120C1
:10CA8C008CCA0020B4020120A0CA00204806012054
:10CA9C00B4CA0020C0E500200CF10020DCCA002044
:10CAAC0054E90020F0CA0020E8EC002004CB002060
:10CABC0010D900205CE4002018CB0020A4DC00205E
:10CACC002CCB002038E0002040CB002010AF002001
:10CADC0080A6002054CB00204CAF0020B8A600202C
:10CAEC0068CB0020C4AF002028A700207CCB0020FE
:10CAFC0000B0002060A7002090CB00203CB00020AC
:10CB0C0098A70020B8CB002020AE0020A0A50020C4
:10CB1C00CCCB002088AF0020F0A60020A54AA64967
:10CB2C00A6480EF0BFFCA6480AF058FBA54B2246BF
:10CB3C00A5490095A2480AF0D3FB9E4A9E49A048FD
:10CB4C000EF0B0FCA1480AF049FBA14B2246A149CA
:10CB5C0000959E480AF0C4FB964A97499B480EF0F4
:10CB6C00A1FC9D480AF03AFB9C4B22469C4900953F
:10CB7C0099480AF0B5FB8F4A8F4997480EF092FC02
:10CB8C0098480AF02BFB984B2246984900959548FB
:10CB9C000AF0A6FB874A884992480EF083FC944819
:10CBAC000AF01CFB934B22469349009590480AF0DF
:10CBBC0097FB804A80498E480EF074FC8F480AF02F
:10CBCC000DFB8F4B22468F498C4800940AF088FB52
:10CBDC00784A794989480EF065FC8B480AF0FEFAD0
:10CBEC00844B22468949884800940AF079FB714AA3
:10CBFC00714985480EF056FC85480AF0EFFA7A4BDD
:10CC0C0022468449824800940AF06AFB694A6A49C0
:10CC1C007F480EF047FC80480AF0E0FA694B224648
:10CC2C007E497D4800940AF05BFB624A62497A486F
:10CC3C000EF038FC7A480AF0D1FA7A4B22467A493F
:10CC4C00774800940AF04CFB5A4A5B4974480EF042
:10CC5C0029FC76480AF0C2FA754B2246754973488E
:10CC6C0000940AF03DFB534A534970480EF01AFCED
:10CC7C0071480AF0B3FA564B224670496E4800943C
:10CC8C000AF02EFB4B4A4C496B480EF00BFC6C48DF
:10CC9C000AF0A4FA6B4B22466B49694800940AF0DF
:10CCAC001FFB444A444966480EF0FCFB67480AF0F7
:10CCBC0095FA674B22466749644800940AF010FBCA
:10CCCC003C4A3D4961480EF0EDFB63480AF086FA98
:10CCDC00424B22466149604800940AF001FB354AF8
:10CCEC0035495D480EF0DEFB5D480AF077FA5D4B86
:10CCFC0022465D495A4800940AF0F2FA2D4A2E4910
:10CD0C0057480EF0CFFB59480AF068FA584B2246A8
:10CD1C005849564800940AF0E3FA264A26495348E3
:10CD2C000EF0C0FB54480AF059FA544B22465449B1
:10CD3C00009651480AF0D4FA1E4A1F494E480EF08C
:10CD4C00B1FB50480AF04AFA4F4B22464F49009526
:10CD5C004C480AF0C5FA174A17494A480EF0A2FB8C
:10CD6C004B480AF03BFA454B22464A494848CDF815
:10CD7C0000900AF0B5FA0F4A0F4945480EF092FBA5
:10CD8C0045480AF02BFA404B22464449424800944D
:10CD9C000AF0A6FA074A08493F480EF083FB4048C0
:10CDAC000AF01CFA354B22463E493D4800940AF0E5
:10CDBC0097FA79E0CC4400208D3E0100CCCB0020CA
:10CDCC00E0CB0020D4AE002048A60020F4CB0020FD
:10CDDC00B4B0002008A8002008CC002098AE002099
:10CDEC0010A600201CCC00205CAE0020D8A5002092
:10CDFC0030CC002078B00020D0A7002044CC0020FC
:10CE0C0000B0002000AA002058CC002070AA0020FE
:10CE1C006CCC002078A80020ACB90020E8A8002039
:10CE2C00C0B90020C4AF0020C8A90020D4B900208C
:10CE3C003CB0002038AA0020E8B90020A8AA0020A5
:10CE4C00FCB900204CAF002058A9002010BA0020DB
:10CE5C0088AF002090A9002024BA0020B0A80020A0
:10CE6C0038BA002020AE002040A800204CBA002088
:10CE7C0010AF002020A9002060BA0020D8D50020D7
:10CE8C0048AD002088BA002010D6002088AB0020C6
:10CE9C009CBA002080AD0020B0BA0020B8AD0020B4
:10CEAC00C4BA0020D8AC0020A64AA749A7480EF067
:10CEBC00F9FAA7480AF092F9A64B2246A649009522
:10CECC00A3480AF00DFA9F4A9F49A1480EF0EAFACE
:10CEDC00A2480AF083F9A24B2246A24900969F4829
:10CEEC000AF0FEF9974A98499C480EF0DBFA9E48E6
:10CEFC000AF074F99D4B22469D499B48CDF8009051
:10CF0C000AF0EEF98F4A904997480EF0CBFA9948FF
:10CF1C000AF064F9924B224697499648CDF8009056
:10CF2C000AF0DEF9874A884992480EF0BBFA93481A
:10CF3C000AF054F98D4B22469149904800940AF01E
:10CF4C00CFF9804A80498D480EF0ACFA8D480AF032
:10CF5C0045F9864B22468C4900958A480AF0C0F95F
:10CF6C00784A794987480EF09DFA88480AF036F9D4
:10CF7C007E4B22468649009684480AF0B1F9714AE4
:10CF8C00714982480EF08EFA82480AF027F9824BDA
:10CF9C00224682497F48CDF800900AF0A1F9694AEF
:10CFAC0069497C480EF07EFA7D480AF017F97A4BF5
:10CFBC0022467C4900967A480AF092F9614A624905
:10CFCC0077480EF06FFA78480AF008F9774B22464A
:10CFDC0077497548CDF800900AF082F9594A5A49B8
:10CFEC0071480EF05FFA73480AF0F8F86A4B224663
:10CFFC00714900956F480AF073F9524A52496D48CD
:10D00C000EF050FA6D480AF0E9F8684B22466C496C
:10D01C0000966A480AF064F94A4A4B4967480EF090
:10D02C0041FA68480AF0DAF85B4B224666496548D3
:10D03C0000940AF055F9434A434962480EF032FA1B
:10D04C0062480AF0CBF8594B2246614900955F487B
:10D05C000AF046F93B4A3C495C480EF023FA5D481D
:10D06C000AF0BCF8514B22465B495A4800940AF02E
:10D07C0037F9344A344957480EF014FA574A58498C
:10D08C005848F6F7ABFD2F4A2F4956480EF00AFACE
:10D09C00554A53495548F6F7A1FD2A4A2A4953489F
:10D0AC000EF000FA524A4E495248F6F797FD254ABF
:10D0BC00254950480EF0F6F94F4A49494F48F6F7C2
:10D0CC008DFD204A20494D480EF0ECF94C480AF0F1
:10D0DC0085F84C4B22464C494948CDF800900AF053
:10D0EC00FFF8184A184946480EF0DCF947480AF090
:10D0FC0075F8444B22464649009644480AF0F0F82D
:10D10C00104A114941480EF0CDF942480AF066F830
:10D11C003C4B2246404900953E480AF0E1F8094A4A
:10D12C0009493C480EF0BEF93C480AF057F8354B1B
:10D13C0022463B49394800940AF0D2F8014A024988
:10D14C0070E000BFCC4400208D3E0100C4BA00202A
:10D15C00D8BA0020D8D5002010AD0020ECBA0020A1
:10D16C0010D60020C0AB002000BB0020A0D50020B2
:10D17C00A0AC002014BB0020F8AB002028BB002082
:10D18C0050AB00203CBB002030AC002064BB002026
:10D19C0068AC002078BB002018F2002050F2002070
:10D1AC008CBB002098F90020A0BB0020C8FE0020FA
:10D1BC0000FF0020B4BB002004F60020C8BB0020F8
:10D1CC0048060120DCBB002070F20020F0BB0020E0
:10D1DC00B402012004BC002020FF00201CD8002039
:10D1EC00E073002018BC0020CCE4002040BC0020E0
:10D1FC007CF1002054BC00202CFE002068BC0020D8
:10D20C007CBC002068E50020A0E5002090BC00203C
:10D21C00E8EC0020A4BC002054E90020B8BC00209D
:10D22C00C0E50020A7480EF03DF9A74809F0D6FF4D
:10D23C00A64B2246A649A448CDF800900AF050F817
:10D24C00A44AA549A0480EF02DF9A44809F0C6FF40
:10D25C009E4B2246A2490096A0480AF041F89D4AEE
:10D26C009D499E480EF01EF99E4809F0B7FF974B5A
:10D27C0022469D499B4800940AF032F8954A9649FB
:10D28C0098480EF00FF9994809F0A8FF8F4B2246E9
:10D29C009749009595480AF023F88E4A8E49934891
:10D2AC000EF000F9934809F099FF934B22469349ED
:10D2BC009048CDF800900AF013F8864A86498D48BC
:10D2CC000EF0F0F88E4809F089FF8E4B22468E49FD
:10D2DC008B4800940AF004F87E4A7F4988480EF087
:10D2EC00E1F88A4809F07AFF834B2246884987483F
:10D2FC00009409F0F5FF774A774984480EF0D2F88C
:10D30C00844809F06BFF7F4B224683490096814885
:10D31C0009F0E6FF6F4A70497E480EF0C3F87F486B
:10D32C0009F05CFF744B22467D4900957B4809F05F
:10D33C00D7FF684A684979480EF0B4F8794809F083
:10D34C004DFF704B224678497648CDF8009009F095
:10D35C00C7FF604A604973480EF0A4F8734809F09F
:10D36C003DFF654B224672490096704809F0B8FFA4
:10D37C00584A59496D480EF095F86E4809F02EFF41
:10D38C00604B22466C4900956A4809F0A9FF514A46
:10D39C00514968480EF086F8684809F01FFF684B41
:10D3AC00224668496548009409F09AFF494A4A495F
:10D3BC0062480EF077F8644809F010FF604B224683
:10D3CC0062490096604809F08BFF424A42495E4828
:10D3DC000EF068F85E4809F001FF594B22465D4992
:10D3EC005B48CDF8009009F07BFF3A4A3A4958481F
:10D3FC000EF058F8584809F0F1FE514B22465749A7
:10D40C000095554809F06CFF324A334952480EF0EA
:10D41C0049F8534809F0E2FE524B22465249009516
:10D42C004F4809F05DFF2B4A2B494D480EF03AF856
:10D43C004E4809F0D3FE4B4B22464D494B480094C5
:10D44C0009F04EFF234A244948480EF02BF849486E
:10D45C0009F0C4FE434B224647490096454809F063
:10D46C003FFF1C4A1C4943480EF01CF8434809F086
:10D47C00B5FE434B224643490095404809F030FF26
:10D48C00144A15493D480EF00DF83F4809F0A6FE28
:10D49C003E4B22463E493C48009409F021FF0D4A80
:10D4AC000D4939480DF0FEFF3A4809F097FE344B10
:10D4BC00224639493748009409F012FF054A0649BB
:10D4CC006CE000BFB8BC0020CCBC0020B8D8002059
:10D4DC00F0D80020CC4400208D3E0100E0BC0020A0
:10D4EC0038E00020F4BC002010D900201CBD002026
:10D4FC00A4DC002030BD002050D0002088AF0020DC
:10D50C0044BD002088D00020C4AF002058BD0020AE
:10D51C0020AE00206CBD00203CB0002080BD00205F
:10D52C0010AF002094BD002078B00020A8BD0020D2
:10D53C004CAF0020BCBD002000B00020D0BD0020AE
:10D54C00C0D00020B4B00020F8BD002098AE002060
:10D55C000CBE0020D4AE002020BE00205CAE00200B
:10D56C0034BE002068D50020D8D5002048BE00204D
:10D57C00A0D500205CBE002010D6002070BE00207C
:10D58C0064FE00202CFE002084BE0020B4F100209C
:10D59C0018F2002098BE0020C8FE0020A4480DF010
:10D5AC0081FFA44809F01AFEA34B2246A349A148C7
:10D5BC00009409F095FEA24AA2499E480DF072FF14
:10D5CC00A14809F00BFEA14B2246A14900959E48AB
:10D5DC0009F086FE9A4A9B499B480DF063FF9D48D3
:10D5EC0009F0FCFD944B22469B490095994809F0A3
:10D5FC0077FE934A934997480DF054FF974809F0EA
:10D60C00EDFD974B224697490095944809F068FE2A
:10D61C008B4A8C4991480DF045FF934809F0DEFD8B
:10D62C008F4B224691499048009409F059FE844A48
:10D63C0084498D480DF036FF8D4809F0CFFD8D4B98
:10D64C0022468D498A48CDF8009009F049FE7C4A63
:10D65C007C4987480DF026FF884809F0BFFD854BB3
:10D66C00224687490096854809F03AFE744A754966
:10D67C0082480DF017FF834809F0B0FD7D4B224620
:10D68C0081498048009409F02BFE6D4A6D497D4814
:10D69C000DF008FF7D4809F0A1FD764B22467C4930
:10D6AC0000957A4809F01CFE654A664977480DF0EA
:10D6BC00F9FE784A78497948F6F790FA604A614958
:10D6CC0076480DF0EFFE764A73497648F6F786FAFF
:10D6DC005B4A5C4973480DF0E5FE734A6E4973482A
:10D6EC00F6F77CFA564A574970480DF0DBFE704A43
:10D6FC0069497048F6F772FA514A52496D480DF073
:10D70C00D1FE6D4809F06AFD6C4B22466C496A48A3
:10D71C00009409F0E5FD4A4A4A4967480DF0C2FEFB
:10D72C00684809F05BFD684B224643496548009404
:10D73C0009F0D6FD424A434962480DF0B3FE6348F6
:10D74C0009F04CFD624B224640496048009409F0B8
:10D75C00C7FD3B4A3B495D480DF0A4FE5D4809F00E
:10D76C003DFD5D4B22463E495A48009409F0B8FDF8
:10D77C00334A344957480DF095FE584A3D495848AC
:10D78C00F6F72CFA2E4A2F4955480DF08BFE5548CA
:10D79C0009F024FD544B224636495248009409F0B6
:10D7AC009FFD274A27494F480DF07CFE4F4809F052
:10D7BC0015FD494B2246374900954C4809F090FD20
:10D7CC001F4A204949480DF06DFE494809F006FDF5
:10D7DC003F4B224634490095454809F081FD184AD3
:10D7EC00184943480DF05EFE424809F0F7FC364BF1
:10D7FC0022462B4900953F4809F072FD104A114909
:10D80C003C480DF04FFE3C4809F0E8FC2B4B2246FF
:10D81C0027490095384809F063FD094A09493648FB
:10D82C000DF040FE354809F0D9FC354B224669E035
:10D83C0098BE0020ACBE002004E5002068E5002066
:10D84C00CC4400208D3E0100D4BE0020B4F1002059
:10D85C007CF10020E8BE0020CCE40020FCBE0020BF
:10D86C0054D800201CD8002010BF0020B8D80020AD
:10D87C0024BF0020F870002068D5002038BF00209D
:10D88C00C0D000204CBF002050D0002060BF002032
:10D89C0088D00020E4D700208076002074BF0020C0
:10D8AC0094E4002088BF002044F10020B0BF002089
:10D8BC00F4FD0020C4BF0020D8BF0020DC090120EB
:10D8CC0064FE0020ECBF00207CF0002000C0002093
:10D8DC002CFD002014C00020CCE30020C8D4002074
:10D8EC0028C000203CC00020ECD4002050C00020F8
:10D8FC0064C000208CC00020A0C00020B4C0002058
:10D90C00E4720020A6490095A64809F0E9FCA64A55
:10D91C00A649A4480DF0C6FDA54809F05FFCA54B2F
:10D92C002246A5490096A24809F0DAFC9E4A9F4976
:10D93C009F480DF0B7FDA14809F050FC9D4B2246C5
:10D94C009F499E48CDF8009009F0CAFC964A974929
:10D95C009A480DF0A7FD9B4809F040FC954B2246D8
:10D96C0099499848009409F0BBFC8F4A8F49954817
:10D97C000DF098FD954809F031FC954B22469549E0
:10D98C000095924809F0ACFC874A88498F480DF005
:10D99C0089FD914809F022FC904B22468C498E4817
:10D9AC00009409F09DFC804A80498B480DF07AFD6B
:10D9BC008B4809F013FC8B4B224685498848009410
:10D9CC0009F08EFC784A794985480DF06BFD864A42
:10D9DC0078498648F6F702F9734A744983480DF082
:10D9EC0061FD834809F0FAFB824B2246714980485D
:10D9FC00009409F075FC6C4A6C497D480DF052FDA1
:10DA0C007D4809F0EBFB774B22467C4900957A4820
:10DA1C0009F066FC644A654977480DF043FD784887
:10DA2C0009F0DCFB6F4B2A4674490096744809F0E8
:10DA3C0057FC5D4A5D4972480DF034FD714809F0A0
:10DA4C00CDFB684B32466D496E48CDF8009009F01D
:10DA5C0047FC554A55496B480DF024FD6A4809F0BE
:10DA6C00BDFB644B224660490095674809F038FCC1
:10DA7C004D4A4E4964480DF015FD644A59496448B5
:10DA8C00F6F7ACF8484A494961480DF00BFD61487E
:10DA9C0009F0A4FB514B2246524900955D4809F010
:10DAAC001FFC414A41495B480DF0FCFC5A4809F007
:10DABC0095FB5A4B22464F495748009409F010FCED
:10DACC00394A3A4954480DF0EDFC554809F086FBAB
:10DADC00544B224647495248009409F001FC324A03
:10DAEC0032494F480DF0DEFC4F4809F077FB4F4BA5
:10DAFC0022464F4900954C4809F0F2FB2A4A2B4923
:10DB0C0049480DF0CFFC4B4809F068FB474B2246C7
:10DB1C0032494848009409F0E3FB234A234945481D
:10DB2C000DF0C0FC444809F059FB3C4B22464349DC
:10DB3C000095414809F0D4FB1B4A1C493E480DF0A6
:10DB4C00B1FC3F4809F04AFB344B2A463B4900964E
:10DB5C003B4809F0C5FB144A144939480DF0A2FCA6
:10DB6C00384809F03BFB2D4B324634493548CDF84B
:10DB7C00009009F0B5FB0C4A0C4932480DF092FCB0
:10DB8C00314809F02BFB1D4B224620492E480094AE
:10DB9C0009F0A6FB044A05492B480DF083FC55E01F
:10DBAC007CF00020B4C00020CC4400208D3E01004D
:10DBBC00C8C00020E47200202CFD0020DCC0002036
:10DBCC00DC090120F0C00020CCE3002004C10020BF
:10DBDC00ECD40020C8D4002018C1002024D500208B
:10DBEC002CC10020D8CD00202C73002040C1002077
:10DBFC0068C10020507300207CC10020F06B002015
:10DC0C0090C10020A4C10020B8C10020B48F002016
:10DC1C00CCC10020E0C10020F4C1002034710020F0
:10DC2C0008C20020A87300201CC2002018D10020BC
:10DC3C0080D1002058C2002034C30020B06B0020DB
:10DC4C0010C40020B0C40020C4C40020AF4809F0A8
:10DC5C00C5FAAF4B2246AF490095AC4809F040FBE2
:10DC6C00AD4AAE49A9480DF01DFCAD4AAD49AE48D0
:10DC7C00F5F7B4FFA84AA949AB480DF013FCAB4823
:10DC8C0009F0ACFAAA4B2246A6490095A74809F020
:10DC9C0027FBA14AA149A5480DF004FCA54809F0B1
:10DCAC009DFA9B4B2246A449A248009409F018FB0C
:10DCBC00994A9A499F480DF0F5FBA04809F08EFA55
:10DCCC009F4B22469A499D48009409F009FB924AC1
:10DCDC0092499A480DF0E6FB9A4809F07FFA9A4B64
:10DCEC0022468B499748009409F0FAFA8A4A8B49E4
:10DCFC0094480DF0D7FB954809F070FA924B2A46E0
:10DD0C0083490095914809F0EBFA834A83498F487F
:10DD1C000DF0C8FB8E4809F061FA8B4B32467C49FA
:10DD2C0000968B4809F0DCFA7B4A7C4988480DF058
:10DD3C00B9FB884809F052FA874B22467849854846
:10DD4C00009409F0CDFA744A744982480DF0AAFB8C
:10DD5C00824809F043FA824B224679497F48009465
:10DD6C0009F0BEFA6C4A6D497C480DF09BFB7D486E
:10DD7C0009F034FA7A4B2A4671490095794809F032
:10DD8C00AFFA654A654977480DF08CFB764809F087
:10DD9C0025FA734B32466A490096734809F0A0FA8B
:10DDAC005D4A5E4970480DF07DFB7048F6F77EF8D1
:10DDBC006F4A31466F4EA2F118001546F5F720FF59
:10DDCC006D4A012145F818ACA2F11C004FF48035C6
:10DDDC00F5F716FF684B694843F8045C43F81C6C74
:10DDEC00F6F764F86648F6F761F8664A0221A2F184
:10DDFC001800F5F705FF644A624B0221A2F11800E6
:10DE0C0043F818ACF5F7FCFE5F4B604843F818ACD0
:10DE1C00F6F74CF85E4A0221A2F11800F5F7F0FE75
:10DE2C005C4A5B4B0121A2F11C0043F818ACF5F7DE
:10DE3C00E7FE584B584843F8045C43F81C6CF6F763
:10DE4C0035F85648F6F732F8554A0221A2F1180077
:10DE5C001546F5F7D5FE534A022145F818ACA2F148
:10DE6C0018001546F5F7CCFE4F4845F818ACF5F7F9
:10DE7C008BFF4E4808F0AEFF4D48F5F785FF4D4837
:10DE8C00F5F782FF4C4A3B681146D46041F8188B79
:10DE9C0011614FF40071C2E906441181002B00F0AE
:10DEAC00258319465B69002BFBD14A610024434B47
:10DEBC004148136054615460947201F015FB404A60
:10DECC004FF400703B681146D460108141F8188BF8
:10DEDC001161C2E90644002B00F0068319465B6908
:10DEEC00002BFBD14A610024364B35480125546187
:10DEFC0002265460947213600BF0A0FF324809F0B4
:10DF0C006DF9324B22461049009461E0D8C40020D0
:10DF1C00306C002018CE0020CC4400208D3E010037
:10DF2C00E479002034710020ECC4002000C50020EE
:10DF3C00A873002014C5002018D1002028C500208B
:10DF4C00686B002050C50020A8CF002064C50020BD
:10DF5C0078C500208CC50020B06B0020A0C5002027
:10DF6C00E0750020B4C50020C8C50020E0CF00201B
:10DF7C0010D10020782C0020D4CD002008D0002017
:10DF8C0038D1002048D0002078D1002070750020B6
:10DF9C0030760020A473002098750020387600207D
:10DFAC00D87500207876002088CC002080B2002024
:10DFBC0048CD002080CD0020A86C0020842C0020AF
:10DFCC00D46C0020902C00206CC20020F8D00020D3
:10DFDC00A54809F085F9A54AA549A3480DF062FAB0
:10DFEC00A44809F0FBF8A44B2246A4490095A1488B
:10DFFC0009F076F99D4A9E499E480DF053FAA048C7
:10E00C0009F0ECF89F4B22469B4900949C4809F080
:10E01C0067F9964A96499A480DF044FA9A4809F0DD
:10E02C00DDF89A4B224697490094974809F058F925
:10E03C008E4A8F4994480DF035FA954809F0CEF880
:10E04C00924B224693490095914809F049F9874A29
:10E05C0087498F480DF026FA8F4809F0BFF88F4B8F
:10E06C002246884900948C4809F03AF97F4A804945
:10E07C0089480DF017FA8A4809F0B0F8874B224608
:10E08C0088490095864809F02BF9784A78498448E4
:10E09C000DF008FA844809F0A1F8844B22467F4918
:10E0AC000094814809F01CF9704A71497E480DF0C2
:10E0BC00F9F97F4809F092F87E4B22467349009497
:10E0CC007B4809F00DF9694A694979480DF0EAF97C
:10E0DC00794809F083F8794B22466A4900947648CE
:10E0EC0009F0FEF8614A624973480DF0DBF9744897
:10E0FC0009F074F8734B224673490094704809F088
:10E10C00EFF85A4A5A496E480DF0CCF96F4809F0AD
:10E11C0065F86C4B22466E4900956C4809F0E0F8A6
:10E12C00524A534969480DF0BDF96A4809F056F84E
:10E13C00694B224663490094664809F0D1F84B4A72
:10E14C004B4964480DF0AEF9644809F047F8644B4C
:10E15C00224661490094614809F0C2F8434A444997
:10E16C005E480DF09FF95F4809F038F85C4B224689
:10E17C005D4900955B4809F0B3F83C4A3C49594865
:10E18C000DF090F9594809F029F8594B224652499B
:10E19C000094564809F0A4F8344A354953480DF018
:10E1AC0081F9544809F01AF8514B2246524900950E
:10E1BC00504809F095F82D4A2D494E480DF072F94A
:10E1CC004E4809F00BF8394B2246494900954B480B
:10E1DC0009F086F8254A264948480DF063F9484865
:10E1EC0008F0FCFF334B22463D490095444809F0AA
:10E1FC0077F81E4A1E4942480DF054F9414808F080
:10E20C00EDFF2E4B2246344900953E4809F068F844
:10E21C00164A17493B480DF045F93B4808F0DEFF1C
:10E22C003A4B224625490094374809F059F80F4AD1
:10E23C000F4935480DF036F9354808F0CFFF1B4B28
:10E24C00224632493248009609F04AF8074A0849F2
:10E25C002F480DF027F92F4808F0C0FF154B2A4620
:10E26C002A492C48009657E06CC20020CC44002070
:10E27C008D3E010080C20020F8D00020E0CF0020AD
:10E28C0094C20020B8CD0020A8C2002030D00020BD
:10E29C00BCC2002008D00020D0C2002060D10020D9
:10E2AC00E4C2002038D10020F8C2002080CD00202C
:10E2BC000CC3002048CD002020C3002088CC0020B7
:10E2CC0048C3002018760020E07500205CC30020B5
:10E2DC007075002070C300208873002084C3002058
:10E2EC00C075002098C3002098750020ACC3002096
:10E2FC0060760020C0C3002038760020D4C30020F4
:10E30C00E8C30020FCC3002024C4002080B20020FD
:10E31C0038C400204CC4002008F0E2FF744A754950
:10E32C0075480DF0BFF8754808F058FF744B22463D
:10E33C0074490095714808F0D3FF6D4A6D496F48D8
:10E34C000DF0B0F8704808F049FF6D4B22466F494C
:10E35C0000946D4808F0C4FF654A66496A480DF0A0
:10E36C00A1F86B4808F03AFF6A4B224665490095C4
:10E37C00674808F0B5FF5E4A5E4965480DF092F8B3
:10E38C00654808F02BFF22460094644C614B5F49B2
:10E39C0004F19005604808F0A3FF554A55495E48C2
:10E3AC000DF080F820460C3407F06CFAA542F9D138
:10E3BC005B4C04F5847520460C3407F063FAA542D7
:10E3CC00F9D15848062407F06BFB042005210F23D4
:10E3DC000E2200940024CDE901100D21524807F0C3
:10E3EC008DFA524807F04EFA514807F04BFA514853
:10E3FC0007F048FA504807F045FA10214F4807F04B
:10E40C0041FC3B4A4E494D480DF04CF811214D480A
:10E41C0007F038FC364A4A494A480DF043F81621B1
:10E42C00494807F02FFC324A454947480DF03AF865
:10E43C00464B47482E4A1860204646499C80C3F8F4
:10E44C0080400DF02FF8444A444B92ED007A93ED46
:10E45C00006ADFED437A37EE077ADFED426A26EE8B
:10E46C00276A4148C6EE877A404B214A4049C6EE9E
:10E47C00076ABCEEE67AF8EE476A80ED007A3D4812
:10E48C0077EEE67AFCEEE77AC3ED007A0DF00AF847
:10E49C00174A204638490DF005F8154A34493748D3
:10E4AC000DF000F83249124A35480CF0FBFF354BA1
:10E4BC00354C03F11001226843F8042B8B42FAD13E
:10E4CC0009F09EFF314B25681860314A314B2468A6
:10E4DC001D6012783049314B0C601A7004B0BDE8E5
:10E4EC00F0873A60FDF765BC3A60FCE43A60DDE425
:10E4FC00CC4400208D3E01004CC4002060C40020A0
:10E50C00A86C002048CD002074C4002080CD0020D1
:10E51C0088C40020D46C00209CC40020F4B00020DF
:10E52C0080710020C8B100207471002048B2002016
:10E53C0048D6002084A50020C86C002088720020DA
:10E54C00C105000084B100204CB8002090B8002018
:10E55C00A82C0020A9010000B4610020D06100208B
:10E56C00C0E1644CC0E1E44C7CB2002040CD002002
:10E57C007D010000B86100208D01000010610020B9
:10E58C00784800205CB9002060D5002074B20020CF
:10E59C00FE62002044CD002070B200209B4C012074
:10E5AC002DE9F84F448B40F262530646858B671C6D
:10E5BC009F4240F2B880002D00F0C38040F26354BB
:10E5CC0000270021641B08F0D5FD77833064F38BA2
:10E5DC00A34213D2E41A4FF0000A40F2625906EB40
:10E5EC008508D8F8400018B108F07AFDC8F840A0AA
:10E5FC0001354D4588BF0025013CF0D1B583002481
:10E60C0006F1200807F263550BE00AF1100356F8E7
:10E61C00231019B1E2B2304608F08AFD0134082CFF
:10E62C0051D0337E2341DB07F8D558F82430B7EBB3
:10E63C00D31F03F07F0B2CBFA7EBD31AA5EBD31A78
:10E64C00BBF1000FE1D008F0F3FC81460028E5D0C7
:10E65C00031DBAF1000F38D00AF1FF32103256F810
:10E66C002210C9B301F5827EAEEB4B0BDE450FD900
:10E67C0018465A4632F902CB964520F802CBF9D807
:10E68C0001F203110233A1EB0B0121F001010B4448
:10E69C000AF1100A09F5827056F82A10B9B38342B0
:10E6AC0006D2043131F9022B23F8022B9842F9D807
:10E6BC00E2B249463046013408F03AFD484608F0CB
:10E6CC000FFD082CADD1BDE8F88F40F2625210322C
:10E6DC0056F822100029C5D103EB4B0B5B45D7D262
:10E6EC00ABEB090B0AF1100A1846ABF1050B4FEA1C
:10E6FC005B0B0BF10102520013F066F856F82A106E
:10E70C00831C09F5827003EB4B030029C7D18342AC
:10E71C00CED209F203121846D21A22F001020232AA
:10E72C0013F052F8C4E7BD421FD0002108F022FDBF
:10E73C0004F11103BD4246F8230077832ED87C1BCD
:10E74C0045E7006C08B108F0CBFC00270125B84662
:10E75C000021304608F00EFD07F1100340F2625420
:10E76C0046F82300A6F81A8031E700EB8409B84676
:10E77C00D9F8440008B108F0B3FCA51C40F263536F
:10E78C009D42E5D10021304608F0F4FC40F2625382
:10E79C00C9F8440000251C46738318E704F264543E
:10E7AC00641B14E72DE9F047002182B0044608F001
:10E7BC00EDFC0146002800F0BE80237F002B61D0C9
:10E7CC00031D00F5827C634556D2E58BD5B9227FBB
:10E7DC00013A062A00F2BF80DFE802F09A8D04A409
:10E7EC00886559000422E08D2277226BE08302F1C8
:10E7FC00404292FBF0F262626345E6D3E1BB02B0A9
:10E80C00BDE8F087D4E9080205F1FF3E03F11006DC
:10E81C0061B352149D68D3F80CA002EBA030D3E97D
:10E82C00008730FB08F9104430FB18F8C9EA084996
:10E83C00104430FB07F8104430FB17F7C8EA0748C0
:10E84C00104430FB05F7104430FB15F5C7EA0547BB
:10E85C00104430FB0AF5024432FB1AF2C5EA0245B9
:10E86C00C3E90098C3E90275D4E9080210443346A1
:10E87C00A4F81EE02062BFE720460022019108F0B8
:10E88C0057FC019802B0BDE8F04708F029BC002203
:10E89C00208D2262002852D000F1FF3E01206262DE
:10E8AC0020771046B2E7002263452277A6D21033B8
:10E8BC0089B19C45184643E9042243E9022203F13D
:10E8CC002003D9D940F8102B604540F8042C40E9BE
:10E8DC000322EED392E79C4503F1100203F12003CF
:10E8EC008DD99445F7D802B0BDE8F087D4E9080279
:10E8FC004FF6FE7E8AE7A28DE283002A3FF472AFC8
:10E90C0003224FF0804022770022C4E9080273E70B
:10E91C000222608D22774FF08042E083B2FBF0F24E
:10E92C00626269E70522206B4FF6FE7E2277002299
:10E93C00206262626AE703464FF4807C45E7B4F8D4
:10E94C002AE04FF080420225B2FBFEF225770EF151
:10E95C00FF3E62625AE7D4E908024FF6FF7E55E7A4
:10E96C0072B6037F012B01D9C28EA2B90022038D8E
:10E97C000262C38353B9428D4FF080430221C2839C
:10E98C000177B3FBF2F3436262B670470123426234
:10E99C00037762B67047072BF6D0036A0721C28350
:10E9AC005B42017793FBF2F3436262B6704700BFA0
:10E9BC0072B6037F9A1F012A00D90BB962B6704751
:10E9CC00036A0621828E5B420177C28393FBF2F3CA
:10E9DC00436262B6704700BF007F003818BF012049
:10E9EC00704700BF007FA0F10500B0FA80F040092D
:10E9FC00704700BF2DE9F0410021804608F0C6FBAE
:10EA0C0004460121404608F0B5FB0646B4B3C8B332
:10EA1C00231D04F58272934223D20C3004F10C01B5
:10EA2C0006F5867C51E9022350E9025712FB35FEAC
:10EA3C002EF3CF3E12FB05F222F3CF32C2EA0E4286
:10EA4C0013FB37FE2EF3CF3E13FB07F323F3CF3329
:10EA5C00C3EA0E430830604541E9022301F1080185
:10EA6C00E0D100222146404608F062FB204608F027
:10EA7C0037FB3046BDE8F04108F032BB0028F9D135
:10EA8C00BDE8F0812046BDE8F04108F029BB00BF8D
:10EA9C00C369BBB300212DE9F04182B0044608F0F4
:10EAAC0075FB014658B3B4F920C00230D4F81CE011
:10EABC0001F5817530F8022F82F40042854242FA4A
:10EACC000CF30EEB43083EF9136003FA0CF7B8F99C
:10EADC000230A2EB0702A3EB060302FB03F343FA9B
:10EAEC000CF333440380E5D120460022019108F059
:10EAFC001FFB019802B0BDE8F04108F0F1BA02B07A
:10EB0C00BDE8F081704700BF0346C06940B100B555
:10EB1C0083B0019309F0C2FE019B184603B000BDFF
:10EB2C0018467047931EB3F5004F34D299B370B5A5
:10EB3C00541E82B0234025462BD10446C0690E4694
:10EB4C0028B1CDE9003209F0A9FEDDE90032500010
:10EB5C000193009209F09EFE31469FED117AA0F1CF
:10EB6C00020CE061DDE90023F1EC017A013367EE80
:10EB7C00877A9A42FDEEE77A17EE900A2CF8020F8C
:10EB8C00F2DC6B1008D010225B1002F1FF32FBD1CB
:10EB9C00228402B070BD704710232384F9E700BFB4
:10EBAC0000FEFF462DE9F04F83B090461F460E46FF
:10EBBC00DDF830A001F5807BC5690190D0E909949E
:10EBCC00D0E90B2336F9020B2146040355FB13FC49
:10EBDC0002EB8C0C59FB13F22144CCEB6101A1EB41
:10EBEC00820155FB11F003EB800055FB10F20CEB8E
:10EBFC00820259FB10F3A4EB020EAEEB830E55FB15
:10EC0C001EF300EB830394442CF34F3C184420F385
:10EC1C004F30714421F34F31B34528F802CB27F81C
:10EC2C00020B2AF8021BCDD10199C1E90A420B63F0
:10EC3C0003B0BDE8F08F00BF2DE9F04F1F4685B043
:10EC4C0083690E469046DDF838B0019306F5807264
:10EC5C00036ADDF83CA0029300920390D0E909947A
:10EC6C00D0E90B13029A38F9020B02FB00F020F0EA
:10EC7C00784202F10062D20052FB12F2254D52FB97
:10EC8C0015F2013DC01605EBC202C0F106000241AF
:10EC9C00019850FB12F220488242A8BF024620463F
:10ECAC0036F9024B1202240352FB13FC01EB8C0CC1
:10ECBC0059FB13F12044CCEB6000A0EB810052FB1C
:10ECCC0010F503EB850552FB15F10CEB810159FB9B
:10ECDC0015FE631AA3EB8E0E52FB1EF205EB82039C
:10ECEC008C442CF34F3C1D4425F34F35704420F3DA
:10ECFC004F30009A27F802CBB2422BF8025B2AF86D
:10ED0C00020BAFD1039DC5E90A412B6305B0BDE8E9
:10ED1C00F08F00BFABAAAA2AE71052002DE9F043EE
:10ED2C00002183B0044608F025FA0546012120464F
:10ED3C0008F020FA0746002D3CD008F079F9064679
:10ED4C00002853D008F074F98046002837D008F01A
:10ED5C006FF98146002850D0031D002F3DD0019340
:10ED6C0008F1040320463A1D0093291D331DFFF7BB
:10ED7C0063FF384608F0B4F9284608F0B1F90022D0
:10ED8C003146204608F0D4F9304608F0A9F90122A2
:10ED9C004146204608F0CCF9404608F0A1F920463F
:10EDAC000222494608F0C4F9484603B0BDE8F043D6
:10EDBC0008F096B90028F8D103B0BDE8F0832846D6
:10EDCC0008F08EF9304608F08BF9002FF4D0384655
:10EDDC0003B0BDE8F04308F083B90093321D08F18D
:10EDEC000403291D2046FFF7DDFEC5E7284608F081
:10EDFC0077F9002FE0D03846EAE7284608F070F99A
:10EE0C00304608F06DF9404608F06AF9002FD3D06F
:10EE1C003846DDE7294B2A4A2A4910B51C6818796F
:10EE2C002369C87793420BD2274B1B7823B14FF041
:10EE3C00E0234022C3F80822244CA4F5807302E09E
:10EE4C001446A2F580732249224A0968106899B3C6
:10EE5C0090B3DFF884C0BCF80020402A2CD802F113
:10EE6C00020E403201EB4E01ACF8002000EB4E00DC
:10EE7C001A46BFF34F8F03F5807E03F1200CF44547
:10EE8C002CBF4FF0010C4FF0080C4FF0E02E03EBB1
:10EE9C004C1CCEF85C2F20326245FAD1BFF34F8F59
:10EEAC00BFF36F8F33F9042B21F8022B9C4233F9FB
:10EEBC00022C20F8022BF5D810BD00BF886D002065
:10EECC00C0C3242000800E407F4C0120C0C42420ED
:10EEDC00806D0020846D0020624C012070B582B0E2
:10EEEC00054608F0A5F8F0B1019008F0A1F8019BD7
:10EEFC000146A8B172B6254802887F2A1DD8DFF8D2
:10EF0C0094C0DCF80020002A38D0019162B6184673
:10EF1C0008F0E6F8019802B0BDE8704008F0E0B8DF
:10EF2C00184608F0DDF872B6184803887F2B02D813
:10EF3C0062B602B070BD00210B46DFF858E000222B
:10EF4C00DFF84CC0DEF80060DCF800400280CEF840
:10EF5C000030CCF8001062B63146284608F0E8F8CC
:10EF6C00304608F0BDF828460122214608F0E0F8AA
:10EF7C00204602B0BDE8704008F0B2B8CCF80030C2
:10EF8C00034B0280196062B602B070BD624C012066
:10EF9C00846D0020806D002000B583B0019008F0D6
:10EFAC00A1FA019803B000BD10B5244C01212046F4
:10EFBC0008F032FA002000F025FA02222049032042
:10EFCC00204B4FF0060CC1F87C01C3F894211E496C
:10EFDC0023681E4859609A609A824FF480721C49CB
:10EFEC00186000201961DA822179DA83A3F81CC039
:10EFFC00ACF2062C174AD860C3F818C042F82100AE
:10F00C001548164B42F82100154AC3F8882008F021
:10F01C00E1F92379134C0121134A207003F11000FC
:10F02C00124C02EB5312E37603F01F039200104CC8
:10F03C009940104B43F82040116010BD886D0020A2
:10F04C0000801F4000841F4000000101A240384096
:10F05C00C0C2242000C00E40130000800040384085
:10F06C00010000927F4C01204038003800800E4097
:10F07C00F5B8000000640020024A034903480CF074
:10F08C0011BA00BFCC44002079BA0000886D002072
:10F09C0030B5846983B0ACB3B4F5803F05464FF00E
:10F0AC00000120D008F072F8014680B3043001F55D
:10F0BC00827C036834FB03F234FB13F302F30F027C
:10F0CC0003F30F03C2EA034340F8043B8445F0D139
:10F0DC0028460022019108F02BF8019803B0BDE8F6
:10F0EC00304007F0FDBF08F045F8044678B1014602
:10F0FC000022284608F01CF8204603B0BDE830403A
:10F10C0007F0EEBF214608F035F80028E6D103B031
:10F11C0030BD00BF2DE9F8430546002700F1180467
:10F12C003946284608F032F8814600286BD0206812
:10F13C00B0F5803F53D10137042F28D039462846EB
:10F14C00043408F017F80028F5D02168B1F5803F99
:10F15C0027D009F1040C021D00F5827E52F8046BD5
:10F16C0031FB06F331FB16F803F30F0308F30F081A
:10F17C00C3EA0843DCF8006093FA16F372454CF8C6
:10F18C00043BEBD107F0ACFF0137042FD6D1284656
:10F19C004946002207F0CCFF4846BDE8F84307F08B
:10F1AC009FBF00F10C0C09F10C0300F5867E53F89F
:10F1BC00082C5CF8081C92FA11F243F8082C53F84E
:10F1CC00042C5CF8041C92FA11F20CF1080C43F8B4
:10F1DC00042C0833F445EAD107F082FFD4E709F197
:10F1EC00040109F5827C0B6830FB03F230FB13F34E
:10F1FC0002F30F0203F30F03C2EA034341F8043B8B
:10F20C006145F0D197E701370434042F88D1BDE86C
:10F21C00F88300BF464B474A18682DE9F04F464C1F
:10F22C0083B0197904F580750368D177AB420CD2A1
:10F23C00424B2C4605F580751B7823B14FF0E0232B
:10F24C004022C3F808223E4800E02046DFF800A127
:10F25C00DFF80091DFF800813A4ADAF80030D2F892
:10F26C0000B0B9F80060B8F80070002B4CD0BBF1BE
:10F27C00000F21D1002B47D0191D019301EB460142
:10F28C00403601F0E8F9019BBFF34F8F4FF0E022BD
:10F29C00C2F8704F2034AC42FAD3BFF34F8FBFF398
:10F2AC006F8F7F2E24D8A9F800607F2F12D8A8F872
:10F2BC00007003B0BDE8F08F191D0BF1040201932F
:10F2CC0002EB4702403701EB4601403601F0A4F94E
:10F2DC00019BD9E700245846A8F8004007F000FF2E
:10F2EC00194B1A681C60174B1A6003B0BDE8F08FFD
:10F2FC0000241846A9F8004007F0F2FE134B1A68D8
:10F30C001C60CAF80020D0E70193BBF1000F08D0B5
:10F31C000BF1040101EB4701403701F0BCF9019BF3
:10F32C00B2E74FF48072594612F04EFA019BABE7EC
:10F33C00B06D002000800E40C0C42420814C012000
:10F34C00C0C52420A86D0020AC6D0020A46D002049
:10F35C00A06D0020664C0120684C012010B50021E6
:10F36C00044607F007FFA0B172B6204A1368002BC1
:10F37C0034D01F49D1F800C0BCF1000F33D0C2F813
:10F38C0000C0086000211B4A118062B6184607F0C5
:10F39C00A7FE0121204607F0EDFEC8B172B6164A51
:10F3AC001368B3B11549D1F800C0BCF1000F0DD0F2
:10F3BC00C2F800C04FF0000C114A0860A2F800C05F
:10F3CC0062B61846BDE8104007F08ABE086062B607
:10F3DC0010BD0B4910600B8062B610BD0549106062
:10F3EC000B8062B6D5E7086062B6D2E7A06D00204C
:10F3FC00A46D0020664C0120A86D0020AC6D00208F
:10F40C00684C012038B52E4C2E4AE36F43F4402350
:10F41C00E3679368002B49DBD2F88830002B45DB7F
:10F42C00002342F210724FF40C6105461C2018F0B8
:10F43C006BFBE369244A23F4406343F40063E36108
:10F44C00A36A6FF3080343F0CE03A3621F4B51680A
:10F45C000B4043F4002353602DB91D4B0322C3F81A
:10F46C002021C3F824211A4C4FF0030C154B00201B
:10F47C00C4F828C11C2418664FF48031DC60154C8C
:10F48C00154A1C61154C59619C611024DA61C3F852
:10F49C00E000C3F88C401248124CC3F89040C3F8FB
:10F4AC009410C3F89800C3F89C2038BD0028FCD1F8
:10F4BC00074B0322C3F82021C3F8242138BD00BF19
:10F4CC0000C00F400040384000C00A40F8FFF7FF72
:10F4DC0000801F4001000047001F1F1F1B1F011051
:10F4EC001B1F01000100000738B5274C0121022524
:10F4FC00204607F091FF0020244A254B106018602D
:10F50C00FFF780FF234B0321234A0020C3F880110F
:10F51C002368DFF8B0C01A604FF48072C3F80CC0D7
:10F52C00DA821E49DA830622DFF89CC09A8398613E
:10F53C00C3F810C098821A4AC3E90115194D2179F4
:10F54C00194B45F8210045F82130184B1848D9764D
:10F55C00D2F8883043F01043C2F88830906007F03E
:10F56C0039FF2279134B0121134C03EB52132070FA
:10F57C0002F1100002F01F02104C9B009140104A47
:10F58C0042F82040196038BDB06D0020A06D0020FD
:10F59C00A86D002000801F40C0C42420020001017F
:10F5AC000040384000C00E401400008000800E4027
:10F5BC000104009040380038814C0120F5BC00005B
:10F5CC000064002000FEFFFF22403840024A03493D
:10F5DC0003480BF067BF00BFCC44002079BA000091
:10F5EC00B06D0020F0B583B0044607F021FD002873
:10F5FC0000F0B780237E0146E269D3B9C2EA224209
:10F60C00031D00F58270C3E90022C3E90222C3E99D
:10F61C000422C3E9062220338342F4D1204600227F
:10F62C00019107F085FD019803B0BDE8F04007F0AB
:10F63C0057BD061DD4E9083082FAA3F7EFF3008515
:10F64C002D0140F19080002877D0451C022D04D963
:10F65C0093FBF0F792FBF0F57F1B7F2F3DDD8718B6
:10F66C0002EB4002C2EA2747861802EB4002C2EACC
:10F67C002646851802EB4002C2EA254502EB400300
:10F68C000244E361C3EA2243C1E9035301F12400BC
:10F69C0001F58A75C1E90176626AE369D61803EB54
:10F6AC004203C3EA264603EB020E03EB4203C3EA12
:10F6BC002E4E03EB020C03EB4203C3EA2C4C9F18B7
:10F6CC0003EB4203E361C3EA274340E9046E40E9DC
:10F6DC0002C31030A842DFD1A0E7012F24DD02EBDA
:10F6EC0040058318E561C5EA2345032F4D603DDDD8
:10F6FC004FEA570E01F108000EF1010C01EB8C0CD6
:10F70C00E569626A05EB42032A44E361C3EA2243DA
:10F71C0040F8043B6045F3D1023F06EB8E06CEF178
:10F72C00010E236A07EB4E073FB1E269606A02449F
:10F73C00C3EA224246F8042B236A002001F58272A8
:10F74C00E3612076C3EA23439642BFF467AF46F8E1
:10F75C00043BB2427FF662AF46F8043BB242F6D8A5
:10F76C005CE703B0F0BD97FBF0F776E74FEA570E76
:10F77C00D2E700BFB1F5803F4FEA21235FFA81FC4D
:10F78C0011DA0F495A1C023331F9122031F91300E6
:10F79C00CCF580730CFB00F002FB030080300012F0
:10F7AC0000F5C040704740F2FF110548C3F50072E8
:10F7BC00C91A30F9122030F9110052424042E7E7E1
:10F7CC005C340020B1F5704F2DE9F0430546164628
:10F7DC00084638DC1A46244C0B4624494FEA232CA5
:10F7EC00002B5FFA83FE0CF101070CF1020CCEF535
:10F7FC00807803DA03F580530132EFE734F81770A1
:10F80C0034F81C9017FB08FC1EFB09CE0EF1800E81
:10F81C004FEA2E2E26B30EF5C04E02F00F0C03F558
:10F82C008053013205EB8C0CB3F5704FDCF8107182
:10F83C007744CCF81071D1DDC0F5704300F58050E1
:10F84C006FF30B031844D5F8083105EBC3020133F1
:10F85C0003F01F0390601673C5F80831BDE8F08300
:10F86C00A1EB0E0ED9E700BF5C34002000A0FFFF17
:10F87C002DE9F84FD0E94298D0F804A0A9EB080381
:10F88C00DB063DD006464C4609E07368BBF1000F21
:10F89C0039D003F540437360A045824418D0013C35
:10F8AC00304604F01F0406EBC407BD6897F80CB093
:10F8BC00294605F58055FFF75DFFB5F5003FBD60A6
:10F8CC00E3DABBF1000FE7D14042A0458244E6D118
:10F8DC0008F1010856F83830B3F5003F10DB08F09A
:10F8EC001F039945C6F80C310AD003F1010856F8EC
:10F8FC003830B3F5003F03DB08F01F03C6F80C31BA
:10F90C005046BDE8F88FA3F540437360DCE700BFB9
:10F91C00002938B504461546036820DB002B00DBB4
:10F92C0038BDC3F1000CCA1A00234FEA0C304FEA61
:10F93C001C510FF045FC40F6FF7194F85031B0F5B6
:10F94C00805F18BF0146002BEAD12B4601224942A9
:10F95C002046FFF737FF012384F8503138BD002BC8
:10F96C00DEDBD0F85401CA1AC11A00230803090DB2
:10F97C000FF026FC40F6FF7194F85031B0F5805F23
:10F98C0018BF0146002BCBD02B4600224942204603
:10F99C00FFF718FF002384F8503138BD2DE9F843E8
:10F9AC001E4690F8503104460D461746EBB10268DE
:10F9BC00D0F8541191421ED9954201D3A9421AD8BC
:10F9CC00891A0023AA1A0803090D0FF0F9FBB0F5E8
:10F9DC00805F33464FF0000214BF4142204920465D
:10F9EC00FFF7F0FE002384F850312368002D984671
:10F9FC0001DB002B01DBBDE8F883C8F10001A5EBAE
:10FA0C0008020023C4F8547108039146090D0FF045
:10FA1C00D7FBB0F5805F33464FF0010214BF414273
:10FA2C000F492046FFF7CEFE0123BD4284F850312A
:10FA3C00E1D3A7EB08014A4600230803090D0FF098
:10FA4C00BFFBB0F5805F33464FF0000214BF41425C
:10FA5C0003492046FFF7B6FE002384F85031CAE76D
:10FA6C0001F0FFFF70B50D1E064614461BDBFFF7B9
:10FA7C00FFFE32684FF44043002AA3FB0213A3F5A8
:10FA8C00C04300FA83F309DB04F00F0406EB840493
:10FA9C00B4F91001C4F81031356070BD726802F50C
:10FAAC0040427260F0E70268002A12DBC2F10041AA
:10FABC000023AA1A0803090D0FF082FBB0F5805F32
:10FACC0023464FF0000214BF414209493046FFF76C
:10FADC0079FE29463046FFF7CBFE33684FF440429F
:10FAEC00A2FB0323A3F5C04300FA83F3CCE700BFCA
:10FAFC0001F0FFFF436A2DE9F04FD0E9066583B0B2
:10FB0C002BB906EBC516866103B0BDE8F08F044631
:10FB1C00076A07F08DFA034600285ED0B4F932204C
:10FB2C0006EB070C00F1040B0C2A2CD8DFE812F0C2
:10FB3C000D0081008D009F00BB00DE00F200FF0075
:10FB4C0016015A005A0050017C01D4F824E000F54B
:10FB5C0082776146B34E0A0EC1F30F2036F912902C
:10FB6C0002F10108C0F5803236F9188009FB02F267
:10FB7C0000FB082252FB0EF22BF8022B5F452944A6
:10FB8C00E9D10CEBC51C226AB4F93410ACEB0202BF
:10FB9C00A26199B1B3F904200A4402F30F02991D32
:10FBAC0003F582759A80B4F93420B1F9000002444F
:10FBBC0002F30F0221F8022BA942F4D120460022B5
:10FBCC001946009307F0B4FA009803B0BDE8F04F63
:10FBDC0007F086BA184607F083FAA36903EBC5133E
:10FBEC00A36191E700F10209E2464FF0000804F12D
:10FBFC00380667468346AA44424630465146FFF7CC
:10FC0C0031FFB4F93210626A0A2902FB00F34FEAA1
:10FC1C00234303D1524200FB02F2131408F10108F2
:10FC2C0029F8023FB8F1800FE5D15B4607EBC51C04
:10FC3C00A9E7666A00F58270624636FB12F12BF872
:10FC4C00021B58452A44F8D19BE7666A26F34F06F7
:10FC5C00811C00F5817E6246774236EA220028BF7D
:10FC6C0038462A4421F8020F7145F6D189E7861CE3
:10FC7C0000F58178676A60464FF6FF7E810FC213EC
:10FC8C00AEEBD039013907FB02F22844012907FBFE
:10FC9C0009F94FEA224298BF4FEA194226F8022F7F
:10FCAC00B045EBD16DE7E06A002893D0676A03F5A5
:10FCBC00827661460A0EC1F30F2802F1010EFF2A6B
:10FCCC0030F9129014BF00EB4E0E8646BEF90020A0
:10FCDC00C8F5803E08FB02F20EFB092252FB07F22C
:10FCEC002BF8022BB3452944E4D14AE7666A26F384
:10FCFC004F06D4F82880811C00F5817E624677423D
:10FD0C0090458CBF304638462A4421F8020F8E4568
:10FD1C00F6D136E7606A03F582766246C04330FB63
:10FD2C0012F12BF8021B5E452A44F8D129E700F5A5
:10FD3C0082776646E046814602E0BB4500F0C4800F
:10FD4C00B4F93030AE192BF8023BF6D3606A07F0E9
:10FD5C00ADFF636AA0EB63002086EEE7A26A4FF664
:10FD6C00FF714FF0FF370230160C6FEA520AACEB02
:10FD7C00520ED4F82480891B6FF00049B7FBF1FBBD
:10FD8C00B7FBF6F6510803F581776246CDE900C35F
:10FD9C000AE01B0C08FB03F31B0C20F8023F874204
:10FDAC002A44AE4400F08B80130C914206FB03F303
:10FDBC00EFD88B184FEA1E4C92454FEA13430BFBBE
:10FDCC001C9C73D94FEA2C4308FB03F31B14E4E788
:10FDDC00E1464FF0000804F13806674682462F448E
:10FDEC00424630463946FFF793FD39463046FFF719
:10FDFC003FFD08F00F0208F1010804EB8202B8F194
:10FE0C00800FB2F94831C2F84801616AA76301FB5F
:10FE1C0003F34FEA23432BF8023BE0D1534609EBA3
:10FE2C00C51CB0E6801F0020AA46002704F1380646
:10FE3C00DFF89C806546A146CDF800C00190D9F84A
:10FE4C00284055443B46304622462946FFF7A6FD3E
:10FE5C0029463046FFF70CFDA8FB042107F00F02E2
:10FE6C000137641A09EB8202802F01EB54014FEA2F
:10FE7C001141C1F540510144D2F84801C2F8481172
:10FE8C004FEA6012D9F82410C2EB6002C9F838505E
:10FE9C0012B201FB02F24FEA22422BF8022BCED116
:10FEAC00DDE900C34C460CEBCA1C6CE606FB03F305
:10FEBC0003F100431B1408FB03F31B146DE7DDE98E
:10FECC0000C30CEBC51C5EE64B4608EBC51C5AE6A2
:10FEDC00016000802DE9F04F002185B00646446A90
:10FEEC0007F048F9054601900121304607F042F928
:10FEFC00326AD6F830820090002D00F01C8196F802
:10FF0C003932D6F828C0002B46D106F13003291D12
:10FF1C0005F5827BDFF8F8A29E46DFF8F89247F6EB
:10FF2C00FD77B94DCDF8088031F9028B0CFB08F840
:10FF3C0028F0784000F10060C00050FB10F050FB3E
:10FF4C001AF04FEAE86809EBC000C8F10E0840FA55
:10FF5C0008F0A0FB0408000CB84540EA08408CBF30
:10FF6C005219121859454EF8042FDDD10198DDF8BD
:10FF7C0008800392029307F0B3F8DDE90232326293
:10FF8C00F26A3ABB009B002B00F0E380184605B0E8
:10FF9C00BDE8F04F07F0A4B8019906F13003104604
:10FFAC000D1D01F5827E1F4635F9021B0CFB01016C
:10FFBC007545204447F8041FF6D102EBC412019892
:10FFCC000393029207F08CF8DDE902233262F26AA5
:10FFDC00002AD7D0019307F02BF8019B0546002887
:10FFEC00D0D096F8381200F1040B0C292CD8DFE88D
:04FFFC0011F0CE0131
:02000004600199
:10000000C101D1000D003E0113013001A6016301C1
:10001000B300B300E30050001946AC1C06F50C7C9D
:10002000F06A4FF6FF7751F8043F4FEA937EDA13F8
:100030000EF1FF3EA7EBD33300FB02F2BEF1010F3E
:1000400000FB03F34FEA224298BF1A0C614524F8E3
:10005000022FE8D1B6F936229AB1B5F9043013442B
:1000600003F30F03AA1D05F58270AB80B6F9363293
:10007000B2F900100B4403F30F0322F8023B904245
:10008000F4D1009B002B52D130460022294607F0C4
:1000900055F8284605B0BDE8F04F07F027B8009A9C
:1000A000002A00F08F809A4602F102094FF0000802
:1000B00006F50F77019539F9024F43465AF8045F68
:1000C000384604F50044294624042246FFF76CFC18
:1000D00029463846FFF7D2FB4F4BA3FB042308F019
:1000E0000F0208F10108E41A06EB8202B8F1800F52
:1000F00003EB54034FEA1343C3F540530344D2F8D0
:100100004C03C2F84C334FEA6013F26AC3EB60034E
:10011000C6F83C521BB202FB03F34FEA23432BF811
:10012000023BC8D1019DB6F93622002A95D100982C
:1001300006F0DCFF30460022294606F0FFFF284685
:10014000A8E706F1300306F50C751046194641F88C
:10015000040FA9422044FAD102EBC4123CE705B0D7
:10016000BDE8F08F1C4606F50C784FF0000906F547
:100170000F774A4654F8041F384609F10109FFF782
:1001800077FCF36A96F8382203FB00F00A2A4FEA5C
:10019000204008BF4042A0452BF8020BE9D159E7A7
:1001A000F06A20F34F00A91C06F50C77444253F87F
:1001B000042F30EA220228BF22469F4221F8022F54
:1001C000F5D147E7994606F50C784FF0000A06F599
:1001D0000F7759F8044F524638462146FFF79EFBE9
:1001E00021463846FFF74AFB0AF00F03C8450AF1DB
:1001F000010A06EB8303B3F94C23C3F84C03F36AFB
:10020000C6F83C4203FB02F24FEA22422BF8022BD3
:10021000DFD11FE70000FE7F01600080ABAAAA2AA1
:10022000AAAAAA2A00990029BAD0F26A22F34F0C8E
:100230001C468A1CA81C01F5817ECCF1000832F90D
:10024000023F614654F8047F03F50043B7EB034FC8
:1002500028BF4146724520F8021FF0D163E7F06ADB
:10026000194605F58274C04351F8043F30FB13F37F
:100270002BF8023BA345F7D1ECE6346B002C00F0E1
:10028000B2801846F26A05F5827750F8041F0B0E0B
:10029000C1F30F2103F1010CFF2B34F913E014BF5C
:1002A00004EB4C0CA446BCF90030C1F5803C01FBCA
:1002B00003F30CFB0E3353FB02F32BF8023B5F45B9
:1002C000E3D1C7E6009A002A3FF4A6AE911C06F1DE
:1002D0003404AF1C06F50D78D6F82C904FF0FF3E95
:1002E0004FF6FF7A6FF0004B019607E01B0C09FBFD
:1002F00003F31B0C444527F8023F72D031F9022F5B
:1003000054F8040B02F50042030CB0EBC23F6FEA55
:10031000C23CBEFBF2F606FB03F3E7D300EBC233AD
:100320008445A0EBC230AAEB02024FEA13434FEA26
:10033000104006FB03F34DD9BEFBF2F202FB10B3F3
:100340001B1409FB03F31B14D4E7444606F50C7792
:10035000984606E0B6F9343247452BF8023B3FF4A5
:1003600079AE234658F8044F9C42F3D2F06A07F066
:10037000A3FCF36AA0EB63031BB2A6F83432EBE7ED
:100380001946F46A05F5827051F8043F34FB13F303
:100390002BF8023B5845F7D15CE61C46F26A05F59E
:1003A0008277134854F8041F0B0EC1F30F2130F964
:1003B00013E003F1010CC1F5803330F91CC00EFBD2
:1003C00003F301FB0C3353FB02F32BF8023B5F45B5
:1003D000E8D13FE603F100431B1409FB03F31B14B0
:1003E00088E7019E9FE6284606F080FED0E500BF24
:1003F000801F00202DE9F843C1EBC164002388462B
:100400000646640100274FF44049264D9C42046093
:10041000C0E94233ACBF4FF4C043234B436019E003
:10042000FFF72CFA3268A9FB0213002AA3F5C04398
:10043000184405DA002C03DB736803F5404373604E
:1004400007F00F03013700B24433202F46F8230092
:10045000346025D0234614EB080430462146DFD50E
:10046000002BDDDBC3F10041424600230803090DE8
:100470000EF0ACFEB0F5805FC0F100013B4608BF56
:10048000294600223046FFF7A3F921463046FFF700
:10049000F5F93368A9FB0323A3F5C0431844CFE75C
:1004A000BDE8F88301F0FFFF00A0FFFF2DE9F8434E
:1004B000C1EBC16400238846054664011746C0F8B5
:1004C00054219442C0F80831C0F80C3104602AD29B
:1004D00001234FF4C04285F850314FF00009134B0F
:1004E0006A60A3FB0723FA1A03EB5206360CC6F523
:1004F000405644444B463A4628462146FFF754FAB4
:1005000021462846FFF7BAF909F00F03304409F1F4
:100510000109443300B2B9F1200F45F823002C60E3
:10052000E7D1BDE8F883024AD5E700BF016000804B
:1005300000A0FFFF4FF00042FFF7B8BF00234FF4C9
:10054000C042C0E94233C0E9003270472DE9F043B0
:10055000846983B014B903B0BDE8F08305468146D1
:1005600006F06CFD01460028F5D0EB690C3001F572
:10057000867E44F2A712DFF8A8C012FB13F69BB2E6
:100580000CEA064502FB03F303EBD6331D4425F0CA
:10059000004303EBD57334FB03F512FB13F70CEAAE
:1005A00007469BB206EBD73602FB036626F00043F4
:1005B00003EBD67334FB03F6C5EA064512FB13F7CB
:1005C0000CEA07469BB206EBD73602FB036626F021
:1005D000004303EBD67334FB03F712FB13F80CEA6A
:1005E00008469BB206EBD83602FB036323F00046B5
:1005F00006EBD37334FB03F6C7EA064740E902571C
:1006000008307045B9D148460022C9F81C30019124
:1006100006F094FD019803B0BDE8F04306F066BD16
:100620000000FF7F2DE9F04F00F5807EB1E8A00AC1
:10063000B2E84015C5EA0643C6EA2544C7EA0845BC
:10064000C8EA2746C9EA0A47CAEA2948CBEA0C4958
:10065000CCEA2B4AA0E8F8078645E7D1BDE8F04F81
:1006600070474FF000022DE9F00F00F5807C00BFCD
:10067000B1E8A00AC5EA0203C2EA2544C7EA0205B6
:10068000C2EA2746C9EA0207C2EA2948CBEA0209B8
:10069000C2EA2B4AA0E8F8078445E9D1BDE8F00F8B
:1006A00070474FF000022DE9F00F00F5807C00BF8D
:1006B000B1E8A00AC2EA0543C2EA0504C2EA074556
:1006C000C2EA0706C2EA0947C2EA0908C2EA0B49B8
:1006D000C2EA0B0AA0E8F8078445E9D1BDE8F00FAB
:1006E00070472DE9F00F089C00F5007B51F8045B82
:1006F00053F8046BC5EA0647C6EA254952F8045B7D
:1007000054F8046BC5EA0648C6EA254AA0E8800703
:100710008345EBD1BDE8F00F704700BF0120704763
:100720000020704743792BB10021D0E9270303FB58
:1007300000F0704718460021704700BF0020704746
:10074000002070470020704700207047F0B4054635
:1007500018462027314B84B25F6144EA05440525E1
:10076000C3F8B850C3F8A0100121C3F8A440C3F8DF
:10077000B0100F282CD8E8B1C31D284CDB08D4F8E2
:10078000F010C9B29942FAD3032837D920F00301F7
:10079000234D860813461144AD1A5C5943F8044BA7
:1007A0008B42FAD11F4B10F0030033444FEA83030E
:1007B0001B682FD1194A5369D907FCD553691B0708
:1007C00001D508235361154B0122F0BC5A617047D3
:1007D00059698D0602D459698C06F9D5D3F80061A0
:1007E0001032D3F804511038D3F80841D3F80C1163
:1007F00042E9046542E902415F61BAE7D4F8003199
:1008000001281370D6D0190A03285170D2D11B0CBD
:100810009370CFE702EB8602F2E700BF00402A4068
:1008200000412A4040900A10D0F800C002F50000B4
:100830001A46DCF89CC008B50CFB0101029B09209C
:10084000FFF784FF002008BD00487047C02A006001
:1008500092B32DE9F043C46983B05CB3174699465F
:100860000E460446426900250021384610F0B2FFCA
:100870006269D4F804803B46009231462A462046FD
:10088000C04762697AB1501E07F1FF3C384401E06D
:10089000844508D01CF801EFBEF1FF0FF8D000200E
:1008A00003B0BDE8F083B9F1000F03D01544E3694C
:1008B000AB42D9D80120F3E700207047064808B5BD
:1008C000D0F800E0184602EB0E0C029A0CEBC13196
:1008D00007F04AFF002008BDD86D002008B5DFF8FA
:1008E0001CE0DEF800E002EB0E0C029A0CEBC130CB
:1008F000194607F05BFE002008BD00BFD86D002040
:1009000008B5044B186800EBC13007F0C1FE0020A9
:1009100008BD00BFD86D002008B5437923B1083069
:1009200004F0C0F9C343DB0F184608BD43790BB987
:100930001846704700B5C3B008306A4604F056FC4C
:10094000C343DB0F184643B000BD00BF437913B962
:100950000020002170470346083000B583B00193A2
:1009600004F064FF0028019B03DBD3F8A02082423F
:1009700011D21A680E49526A8A4213D15A7932B199
:100980000021D3E9273003FB00F003B000BD0020B5
:10099000002103B000BDD3F89C30002103FB00F020
:1009A00003B000BD184603B05DF804EB104700BF6C
:1009B000F9D10000114A1368B0B1DFF844C0013327
:1009C000DCF800C013608C4515D3CA08012300B5BC
:1009D00001F0070E10F802C0002103FA0EF343EAFB
:1009E0000C038354084600BD21B1DFF814C0106029
:1009F000CCF8001019460846704700BFE06D002093
:100A0000DC6D00200268DFF824C0926962450BD1DA
:100A10000346407900B9704703F1080010B504F0AF
:100A200041F9C043C00F10BD104700BFEDD3000017
:100A300070B5447984B01CB90024204604B070BD60
:100A400008301646054604F0E1F90028F4DB08F00A
:100A5000CFF80423039031460093284603AB6D2260
:100A600004F028FC0028E8DA222103480AF0B4FB4D
:100A7000024806F0FFFEE0E74C270020D8400020A7
:100A800070B5447984B01CB90024204604B070BD10
:100A900000F108050E46284604F01AFD0028F3DB95
:100AA00008F0A6F80423039063220093314603ABB9
:100AB000284604F0FFFB002811DB042203AB31467B
:100AC000284600926D2204F0F5FB0028DDDA222191
:100AD00007480AF081FB074806F0CCFED5E7222143
:100AE00005480AF079FB034806F0C4FEE5E700BFBD
:100AF0004C270020D84000207027002010B483B07D
:100B00000B46CDE90012C27C002A30D072B6C27CFE
:100B1000D40708D54FF0E02C4469DCF8801121405F
:100B20008162CCF88011910708D54FF0E02C8469E0
:100B3000DCF884112140C162CCF88411540708D537
:100B40004FF0E02CC469DCF8881121400163CCF837
:100B50008811110708D54FF0E02C046ADCF88C11DD
:100B600021404163CCF88C11D2063AD462B6826837
:100B7000934240D0234A836092692349C2F3011C07
:100B8000C2F3826251F82CC00132BCFBF2F103B314
:100B90008B4232D8B1FBF3F2B1FBF2F18B422ED390
:100BA000B2F5817F1BD2022A27D9023A530803EB00
:100BB000032342EA0323C36002680321002010617B
:100BC000516201211364019B1366116103B010BCD3
:100BD00070479445EFD34A1CB2F5817FE3D30B4BAA
:100BE000E9E74FF0E021446AD1F890212240826386
:100BF000C1F89021BAE7C368DEE70023DBE71146BE
:100C0000E9E700BF00C00F40A42E0020FF7F7F0057
:100C1000944619B1012903D00120704716F08EBF08
:100C20001A46614616F07EBF0000000030B5D0F8CD
:100C3000CC4085B0002C77D0D0F89C4004FB01213B
:100C400090F8D140182C4FEA11424FEA112562D09A
:100C50008DF8022013228DF80410090E8DF8035030
:100C60008DF801108DF800200446089A00211846DE
:100C70001D4610F0AFFDD4F8CC002EA3D3E900231D
:100C8000CDE90223DDE90212FFF738FF002194F8D5
:100C9000D00007F0E5FB94F8D1306A466946DB08DE
:100CA000D4F8CC0001330CF0CFF8089B2A46294633
:100CB000D4F8CC000CF0C8F8012194F8D00007F06B
:100CC000CFFBD4F8CC20D37C13B3DD0704D5906AD6
:100CD0004FF0E021C1F800019C0704D5D06A4FF025
:100CE000E021C1F80401580704D5106B4FF0E02152
:100CF000C1F80801190704D5506B4FF0E021C1F885
:100D00000C01DB0604D5926B4FF0E023C3F81021F1
:100D1000002005B030BD49BA8DF801200322ADF89E
:100D200002108DF800209FE76FF00400F1E700BF8C
:100D3000AFF3008080C3C901070000000068FFF71F
:100D400075BF00BF2DE9F04D82B004468846354D91
:100D500007F05CFB07460FF2C40BDBE900ABD4F8ED
:100D6000CC00CDE900AB9DE80600FFF7C7FE0021EF
:100D700094F8D00007F074FBD4F8CC304FF4A060A6
:100D80001A68116E01EA050343F00F0313665066FB
:100D9000136F9E07FCD41166012194F8D000566FA2
:100DA00007F05EFBD4F8CC20D37C13B3D80704D56E
:100DB000916A4FF0E020C0F80011990704D5D16A7C
:100DC0004FF0E020C0F80411580704D5116B4FF024
:100DD000E020C0F80811190704D5516B4FF0E0204E
:100DE000C0F80C11DB0604D5926B4FF0E023C3F87A
:100DF000102116F0010607D007F008FBC01B804544
:100E000006D30AF065FAAAE7304602B0BDE8F08DD5
:100E10006FF0040002B0BDE8F08D00BF80C3C901CF
:100E20000700000000F0FFFF0000000030B504469E
:100E3000D0F8CC0085B0002800F09D80D4F89C50FC
:100E400005FB012294F8D11018294FEA124C4FEA01
:100E5000122E00F087808DF80420120E8DF802C04B
:100E60008DF8012012228DF803E08DF800201D4638
:100E700045A3D3E90023CDE90223DDE90212FFF700
:100E80003DFE002194F8D00007F0EAFAD4F8CC2017
:100E9000062312685366D36D13F4F81FFBD00121AB
:100EA00094F8D000536F07F0DBFA3449FA22344B40
:100EB00048681B684FEA134C324B02FB0CFC4FEAAC
:100EC0005C0CA3FB0C3C4FEA1C2C4A68121A94459C
:100ED000FBD8002194F8D00007F0C2FA94F8D13082
:100EE0006A466946DB08D4F8CC0001330BF0ACFF4E
:100EF000089B00222946D4F8CC000BF0A5FF012165
:100F000094F8D00007F0ACFAD4F8CC20D37C13B31B
:100F1000D90704D5906A4FF0E021C1F800019D0780
:100F200004D5D06A4FF0E021C1F80401580704D578
:100F3000106B4FF0E021C1F80801190704D5506B80
:100F40004FF0E021C1F80C01DB0604D5926B4FF0A5
:100F5000E023C3F81021D4F8D4102046FFF7F2FEA6
:100F600005B030BD52BA8DF801C0ADF802200222A2
:100F70008DF800207BE76FF00400F1E7001000E03F
:100F8000D44000201123970880C3C9010700000046
:100F90000068FFF74BBF00BFD0F8CC30002B00F04B
:100FA000A68030B5044687B0D0F894000D460FF007
:100FB0005BFB024660B101900123294604F18000E9
:100FC000FFF746FC002840F0868001980FF054FBA4
:100FD000D4F89C1094F8D13094F8D22001FB05F598
:100FE000182B8DF808204FEA15426ED02DBACDF897
:100FF000095007233F4AD4F8CC00CDE90423DDE9AA
:101000000412FFF77BFD002194F8D00007F028FAC6
:10101000D4F8CC20062312685366D36D13F4F81F5E
:10102000FBD0012194F8D000536F07F019FA324930
:10103000FA25324A48681268314B120C05FB02F25D
:101040005208A3FB0232120A4B681B1A9A42FBD8C1
:10105000002194F8D00007F003FA94F8D13002AAE6
:10106000D4F8CC00DB08114601330BF0EDFE012172
:1010700094F8D00007F0F4F9D4F8CC20D37CEBB18D
:10108000D90704D5906A4FF0E021C1F800019D070F
:1010900004D5D06A4FF0E021C1F80401580704D507
:1010A000106B4FF0E021C1F80801190704D5506B0F
:1010B0004FF0E021C1F80C01DB0612D4D4F8D810AF
:1010C0002046FFF73FFE07B030BD6DBA8DF809200E
:1010D000ADF80A508DE701980FF0CEFA002007B066
:1010E00030BD926B4FF0E023C3F81021E6E76FF0BC
:1010F0000400704780C3C901001000E0D440002004
:10110000112397080068FFF747BF00BF30B5D0F83C
:10111000CC4085B0002C6BD0D0F89C4004FB012162
:1011200090F8D1200324182A8DF800404FEA11448A
:1011300058D009BACDF801100446089A0021184683
:101140001D4610F047FB07232B4AD4F8CC00CDE90D
:101150000223DDE90212FFF7D1FC002194F8D00050
:1011600007F07EF994F8D1306A466946DB08D4F876
:10117000CC0001330BF068FE089B2A462946D4F8C0
:10118000CC000BF061FE012194F8D00007F068F963
:10119000D4F8CC20D37C13B3DD0704D5906A4FF08C
:1011A000E021C1F800019C0704D5D06A4FF0E0218E
:1011B000C1F80401580704D5106B4FF0E021C1F8C5
:1011C0000801190704D5506B4FF0E021C1F80C015C
:1011D000DB0604D5926B4FF0E023C3F8102100200A
:1011E00005B030BD49BA8DF80140ADF80210A3E753
:1011F0006FF00400F4E700BF80C3C9010068FFF787
:1012000085BF00BF70B50446D0F8CC0084B000287C
:1012100000F09D80D4F89C5005FB012294F8D11079
:10122000022518298DF800504FEA124500F08980F8
:1012300012BACDF80120474A1E460723464DCDE994
:101240000223DDE90212FFF759FC002194F8D000D7
:1012500007F006F94149322248682B681B0C02FB53
:1012600003F33F4A5B08A2FB03231B0A4A68121AD6
:101270009342FBD8D4F8CC20062312685366D36D72
:1012800013F4F81FFBD0012194F8D000536F07F03E
:10129000E7F8324948682B684FEA134C322303FBC6
:1012A0000CFC2F4B4FEA5C0CA3FB0C3C4FEA1C2CB4
:1012B0004A68121A9445FBD8002194F8D00007F030
:1012C000CFF894F8D1306A466946DB08D4F8CC00F0
:1012D00001330BF0B9FD089B00223146D4F8CC0055
:1012E0000BF0B2FD012194F8D00007F0B9F8D4F862
:1012F000CC20D37C13B3DD0704D5906A4FF0E021F6
:10130000C1F800019C0704D5D06A4FF0E021C1F874
:101310000401580704D5106B4FF0E021C1F8080113
:10132000190704D5506B4FF0E021C1F80C01DB0622
:1013300004D5926B4FF0E023C3F81021002004B0D5
:1013400070BD52BA8DF80150ADF8022073E76FF00E
:101350000400F4E780C3C901D4400020001000E07D
:10136000112397080068FFF74DBF00BFD0F8CC30BD
:10137000002B00F0AF8030B50446C7B0D0F8940021
:101380000D460FF071F9024660B101900123294624
:1013900004F18000FFF75CFA002840F09580019886
:1013A0000FF06AF9D4F89C20FF2106A810F012FA79
:1013B000D4F89C2094F8D13002FB05F50222182BBA
:1013C0008DF808204FEA154278D02DBACDF8095093
:1013D000DFF814C10722D4F8CC00CDE904C2DDE95E
:1013E0000412FFF78BFB002194F8D00007F038F8C7
:1013F000D4F8CC20062312685366D36D13F4F81F7B
:10140000FBD0012194F8D000536F07F029F8334B3B
:10141000334948681A683223120C03FB02F2314B3D
:101420005208A3FB0232120A4B681B1A9A42FBD8DD
:10143000002194F8D00007F013F894F8D13002AAF4
:10144000D4F8CC00DB08114601330BF0FDFC002280
:10145000D4F89C3006A9D4F8CC000BF0F5FC01219F
:1014600094F8D00006F0FCFFD4F8CC20D37C13B362
:10147000DD0704D5906A4FF0E021C1F800019C0718
:1014800004D5D06A4FF0E021C1F80401580704D513
:10149000106B4FF0E021C1F80801190704D5506B1B
:1014A0004FF0E021C1F80C01DB0604D5926B4FF040
:1014B000E023C3F81021002047B030BD6DBA8DF88D
:1014C0000920ADF80A5083E701980FF0D5F8002005
:1014D00047B030BD6FF00400704700BFD44000201B
:1014E000001000E01123970880C3C9010068FFF7CE
:1014F0003DBF00BFF0B58C4685B0354C19464FF462
:1015000000030A9D0646C4F8A0304FF42023C4F817
:10151000A4300123C4F8B0306069C307FCD50707C5
:1015200001D5082363612A4B012402F50002A8B209
:101530005C61D6F89C7040F4302007FB0C22C3F8A5
:10154000A020C3F8A400C3F8B04001E0400626D4B0
:10155000586910F00104F9D0020701D508225A6138
:101560001B4B01225A61D6F8D05006F04FFF0446BB
:1015700006E006F04BFF001B854221D309F0A8FED0
:101580000D2001230DF10F024FF40001FFF7DEF8EB
:101590009DF80F0010F00100EBD105B0F0BD082D53
:1015A00012D8002DD4D02A460A48019107F0DCF861
:1015B000074A402001991346506129442546C7E750
:1015C0006FF0040005B0F0BDA5F108040825EAE7B6
:1015D00000402A4080412A400068FFF78BBF00BFCF
:1015E00030B5054685B0D0F894000C460FF03CF8B5
:1015F00060B1024601900123214605F18000FFF70A
:1016000027F900284ED101980FF036F8294A4FF4F7
:1016100020234FF40001C2F8A010C2F8A430012327
:10162000C2F8B0305369D907FCD51B0737D4214A1B
:1016300001235361D5F89C1001FB04F44FF44021C1
:1016400004F50004C2F8A040C2F8A410C2F8B030FB
:101650005369D807FCD519071ED4164B01225A61CD
:10166000D5F8D45006F0D2FE044606E006F0CEFED1
:10167000001B85421AD309F02BFE01230DF10F0246
:101680004FF400010D20FFF761F89DF80F30DB07E4
:10169000ECD4002005B030BD08235361DDE70823FA
:1016A0005361C4E701980EF0E7FFF2E76FF0040022
:1016B00005B030BD00402A400068FFF791BF00BF71
:1016C000826E436D126AD31A1944B1FBF2F302FB26
:1016D0001311836D8B420BD94FEA511C406E01F000
:1016E0001F01012250F82C308A40134340F82C305F
:1016F00000207047CB00036848BF184A83EA010CFA
:1017000058BF174A1CEA020F18D043F309020132EE
:1017100014D0144ADFF844C000B503EA020E124A9E
:1017200001EA0C0C4EEA0202944509D00A0D02F4BB
:10173000E06CBCF5806F05D0002000BD0120704733
:10174000012000BDC3F3892CC1F389218C45F3D35B
:1017500052B203EB82230360EEE700BF00FCFF7F81
:1017600000FC0F7000FC0F000000F04F024641F338
:10177000090C00201368BCF1FF3F08BF013104339E
:10178000C1F3090119441160704700BF02460020EF
:1017900013680133136070472DE9F04F87B0139F32
:1017A000109E119C002F7FD09B461546013B88461A
:1017B00082460293B8F1000F44D0139FD8F800304E
:1017C000B34242D0B94613972B689E422ED0DAF826
:1017D0006800139B41699B45B4FBF1F201FB124287
:1017E00003D88B4201D3002A3DD0029BA2EB040C0C
:1017F000A21A2E600B442344B3FBF1F301FB03F365
:10180000C1696A608B4294BF9C448C44836A3146B0
:10181000634528BF63460093AB60D0F80490EB6843
:10182000C8470028C6D007B0BDE8F08FD5E901133E
:101830000B44A342CBD9A1423AD9091B894528BF01
:101840008946C4E7DDF84C90BEE7D8E901130B44A4
:10185000A342B7D9A1423FD9A1EB04091397B945D7
:1018600028BFB946B0E7B9FBF1F301FB03F33146FA
:101870001F46009342680397A9EB0707049222468C
:101880000597129B049FB8470028CCD1059A039F67
:10189000A2EB0903139A3C441A441392129A3A4455
:1018A0001292139B002B85D1002007B0BDE8F08F6A
:1018B0001B1B611A1298994528BF9946EB684A4646
:1018C000194406F051FF129B4C444B441293139B56
:1018D000A3EB09031393E4E7A3EB0409611AD8F817
:1018E0000C30B9451298194428BFB9464A464C44B1
:1018F00006F03AFF129BB7EB09074B4412937FF4B3
:101900005DAFD1E7836E0246196B00B583B029B194
:10191000596B61B19B6B9BB103B000BDC068019274
:101920000EF0AAFE019A936E596B0029F2D1D0698C
:1019300001920EF0A1FE019A936E9B6B002BEBD1EE
:10194000506E03B05DF804EB0EF096BE0B6B30B535
:101950008D6A83B004468166002B3DD0C3604B6B1B
:10196000002B47D0E3612A46FF21E0684FF0FF35A6
:101970000FF030FFA36EFF21E0699A6A25600FF037
:1019800029FFA26E2561936B002B3AD06366D16B61
:1019900000234FF0FF3040F2FE35994208BFFF218F
:1019A000E166116C994208BF6FF000412167526CEB
:1019B00063649A4208BF2A46A36323656267C4E949
:1019C00008001846C4E90A33C4E90F33C4E90C33EC
:1019D000C4E9123303B030BD284601910EF044FE35
:1019E0000199E0600028BAD12046FFF78BFF6FF025
:1019F0000B00EFE728460EF037FEE0610028B2D179
:101A0000F2E7D06A01920EF02FFE019A606600287C
:101A1000BDD1E9E72DE9F04F87B0DDF84880B8F196
:101A2000000F37D01F4693468A46064600240DF124
:101A3000100901E0A0452DD9B16EA8EB0405109B5B
:101A40005246086A03EB040CABEB040387422BD22B
:101A5000082DC96928BF082505EB0C00884223D84A
:101A600000213046CDF804C00097CDE90295FFF77C
:101A700093FE119903462A462144484633B90FF094
:101A8000D5FD00282C44D5D009DB0223184607B029
:101A9000BDE8F08F0023184607B0BDE8F08F0123A2
:101AA000184607B0BDE8F08F6FF05303184607B033
:101AB000BDE8F08F30B51346C1F30904826885B0E4
:101AC00001680546A24228BF224602924068019062
:101AD0005868009008461B68FFF79CFF28B9AB6860
:101AE000A34202D034BF0120022005B030BD00BFA8
:101AF0002DE9F0430C46096885B0CD1C03D90020C0
:101B000005B0BDE8F0830746806EA56891468269FE
:101B10001E46E36802EB050C0CF1FF3CBCFBF2FC3B
:101B200002FB0CF20092904685686268A847002884
:101B3000E6D196B1E3684246494638460193636868
:101B4000CDF8088000934FF0FF33C9F800302368C8
:101B5000FFF760FF0028D3DB09D1BB6EFF21E068EF
:101B60009A6A0FF037FE4FF0FF332360C7E76FF03C
:101B70005300C5E72DE9F04F83B0DDF83C900C9D94
:101B80000D9EB9F1000F35D00C4693468246816E0A
:101B90004FF00008019308E08A692560C4F80880C6
:101BA000B6FBF2F302FB03F363602368AB42F3D1AD
:101BB0006068B042F0D88F6A0744B742ECD9BF1BC7
:101BC000E368301A0E994F45184428BF4F463A46ED
:101BD0003E4406F0C9FD6368A268F31ADAF868109B
:101BE000934238BF13468A6A9A42A36006D0B9EB83
:101BF00007090ED1002003B0BDE8F08F019B5A46C3
:101C000021465046FFF774FF0028F0D003B0BDE82E
:101C1000F08F0E9BDAF868103B440E93C5E700BFC7
:101C200070B586B01D460C461646CDE902234B68BA
:101C3000024601930B6800F1100100930023FFF7A7
:101C400099FF034650B92A4605903146E06803F0F3
:101C5000FFFD6268059B2A44E0606260184606B09A
:101C600070BD00BF2DE9F04F89B01C46DDF84890EB
:101C700007924BB94FF0FF33139A00201360149B67
:101C80001C6009B0BDE8F08F866E03F1FF3B8A4609
:101C90008046F469083CA34555D3BBFBF4F00138FA
:101CA0000DF0ACFA02304C45ABEB800BBBFBF4F50E
:101CB0004DD8B9FBF4F001380DF0A0FA871CA9EB60
:101CC0008707B7FBF4F738460DF098FAA9EB800BBD
:101CD00004FB17B4AF4234D2BB460DF11C093746A2
:101CE000069401E0D8F86870386AA5EB0B04079EEB
:101CF00095FAA5FCB4FA84F404238642BCFA8CFC61
:101D000052464FF0000125D2C4F11F00604528BFA4
:101D10006046D7F81CC087000590404607EB030ECD
:101D2000E64517D8CDE90293CDE90067FFF734FD0A
:101D300001230028A5D105988340ED1AAB45D1D3E6
:101D4000069C079B98E74C4507D80025B1E74C4611
:101D50000027BFE76FF0530093E74C46F1E700BF61
:101D60002DE9F04F41F30903D0F804B08BB0B3F183
:101D7000FF3F14BF0E464E1CDBF80430DBF8145056
:101D8000C6F3090604333344AB4264D821F0004A59
:101D9000DBF80830056817468AEA03030C4609AAEF
:101DA00059461BBA284609930423FFF739FF814699
:101DB000002834D1844236DA002E3CD0CDF818A069
:101DC0000DF12308B246CDF81C90059701E0CA45F5
:101DD00037D0A86EAAEB0903059F2A46046A0021A2
:101DE0003E68A64232D27C68D0F81CC028464C44DB
:101DF00004F1010EE64529D80127CDE90064CDE9BB
:101E00000287FFF7C9FC04463B464246594628462E
:101E1000FCB9B944FFF704FF0028D8D081464846F2
:101E20000BB0BDE8F08F33463A4628465946FFF7D7
:101E3000F7FE0028F2D1CBF808A048460BB0BDE869
:101E4000F08FDDE906A9CBF808A0F6E76FF053099B
:101E5000E5E7A146E3E76FF01B09E0E72DE9F04F66
:101E600097B01C468A469346BDF89030DFF8D09173
:101E70000E93BDF894300C900F93BDF998300D93EC
:101E8000229BDDE92068C3F38F230B9344F30903FE
:101E9000B3F1FF3F14BF2546651C0BF10403C5F3E6
:101EA00009051D44DAF80C309D422BD3B8F1000F20
:101EB00040F3B580336808F1FF387768083613932C
:101EC000239A82EA0305229A154015EA0905DDD115
:101ED0000B9A002A3DD1C3F30A52002AD6D040F211
:101EE00001118A4253D0B2F5817F72D00D993A46E2
:101EF00003EB8121DDE9273098470028C6D017B0D1
:101F0000BDE8F08F0C98DAF80020836E196A8A42D7
:101F100080F08D80DB692F1D9F4200F288800423B2
:101F20000021CDE9002513AA039302920246FFF790
:101F300033FC0028E3D1139BAB46DAF800201BBA30
:101F40001597149214AF634043F000431C4613935B
:101F5000B6E713AB5A4651460C980893364B009699
:101F600007932346CDE90555CDE90355CDE9018514
:101F7000FFF774FF0028C2DB88D1139B0E99C3F3CF
:101F80008922914282D80F999142A4D87EE7289A5B
:101F90004FF0005039460892279A0792C3F309027E
:101FA000C3F3892304929B1A013205920D9A1344BC
:101FB00000221BB20693214BCDE90022CDE902306D
:101FC0004FF0FF330C98FFF749FF00283FF45EAF56
:101FD00095E7C3F30902002A3FF458AF20961A464A
:101FE0002E46CDE910B40D9CDDE9275B04E0139A81
:101FF000C2F309018E4216D23978C2F3892CBB682C
:10200000584601F54071A4447A68013643EA01510B
:102010000C3741EA8C21A8470028E8D06FE7002060
:1020200017B0BDE8F08FDDE910B4209E2EE76FF009
:10203000530017B0BDE8F08FC9E1000000FC0F604D
:102040000000F07FD0F800C01168DCF8683010B5EF
:102050001C6A86B0A14226D25268DB6902F10804EC
:10206000A34220D30091082104460192039104A9C0
:102070006246604602910CF11001FFF78DFB80B9BA
:10208000049A636893420CD0A0680599824218BFF5
:10209000814214BF012000208B420CBF002000F0C1
:1020A000010006B010BD6FF05300FAE72DE9F04FC4
:1020B0001E468BB0836E8046149DDF69013D159CE2
:1020C000083F06910792BD4249D3B5FBF7F00138AE
:1020D0000DF094F80230A5EB8005B5FBF7F5C3468B
:1020E0000DF12009B04641461698A04705F00103BE
:1020F00007465846C3F1020C0593DDE906124FEA84
:102100008C0E47BB3DB3DBF868A07346DAF820605D
:10211000B0451ED2DAF81CA0BAEB8C0F19D3CDF85B
:102120000CE0CDF80890CDE90087FFF735FB0746B6
:10213000169887B9059B23B90899A047074650B957
:102140000127023D059B0DEB87071D44D7F8208032
:10215000C9E76FF0530738460BB0BDE8F08F002594
:10216000BDE700BF826E2DE9F04F4D680E469169C4
:102170008FB081466B180733B3FBF1F301FB03FB10
:1021800000235D45059377D240F2FE37ABF1080A94
:10219000049345E00B9B1BBA6FEA03084FEAD87221
:1021A00002F5A0621205641BB3680CADF06814431D
:1021B0000422294644F47F2444F4406463400B9491
:1021C00009F110041BBA0C9303F042FB0822F060E3
:1021D0000295736803924A460193002331680D907B
:1021E000484600912146FFF7C5FC002841D1049BD9
:1021F00072681BB9131D0493F36805930B9B08F0D9
:1022000000484FF0FF31C3F3090588EA03030435A2
:1022100015445D457560C6E9023130D2D9F86820B1
:1022200004354FF0FF343168ABEB05000B94136AB3
:10223000B84294BF2C18EC195445204628BF50468C
:102240005C4538BF0446994271D2231DD26993423E
:102250006DD80BAA04234846CDE90014CDE902232A
:1022600000214A46FFF798FA002893D010F1540F46
:1022700090D00FB0BDE8F08F00F1100404934FF040
:10228000FF3321464A464846C9F800300023FFF78D
:102290002FFC0028EDD1D9F8680003699847002881
:1022A000E7D1D6F810A0DA45E3D25D460499D346CB
:1022B000B24609900E1DB34534D24FF0FF3701F1FD
:1022C00005080895CDE9066121E0D9F8686000218C
:1022D000DAF800E04846346AA64523D2F669B542EA
:1022E00020D80124CDF800E003940CACCDE901B472
:1022F000FFF752FA034601223846002B36D1214619
:10230000AB4603F0A5FA069B07469D4214D2049BF8
:102310000BF101054A465B45A8EB0503D5D10599AC
:10232000B942D2D06FF053000FB0BDE8F08F4FF03C
:10233000A0424FF0000836E7DDE907150028F1D18B
:102340006A1A40F2FE339A4294BF8918C918A9420A
:1023500001D309988DE7A5F108038B4228BF0B46EE
:102360009D429B4603F10401A4D8F2E7184680E79A
:102370002DE9F04FD0F868E099B01468DEF820C07D
:10238000644580F0C9815468A44540F2C5810024A9
:102390008B46154682464FF0040912AF2646A046EA
:1023A000724661460C93CDE9124455F824308B42B5
:1023B00017D2D269032A14D9009307EB840352463B
:1023C0000021029350460423CDF80C90CDF80480F0
:1023D000FFF7E2F9002800F0A68110F1540F40F059
:1023E000098204F1010CBCF1020F40F0B081731CB2
:1023F0000BF10804CDF82CC003F0010955F8263084
:102400000DEB86060D94CBF8003055F82930CDF849
:102410003890D946CBF80430B36CCBF808300023A1
:10242000CBF80C304FF0FF330793B94B042293E8FD
:102430000300CDE914010D994FF0FF3003F008FAC5
:10244000DAF8683010901A6AD9F80000904280F0EB
:102450003E8200220799DB6904274FF0FF340F9278
:10246000CDE908213A1D9A42069200F2B880042272
:1024700011AD0090002103925046524601970295FB
:10248000FFF78AF90646002840F03D8229460422DB
:10249000109803F0DDF9DDF844C010909CFA8CFC34
:1024A0008CEA0403B3429C4605931193C0F2A781C2
:1024B000059B43F30902B2F1FF3F08BF0133DAF88D
:1024C0006820C3F30905D2F81C80291DC8194045AE
:1024D00000F2AB81059B1C0D04F4E060B0F5A06F29
:1024E00000F09880042900F07D814346069CB846A0
:1024F00016AE1F460A9502E0DAF86820D769D2F8CE
:1025000020E004F1010BD9F800503B46524600216F
:102510007545504680F04281BB4500F23F8101275E
:10252000CDE90054CDE90267FFF736F93A46314666
:10253000002840F01181109803F08AF91199C8F130
:102540000103109041F309008C461A195C46B0F162
:10255000FF3F14BF0B464B1CC3F3090304339A42DD
:10256000CAD30C0D47460A9DD9F800B004F4E060C8
:10257000002840F0A580C1F38923089C5A1CA3427F
:102580002CBF104620460890229B83EA01040C9B36
:102590001C4019D1069B16AACDF858B01793DDE957
:1025A000243098470028C0F28A81119B09D0079AED
:1025B00082EA0301574A0A40002A40F0DE804FF0C9
:1025C000FF330793D9F800B0059CDAF86830584615
:1025D000069FD3E907322F449345FFF443AF00230E
:1025E000D9F80C2089F81630002A40F023810E9B80
:1025F0000DEB83039B6CC9F80830D9E90023C9E9C6
:1026000000320B9B012B00F08780099B079301236D
:102610000B930AE7116AD9F800209142DFD907F13C
:1026200008018845DBD300920422434631460392D9
:102630005046069A019216AA02925246FFF7ACF84B
:10264000002840F0D380169A109B9A42C7D1119B64
:1026500010A9059A1B0DDAF82C0082EAC374042233
:1026600003F0F6F8089BCAF82C0044F30901A9F816
:1026700014300F9BB1F1FF3F14BF2246621CD9F802
:1026800000B089F81730C2F30905119BC9F8104052
:1026900043F30902B2F1FF3F08BF0133C3F309035B
:1026A00004333B44C9F80C30159BC9F81C30149B0B
:1026B000C9F818304FF0FF331093079B099384E754
:1026C000B0F5806F6ED0B0F5C06F7FF45DAFDAF813
:1026D00068301A6A5A4582D9DB690C37BB42FFF46D
:1026E0007EAF14AA00215046CDF800B00292069A9F
:1026F0000192082203925246FFF74EF854303FF4FD
:102700006EAF04F001031199D9F800B00F933BE7C5
:10271000481F002000FCFF7F6FF0530309930998C6
:1027200019B0BDE8F08F54303FF45BAE84F0010384
:1027300004F1010C0DEB83039A6C57F824309B1ABB
:10274000002BC8BF2646BCF1020F3FF450AEDAF8AA
:1027500068200124116A28E610F1540F47460A9DAB
:1027600048D1D9F800B0DDF844C0614600230C0D13
:1027700089F8163004F4E060FAE602287FF422AF0C
:10278000079AC3F38921C2F389228A42FFF41AAF60
:1027900043F00043D9F800B0079315E7AB4647462E
:1027A0000A9DE2E7089B64B2079A23449BB2089310
:1027B000584B1A40584B13438B420ED00798431C7A
:1027C0003FF4E2AE00EB8424C0F38922C1F38923F5
:1027D0009A4228BF20460790D6E6079B43F0004365
:1027E0000793D1E61946D9F800B0C1E610F1540FAD
:1027F0003FF4F5AE0990099819B0BDE8F08F230DAC
:102800003546D9F80C2003F4E063B3F5A06F09D185
:10281000DAF868309B69B2FBF3F503FB1525B5FACE
:1028200085F56D0989F81650DEE6D9F80C2089F88F
:102830001660D9E6DAF83C20CB46130D13F4E06FAE
:1028400022D0DAF84040D9F800108C4209D0DAF8EA
:102850004430D9F80400834218BF844201D0994221
:1028600012D10999C2F3892240F2FF308B0AC1F3D9
:10287000892191422ED0099B013338D0914203D94E
:10288000099BA3F580630993239B4BB1099BBBF87C
:102890001420C3F38923934228BF1346239A13803D
:1028A000099B002BBFF63BAFC3F38923BBF8142071
:1028B0009A4294BF00236FF0010309932FE710F1B0
:1028C000540F97D1D9F80C2089F816408CE6079B55
:1028D000099384E6239AC3F30903002AE6D0BBF8E0
:1028E000142023999A4228BF1A460A80DEE7239BC8
:1028F00033B1BBF81430239A834228BF03461380B8
:1029000040F2FF33D2E710F1540F3FF468AE099064
:1029100005E700BF00FC0F000000F04FF0B50123F9
:102920000024154606460F4689B0C2E90643B36E39
:102930001B6AB4EB530F21D2294630460134D7E944
:102940000032CDE9056305AB07920E4A03930023DD
:10295000CDE901320C4A0D4B009205F11802FFF748
:1029600007FD08B1831C07D1AB69013302D0EB69C5
:102970000133DCD16FF0010009B0F0BD6FF05300FE
:10298000FAE700BF19EB000008000020FF03F07F0A
:1029900000234FF0010C2DE9F0411446074688460C
:1029A00018321E4686B0C4E9063CE169481C23D0B3
:1029B000B86E006AB6EB500F27D2D8F800009842E4
:1029C0001FD0D8F804C08C4518BF884219D09C4548
:1029D0004FF0000115D04FF0FF33019138460592BA
:1029E00000930136CDE902112146FFF7C1FC28B959
:1029F000A369059A5D1CD8D16FF0010006B0BDE84F
:102A0000F081002006B0BDE8F0816FF05300F5E7DB
:102A10002DE9F04F9946C36B89B00D694FEA135801
:102A200006468A46934618F4E068CC6807951BD0A2
:102A3000016CDAF80000814209D0726CDAF8047097
:102A4000BA4218BFB94202D0904240F08A80CBF31C
:102A50008921002900F08580C3F38923C9F38921E6
:102A60008B427ED8DFF83481CBF38923059305E0D0
:102A700085EA0C0C1CEA0B0C4FD01D4645F30907E8
:102A8000B7F1FF3F14BF2B466B1CC3F3090303F1DF
:102A90000801A14268D8B26EDAF80000116A8842D3
:102AA00067D2043CD169E41A231D8B4261D807A97F
:102AB00004230090324630460194CDE902130021F0
:102AC000FEF76AFE002849D1079BA9EB080C059A7E
:102AD0001BBA6B4023F000430793002AC8D0280D8F
:102AE00000F4E061B1F5806FC2D1CCF38921C5F368
:102AF000892E7145BCD327490CEA010C26494CEAC2
:102B00000101A94230D040B208EB8028A9EB080CA3
:102B100085EA0C0C1CEA0B0CAFD1013724D0B36E44
:102B2000DAF80020196A8A4223D2C5F30907D96965
:102B3000149B9F4228BF1F46129B04332344D8197D
:102B4000884216D8614630460397CDE90023139B8F
:102B5000324602933B46FEF71FFE78B109B0BDE84E
:102B6000F08F4FF000087FE76FF0010009B0BDE87B
:102B7000F08F6FF0530009B0BDE8F08F149B014651
:102B8000DA1B139BD8190EF025FE05EB080009B0DF
:102B9000BDE8F08F00FC0F000000104000FCFFFFBC
:102BA00010B588B04FF00C0C1446002204AB009214
:102BB0000E4ACDE9013C0E4BFFF72AFF002803DA4D
:102BC000831C0FD008B010BD02300BD00498A3684E
:102BD000D4E90012414005984240069821604340E4
:102BE000C4E90123002008B010BD00BF0000F07F41
:102BF0000C00F07F2DE9F04F93B0044689469246D1
:102C00000593002398469B461093CDE90A33CDE9FE
:102C10000C33CDE90E3301231193A36E1B6ABBEB7A
:102C2000530F80F0A6800FAD11AE4F4655F8041F2C
:102C30005046B847002840F08480B542F6D14FF0A6
:102C4000FF3310AA01900AA90093B946CDE902000A
:102C50002046FFF78DFB0246002873D1BDF83C30BB
:102C600043B3CDF818B0054608AE4C4F8346082351
:102C70004B4A0AA92046CDF80080CDE9016347EA16
:102C80008523FFF7C5FE002860DB40F20223020D1A
:102C9000B3EB105F5ED0B2F5007F02D1059B002B35
:102CA0006FD10135BDF83C20ABB29A42DFD85A460D
:102CB000DDF818B0109B013304D0119B0BF1010B10
:102CC0000133AAD1A56A4E465746002D3AD0904608
:102CD00007E003F49013B3F5003F22D02D68002DD8
:102CE0004AD0AB79012BF9D12B6B03F48812B2F5E2
:102CF000803FEED1D5F82CC0224605F14001204698
:102D0000BCF1000FE5D0AB6ACDF800C0CDE901679A
:102D1000FFF7CCF9A8B92B6B03F49013B3F5003F80
:102D2000DCD16B6B224605F140012046002BD5D04B
:102D3000D5F838C08DE8C8006346FFF7B7F900281A
:102D4000CCD00246104613B0BDE8F08F831CA8D04B
:102D50000246F7E7099B002BA3D02246002120461C
:102D60008DE80806089BFFF7A1F9002899D00246D4
:102D7000E8E76FF05302E5E74246104613B0BDE8BE
:102D8000F08F07943446216850460434C847002821
:102D9000D7D10AAB9C42F6D1079C82E708000020FD
:102DA00000FC0F70F8B504460F460125D4E916E380
:102DB00007E0606EC4E9171650F82C60324232D03A
:102DC0000B4603F01F02206E9E4503F101014FEAFE
:102DD000531C00F1FF3605FA02F2EAD1002844D074
:102DE000636D0026A26E9E44136AD26AE665BEFB3E
:102DF000F3F103FB11E331466365D300834228BF3F
:102E00000346606EA3650EF0E5FC012322461849D7
:102E10002046FFF7EFFE0028C8D0A36EC4E916666F
:102E20001B6A2366F8BD626D1344A26E126AB3FB7F
:102E3000F2F102FB11333B60D4E916539D4212D0EC
:102E4000012606E0226EAB42E36502F1FF32226604
:102E500009D0590903F01F02013350F8211006FA76
:102E600002F20A42EED10020F8BD6FF01B00F8BD5F
:102E700095E1000030B50C4687B004310546FFF7F8
:102E800091FF014600283CD121462846FFF78AFFE2
:102E90000146002835D1AB6E2268A060186A8242D4
:102EA00032D2D86903282FD90423009204F10802F2
:102EB000019128460591CDE902232A46FEF76CFCD4
:102EC000059930B110F1540F03D00146084607B000
:102ED00030BDA268AB6E586A002809DD0130531E70
:102EE00040F001021344B3FBF2F302FB03F3A360CF
:102EF0004FF0FF3304200022E361C4E90303C4E977
:102F00000523084607B030BD0A46E4E72DE9F04F37
:102F10009B468FB01368824689460593BBF1000F2C
:102F200003D040F2FF33ABF800300992DAE908131E
:102F3000C9E9061309F118030893514B059D51493E
:102F4000284606930EF0B6FD2F1804464D49384624
:102F50000EF0ECFC01288046069B79D0022803D1B4
:102F6000059A125D2E2A7AD007EB080201261D462B
:102F7000069714460592CDF81C8001E001363C18F6
:102F8000404920460EF096FD271880463D493846B8
:102F90000EF0CCFC70B10228F0D114F808202E2AD3
:102FA000ECD17A782E2AE9D1013EE8D1BA1C2B4621
:102FB0000592C3E7069F2B46DDF81C803A78002A6D
:102FC00042D0099A1760C5F30A52022A54D1C5F3B8
:102FD000892240F2FF318A4210D0089A08230090DB
:102FE000494601925046284A029303F100532A4071
:102FF0001343264AFFF70CFD031E25DB46465546C4
:10300000DDF8208003E02ED199F8173073B32F211B
:1030100038460EF023FC0BAC00284FF0F04303942D
:1030200042460CBFDC464FF0000C194C494628467E
:1030300000960294CDF804C00B95CDE90C76FFF70D
:1030400097F90028DFDA034618460FB0BDE8F08F85
:103050002A5D2E2A88D107EB080205926EE77A785E
:103060002E2A81D1F7E70346AA4667E76FF00103EE
:1030700018460FB0BDE8F08F6FF01303E4E700BF10
:1030800000FC2F003028002000FC0F0000FC0F7017
:1030900089E500002DE9F04140F2FF3486B0A242FC
:1030A00037D01C46C36E97020546013304F108066B
:1030B00088460196C3F3090643EA82231C4A029616
:1030C00000260096FFF7A4FC00281FDB4FEA105CE7
:1030D000082347F00057009684F800C04146029349
:1030E00047F0080704AB2846124A01933B46FFF716
:1030F0008FFC00280ADB40F20223020DB3EB105FC5
:1031000012D040F201239A420AD0002006B0BDE856
:10311000F081094A02210020128819701A81F5E70E
:10312000C0F309006060F0E7059B00206360EDE7F5
:1031300000FC0F7800FC0F70302800202DE9F047CC
:1031400086B0119CDDE90E95002C45D014468846CA
:1031500006465F1E6FF0010A2368E168023306D15C
:10316000D4E9010303449D4201D2854224D2B06ECA
:103170004B46C4F800A0D0F814C0D0F828E007EB04
:103180000C000191194A41462844B0FBFCF00CFBAD
:1031900000F0704528BF7046A0600290B5FBFCF0BF
:1031A0000CFB00F0606000903046FFF731FC002817
:1031B000D2DA06B0BDE8F0875A1B119B281A9A4252
:1031C0000144109828BF1A46059205F0CDFA119BCC
:1031D000059A9B1A119303D1002006B0BDE8F08731
:1031E000109B154413441093B6E700BF00FCF7FF93
:1031F0002DE9F04F044689B00E46204607A9FFF797
:10320000D1FDA0B9A06EDDF81CB0C368594698473F
:10321000814688B110F1540F40F08E804FF0FF339B
:1032200007A920462361FFF7BDFD0028EAD08046AC
:10323000404609B0BDE8F08FF36B002B7ED04D46C1
:1032400006F140084FF0010ACDF8149022E0DCF8B6
:103250001CC06F1C674569D8B6F804C0384F01958B
:1032600047EA8C2CCDE9029ACDF800C0FFF766FF43
:103270000028DCD10123224604F110012046CDE9CB
:1032800000B5CDE9029AFEF775FC049D48BBF36BCF
:10329000AB422AD96F1C0DF11B09424606F1080109
:1032A00004972046376B5B1BD4F868C0FF02CED46E
:1032B000DCF820206F1CD6F838E00DF11B094146E0
:1032C00004979645224631D2DCF81CC067452DD8BC
:1032D000CDE9029ACDE900E5FEF75EFA0028C9D0F3
:1032E000A5E710F1540F99D0A1E7DDF81480A36E83
:1032F000E1699A6AF06C05F037FAA369E069D4E9EC
:103300000412B364A36EC6E91012FF219A6A0EF08C
:1033100061FA4FF0FF3340462361336BC6F838B093
:1033200043F40033336309B0BDE8F08F6FF0530806
:10333000404609B0BDE8F08F804679E78046D6E781
:10334000000010200B6B5A0304D5DA0276D523F463
:1033500080230B639A0303D44FF0000C6046704740
:103360002DE9F0414E6B9AB0CF6A0C4613F48011F0
:103370000546B046019735D1542204A80EF02AFA2A
:10338000A36A0DF1500C01970E93012311964FF093
:10339000FF3610930F9795E80F008CE80F00019B04
:1033A0002E6098453AD201230DF10F0204A9284658
:1033B00000F07CFAB0F1000C4FF001030DF10F02A8
:1033C000214628461EDB00F03DF8B0F1000C19DB69
:1033D0002B68013301D014962E60626BE36A9A4227
:1033E000E1D31BE0019AB24238BF324623F40033E6
:1033F000A16B4FF0000CE26243F48033C4F83480D8
:10340000A162236360461AB0BDE8F0811CF1540F3D
:10341000F8D1FFF7EDFE84460028F3D104F1400116
:1034200001232A462846FEF763FB844621462846A8
:10343000BCF1000FEAD1D4E90C32D7E74FF0FF32EC
:103440000A6484E72DE9F04F1C460B6B93B083466A
:103450005D031746069100F16681069A1905556BC2
:1034600004D5D16AA94201D90D4651636119DBF82F
:103470007000814200F2168213F4003816D1069AC9
:10348000D16AA94212D291465163012311AA494639
:1034900058468DF84480FFF7D5FF0028C0F2C4815C
:1034A000D9F83430AB42F0D3069B1B6BDE0266D4F6
:1034B000002C4BD0069A26460D9402F1400A144681
:1034C00007979D0348D5DBF86810D4F83C90CA698B
:1034D000914500F03281A2EB0902D4F838C0B24223
:1034E000CE466746B14628BF3246079E15460AE0DB
:1034F00018F1540F40F00681FFF77AFE002840F0E3
:103500000B81D4E90E7E514601235A465846CDE937
:103510000265CDE9007EFEF72DFB80462146584628
:10352000B8F1000FE4D1079BB9EB05062B440793D4
:10353000636B2B446363E36B2B44E363DBF868301A
:103540001B6ACBF86030236BBBD10D9C23F40023A6
:10355000069AA4461363DBE0DA023FD5DBF8682065
:10356000D2696FF00101D4F834908C46A2EB0902C5
:10357000A163C4F83C9043F400332363AFE706999A
:10358000DBF868604A6BC96A1519B06CD6F828E098
:103590008D4238BF0D46002840F0CD80F169C80843
:1035A00040F2FE31714528BF7146814228BF014675
:1035B000A942BFF47DAF069D5846336AEA632946A7
:1035C000CBF86030FFF714FE2B6B8446002840F0E8
:1035D0004F8123F48013069A136369E7626B002A14
:1035E00040F0B080DBF868100B6A27460E96CBF8E7
:1035F0006030A36B0A920C93531ECDF814A00B936A
:1036000010A95846FFF7CEFB8446002868D1DBF8A6
:103610006800109CC36821469847844600286AD1F8
:103620000A9BDBF86810002B00F03081D1F81C8079
:103630000B9BA8F108094B45C0F0A0800B9D089199
:10364000B5FBF9F001380BF0D9FD861CA5EB860619
:10365000B6FBF9F630460BF0D1FD0A9B0899A3EBB7
:10366000800306FB1939C14500F08E80B9F1000FC7
:1036700000F0F48000264FF001080DF1440A0C9D83
:10368000089704E04F45DBF8681000F0D280086A24
:10369000771CA9EB06035A46854280F0D680C9699B
:1036A000B942C0F0D28000215846CDE902A8CDE948
:1036B0000056FEF771F801235A460599002840F09C
:1036C000D3805846CDE90046CDE902A83E46FEF734
:1036D00051FA0028D6D010F1540F8446089F0DD01F
:1036E000069A136B43F400231363604613B0BDE8DE
:1036F000F08F8C460F9F1CF1540FF1D14FF0FF3328
:103700003B647DE7069AC446136B43F400231363BE
:10371000604613B0BDE8F08F069A8446136B43F4FD
:1037200000231363E1E7FFF70DFE84460028EFD185
:10373000069B1B6B91E6C00832E7D8023FF511AF3C
:10374000626B51E704F13C03013A5146584602933B
:1037500004F1380300920193D4E90A23FEF782FAB8
:103760000028D9D1DBF86830FF21E06C9A6A0EF0AE
:1037700031F84FF0FF33626B236433E70A9B9845BF
:1037800068D0DDF8289075E7731C93FAA3F3B3FAB9
:1037900083F35A1C09920C9A4FF0000908944FF0D9
:1037A000040A11AC984611920F97089A4FEA8905BE
:1037B00001230599009258465A460195CDE9024ADF
:1037C000FEF7D8F9014605F1040E04235A4658467F
:1037D00000298ED1C14511D0DBF86870DDF844C0F6
:1037E0003E6AB44549D2FE69B64546D8CDE900C522
:1037F000CDE9024AFDF7D0FF002843D109F10109C4
:10380000099B9945D1D10F9C4FEA8909DBF86830B3
:10381000DDF820C00E9EDDF814A0C4E90EC9DA69F7
:10382000236BA2EB0902A6E68446604613B0BDE80E
:10383000F08FA4460E9EDDF814A0089C236BC4E90B
:103840000EC9CA69A2EB090295E6089B6FF0530CFA
:10385000069345E70122034609929CE7A4460E9E83
:10386000DDF814A03C46E9E7089B8446069337E759
:1038700043F40023069A13634AE70F9B6FF0530C3F
:1038800006932DE70F9B8446069329E70A9AA446E0
:103890000E9E3C469146DDF814A03B6BC7E90EC274
:1038A000CA6968E66FF01A0C32E700BF2DE9F04FE5
:1038B00017460A6B87B0804694031E460D4600F1FA
:1038C00081806C6BEA6A944280F08580121BB24260
:1038D00028BF32469346002A00F083801646DFF860
:1038E00010A12046059229E0D8F868C0EA6BDCF800
:1038F0001C309A4225D09C1AB44228BF344611F499
:1039000080112FD1DCF820C0A86B60456DD204EB8C
:10391000020C9C4569D8019205F140020090404696
:10392000CDE90274FDF738FF78BB686B361BEB6B93
:103930002744204423446863EB6350D0296B4A0337
:10394000D2D4CB02024623D5D8F868306FF00100FC
:1039500041F48021EA63DB69A8639C1A2963B442BD
:1039600028BF344611198B423FD3A98840464AEA02
:103970008121CDE90274CDE9001205F1400205F183
:103980000801FFF7DBFB0028CFD007B0BDE8F08FC0
:1039900005F13C0105F1380200904046EB6A0291C6
:1039A00005F140010192AA6AFEF75CF90028ECD10A
:1039B000296BD8F868C041F48021EA6BDCF81C3030
:1039C000296398E7FFF7BEFC0028DED16C6BEA6A3A
:1039D0009442FFF47BAF002007B0BDE8F08FDDF824
:1039E00014B0584607B0BDE8F08F6FF05300CCE735
:1039F000000010202DE9F04FA5B092460A688346DA
:103A0000BDF8BC70BDF8C0900E93A9EB07044B68DD
:103A10000B91012C0F9214921093159356DD7B425B
:103A20004E464FF00008DDF838901BB20D931CABEA
:103A30000C932CE0FE2C17DCDBF86800C169836C6A
:103A40004FEA510C24390BB14FEA530C85691C9A8B
:103A50006B1E6344B3FBF5F305FB03F38B4228BFF6
:103A60000B469A4240F29D8007EB64052E9B52461E
:103A70000B99ADB2009358464B460296EC1B01954C
:103A800000F08AFF00287FD1012C2E461DDD0C9A04
:103A90004FF0FF332E9958460892434ACDF800A0C4
:103AA00007920D9ACDF87080CDE905623F4ACDE9C5
:103AB0000387CDE901920022FEF7D0F90028B9D0A2
:103AC0000646304625B0BDE8F08FA946DBF8680011
:103AD0000B9C426AA368002A03F10103A36025DD61
:103AE000013242F00102B3FBF2F102FB1133EBB9F8
:103AF000234624683CB15A68012C18BF012A8CBFA8
:103B0000012400242BD800231CAA294958461C93C1
:103B1000FFF770F8064600B91C9E002ED1DBDBF8DB
:103B20006800036AB6EB530FC0F01E814FF0000827
:103B300000231D9320934FF0FF33CDE91E330B9BE1
:103B40005968836C1C9103B9C369083B2193C3680E
:103B50009847064670B316F1540FB2D100244FF0C7
:103B6000FF330B9ACBF81030136853B15268012B16
:103B700018BF012A8CBF4FF001084FF0000800F277
:103B800067816FF01B069CE710F11C0FB1460646DB
:103B900097D1DBF868001C9AC369243B934297D203
:103BA0008FE7B14694E700BF41E2000000FC0F4000
:103BB00061E200000B9A04250BF11001034602F1AB
:103BC00008041D9A5846039501921C9A029400928B
:103BD0005A460D91FDF7CEFF06460028BBD121467F
:103BE0002A461F9801F034FE0E9B32461F90039622
:103BF00058462E99CDF858B0CDE900A37B421BB2B0
:103C000006931D9B04331D9316AB0893A74B079394
:103C1000A74B02931CABCDE904790C9317934FF09B
:103C2000FF33FEF71BF90646002894D10B9B9B69D6
:103C3000013300F0B5800B9BDB69013300F0B080ED
:103C40001D9B219A03F10C0191429AD80B9A019382
:103C5000034603955846D27D964C02F5C0620D99F5
:103C600044EA02541E9A624012BA189218AA11929B
:103C700002921C9A00925A46FDF77CFF06460028E5
:103C80007FF469AF0B9B2A4611991F9803F1180521
:103C900001F0DEFD1D9A33461F9004320D995846FF
:103CA000029501921D92082203921C9A00925A4694
:103CB000FDF760FF064600287FF44DAF0822294635
:103CC0001F9801F0C5FD1D9B0833CDE91E401D93D3
:103CD0000023119A1893C2E90133B8F1000F62D0A2
:103CE000189B5846DBF84820DBF84C1053406FF324
:103CF00009031893DDE919234A400B991992DBF85F
:103D000050205340119A1A93FEF74AFF06460028A6
:103D10007FF4D7AEDDE9182313431A9A134355D124
:103D20000C995846FEF71EFA064600287FF413AF9A
:103D30000B99A9EB0707D1E900238F82C1E9003273
:103D40001E9B0B611D9BCB60CBF85000CBE9120092
:103D5000B8F1000F40F08D800BF130020BF13C0305
:103D600007CA83E80700ACE62E9B52460B995846DB
:103D700000930E9BCDE9017900F00EFE002818BFDC
:103D800010F11C0F064614BF4FF001084FF0000859
:103D90007FF497AE002808BFB946DBF86800C7E695
:103DA00018AB119394E7DBF83C10DBF83030DBF80C
:103DB00044204B40DBF840101893DBF834304B4084
:103DC0001993DBF8383053401A9389E71D9B219AE9
:103DD00003F1100191423FF6D4AE1E9A0424364DF1
:103DE000019303466A400D995846039412BA139200
:103DF00013AA02921C9A00925A46FDF7BBFE064691
:103E000000287FF4A8AE224613A91F9801F020FDD8
:103E1000119A33461F90029258461D9A0D992244DA
:103E20000C2401921D921C9A039400925A46FDF7AD
:103E3000A1FE064600287FF48EAE224611991F98F7
:103E400001F006FD1D9B2344CDE91E501D9367E73D
:103E50000B9B5846191DFEF7A5FF064630B110F121
:103E60001C0F7FF42EAE002C3FF42BAEDBF8680065
:103E70005EE6DBF820300F99994208D0DBF8242069
:103E80001098914218BF904201D0984206D10B9AE7
:103E90001368CBF820305368CBF82430DBF8283097
:103EA000002B2DD00B98DDE90F2109E035E800004B
:103EB00000FC0F4008FC0F000CFCFF7F1B68FBB1EF
:103EC0009C68A24206D0DD68A94218BFAA4201D070
:103ED000A14203D104689C604468DC609C79022C98
:103EE000ECD1DC6AA24206D01D6BA94218BFAA42DF
:103EF00001D0A142E2D10468DC6244681C63DDE7C2
:103F00000C9A584614A9FEF709FD021E03DA901C0C
:103F100055D01646D5E5911C51D0DBF83030013331
:103F2000C3F3090123F00043003918BF012143EA1C
:103F3000C173190DCBF8303011F4E06F4BD0DBF8C2
:103F400034501C98854208D0DBF838101D9CA142E3
:103F500018BFA54201D088423DD10021C3F389207A
:103F600040F2FF34CBE90D113C491940CBF8301039
:103F7000C2F3892188422CD2A2F5806238490B40D5
:103F8000384919430B9B584618911B9300231A92EA
:103F900019930223119A0C9900F068F800287FF415
:103FA0008FADDBF83030013BC3F3090223F000434F
:103FB000121A18BF012243EAC273CBF8303014A999
:103FC0000C9A5846FEF7E4FC38B1831C7FF478ADB8
:103FD00077E5A042D2D10021D4E702303FF471ADA1
:103FE000DBF830301A0D12F4E06F35D0DBF83440D6
:103FF0001C998C4208D0DBF838201D98844218BFE9
:10400000824201D0914227D10022C3F38921CBE91A
:104010000D22124A1A40CBF8302040F2FF32914272
:104020001AD00F4A13400F4A1A439DF8875058463A
:104030000D4C05F5C0650B9B189244EA05541B9383
:10404000119A02231A9400240C99199400F00EF886
:10405000A04218BF064634E50022E6E7FF030080D1
:1040600000FC0F000000F04F08FC0F002DE9F04F9E
:10407000856AA7B006460C4690461F461DB938E033
:104080002D68002D35D005F108039C42F8D0226838
:10409000AB68934207D0E8686168814218BF8B42E1
:1040A00001D09042ECD1AB79012BE9D12B6BDB0233
:1040B000E6D5B36EE96A9A6A9142E1D91B6A29464C
:1040C0006A6B3046EA633366FFF792F80346294687
:1040D0003046002B40F063812B6B23F480132B635D
:1040E000FFF730F90028CBD08146484627B0BDE81D
:1040F000F08F2368A44616AD0B9363680A93BCE85F
:104100000F000FC59CE80F0085E80F008FB34246F3
:1041100008EBC7004FF0000E40F2014140F2FF4CA7
:10412000B24610E0654500F0B880B9F5C06F07D120
:10413000556803F001032E68A6616D68E375E561BB
:10414000083290420DD013681B0DC3F30A0503F427
:10415000E0698D42E6D1A38A083201339042A382FE
:10416000F1D15646BEF1000F03D0A38A002B00F018
:104170001B81A37D002B40F09680A38AFE2B00F2CA
:10418000928002934FF0FF33009442463361002344
:104190002146304601933B46FFF72CFC8146002820
:1041A00040F0AB80B56A002D74D040F2FF4940F278
:1041B000014A0C950D96DDE90ABE05F10806B442E8
:1041C00032D0AB68734506D0EA689B4518BF93456B
:1041D00001D0724528D1A446BCE80F000FC69CE868
:1041E0000F0086E80F00FFB1002305E0514500F005
:1041F000C18001339F4217D058F83320C2F30A51CF
:104200004945F3D1C2F38922A988914200F0C280C6
:10421000EFD9AA790139022AA980EAD1AA6A013321
:10422000013A9F42AA62E7D12D68002DC5D12C46E4
:104230004FF0FF3ADDF82C90DDE90C56AB6899455C
:1042400007D0EA680A99994218BF914201D0914576
:104250001DD105F1200B05F108080CE0EF7FB7B187
:10426000A5F804E0CDE90244CDE900A4FEF780F80A
:1042700000287FF439AFB5F804C04FF0FF33AF8B9F
:104280005A4641463046BC45ACEB070EE6D22D6897
:10429000002DD3D14FF0000936E0A38A4FF0010E74
:1042A000013BA3824CE723684FF0FF31B06EE26818
:1042B0001E9321912369816C1F922292209339B31E
:1042C00008391EAD304610962391002111950291B8
:1042D000CDE90511CDE9031110A908917849CDE97F
:1042E000008707912146FDF7B9FD814690B119F18C
:1042F0001C0F3DD019F1540F3AD016AD0FCD0FC49D
:1043000095E80F0084E80F00484627B0BDE8F08F1D
:10431000C169D5E7B36B716CF26B5940336B306C8C
:104320005A40736B4340B06C4240F06C4340306D78
:104330006FF309024140139312920B4314911343FC
:104340003ED129463046FDF70DFF81460028CED1EB
:10435000209B06F1300223611F9BE36006F13C03C2
:1043600007CA83E80700C6E91299C6F8509019E712
:10437000A38A06E7C2F38922A9889142FFF439AFE4
:10438000AA790131022AA9807FF433AFAA6A0132E7
:10439000AA622EE74FF0FF32C5E9022229E79946CB
:1043A000484627B0BDE8F08F214650461EAAFEF7CA
:1043B000EFFA814600285BD010F1020F9DD1D8E6BC
:1043C0002146304612AAFEF7EBFB8146002894D125
:1043D0001F9B239A03F110019142C9D8209A4FF0F4
:1043E000040A0DF13C0B06F1100182F0FF4201932B
:1043F000CDF80CA0034682F4FF023046CDF808B099
:1044000082F4F8420C9182F00C0212BA0F921E9ABA
:1044100000923246FDF7AEFB814600287FF467AF7D
:1044200052465946219801F013FA12AA4B462190A0
:10443000029230461F9A0C9952444FF00C0A019296
:104440001F921E9ACDF80CA000923246FDF792FB07
:10445000814600287FF44BAF524612A9219801F003
:10446000F7F9184BCDE920301F9B53441F9368E7A1
:1044700010F1020F3FF47DAE9DF88F30002B3FF41A
:1044800078AE0AF1480221465046FEF789FB814684
:1044900000287FF432AFE27D1EA90B4B504602F597
:1044A000C06243EA025312AA129304F11803139351
:1044B0000123FFF7DBFD814600283FF45AAE1CE7DD
:1044C00035E800000CFCFF7F08FC0F000A6B1303AB
:1044D00001D50020704730B50C4687B00546FEF781
:1044E00031FF236B80BBDA032BD5A268013228D0C1
:1044F000E268013225D0DB022BD46B46174AD4E99F
:104500000A01CDE900010821D4F850C011430393FA
:104510002846DCE90132B4F804C00593022342EADC
:104520008C2241EA8C2142F08152029104F108016F
:10453000049202AAFFF79AFD236B28B923F4803373
:104540002363002007B030BD43F40023236307B08A
:1045500030BDE36CE16A024AD6E700BF00002020CC
:104560000000102010B5044682B00191FFF7AEFFA5
:10457000A36A024601994BB104F1280002E01846F3
:104580001B681BB19942FAD10B6803600B6D1B6865
:1045900013B1104602B010BDC86C01920CF06CF85B
:1045A000019A104602B010BDC36B1B0D13F4E06FEF
:1045B00030B50446A1B045D1236BC3F30903002BEA
:1045C0003DD0002501230D9508958DF837300F93C8
:1045D0000E95CDE90955CDE90B554FF0FF330EAAE5
:1045E00010A9204601950093CDE90255FDF7C0FEC4
:1045F00030BB9DF83730002B48D00DF1400E0DF147
:10460000200CBEE80F00ACE80F009EE80F008CE81D
:104610000F000E9B013302D00F9B0133DDD1226BC3
:10462000C2F309035B4242FA83F3C3F3090223F0A6
:104630000043003A18BF012243EAC27323630020FB
:1046400021B030BD00224FF0FF3318A9CDE902227E
:10465000CDE9003200F14002FDF78AFE0028EFD1DB
:10466000E26B18A96063A06311902D48236B104082
:104670002C4D2D4A1D4001230243204625631092F4
:1046800010AAFFF7F3FC002896D0D9E70EA9204620
:1046900018AAFEF743F900281CDA821CD0D104F1D5
:1046A000480210A92046FEF77BFA0028C8D19DF8E1
:1046B00057201E4B02F5C06243EA0253069316AB25
:1046C0000793012306AA08A92046FFF7CFFC00287C
:1046D0009FD0B5E7831CE2D004AAC0F3090318A950
:1046E000019200220293034600922046104AFEF7F0
:1046F0008FF90028A4DB049BDDE90E21934206D04C
:104700008B4208D004AB07930A4B0693D9E7059B6D
:104710008B42F7D171E7059B9A42F3D16DE700BF59
:1047200000FC0F00FF0300800000F04F08FC0F00AA
:1047300000FCFF7F08FC0F602DE9F0439E078DB061
:104740001D4607460C46059204D5FFF72DFF02468D
:10475000002878D10026149B05AA04F108012365DE
:104760003846231DE663E664C4E90C56FEF7CEFB2B
:10477000021E5CDB0123A905A371BB6A2360BC6236
:1047800000F19B80120D012A40F09080A28815F460
:1047900080654FEA822200F0AA80236BDFF8EC915B
:1047A00043F4803342EA09092363226D9368002BA6
:1047B00000F0878000252E4613E013F0020F06F16B
:1047C000010643F4803C08D05168786F2944896819
:1047D000814200F28980C4F830C093680C35B3423E
:1047E0006FD9236BD807E8D5536804F10801B4F8F2
:1047F00004E003EB050C5B5D624ADCF8080003F59E
:10480000407340EA8E2040EA0353C0F3090002904F
:10481000DCF804000190002000903846FEF7F8F81C
:10482000021E236B01DA911C04D1226DC5E7931C93
:104830000DD0236B43F400232146384604922363B2
:10484000FFF790FE049A10460DB0BDE8F083A388F0
:1048500040F2FF318B42ECD00121ED05A171B96A24
:104860002160BC62E5D5059D049328460DF0FEFB52
:10487000FA6E049B82421DD340EA8320424A099586
:1048800004F10801414D42EA832240F4801007966A
:1048900045EA83230692089006AA0A933846032322
:1048A0000B96FFF7E3FB28B9A9467EE7236B6FF071
:1048B0001402BFE76FF02302BBE7236B6FF0100217
:1048C000B8E71068002852D0E064BB6EFF219A6AF6
:1048D0000CF080FF4FF0FF33236440F20123B3EB71
:1048E000195F19D00022AEE76FF01B02A2E7082182
:1048F000274B38460095029104F128011343254ABD
:10490000019104F10801FEF783F8031E9946BFF6F2
:104910004CAF236B4A468DE76FF00102B96EC9F3C5
:1049200009032264A262226BE36242F480122263D2
:1049300000226264886AA064002BD3D0009240F207
:10494000FE32A38804F10801824228BF024638469D
:1049500042EA8323C2F30902029243F00053E26C5D
:1049600001920C4AFEF754F8021EBBDA61E7BB6EF7
:10497000986A0BF079FEE0640028A6D1236B6FF0F3
:104980000B0257E700FCFF7F0000104000001020E2
:104990000800002000FC0F702DE9F0439846836E5C
:1049A0008DB00D461B6A044604A991460366BDF806
:1049B0005460BDF85870FEF75DFA10B10DB0BDE857
:1049C000F0831498434602974A46019604A9009042
:1049D000E87D8DF82700E8690B90A8690A902046C9
:1049E000FFF708F80028E9D10123DDF810C0059988
:1049F000C5F818C0E961EB75226A2B68934208D0AC
:104A0000D5F804E0656AAB4218BFAE4501D07245E7
:104A1000D4D1002ED2D1C4E908C10DB0BDE8F083D5
:104A20000000000030B59BB00446FCF78FFF002863
:104A30005BD1A36E05460146606EDA6A0CF0CAFED1
:104A4000A26E656512A9D36A2046126ADB00E5658D
:104A50002266934228BF1346A365FEF70BFA05466C
:104A600028B12046FCF74EFF28461BB030BDA36E90
:104A70004FF400310D90DA69E06E07921A6A236FE5
:104A800008920A931D4B1E4A0C931E4B09900691E7
:104A9000606F1D490B902046CDE90E2306AA032323
:104AA000CDE910120CAA12A9FFF7E0FA054600287A
:104AB000D7D1034602468DF85E0012A92046FFF7C3
:104AC000D5FA05460028CCD14FF0FF33019012A94A
:104AD00004AA00939FED077BCDE9020020468DEDEF
:104AE000047BFDF745FC0546BBE76FF00B05BBE714
:104AF000AFF3008000000000010000000000104043
:104B00000800F00F382800201800102070B598B069
:104B10000446FCF71BFF002840F095800123054662
:104B200010901793CDE91100CDE91300CDE91500E0
:104B3000A36E1B6AB5EB530F80F08280434B07A92D
:104B4000434A00260893082303912046099303F162
:104B50007F63029210A9009316AA3E4B0196079418
:104B6000FDF706FC031E63DB30D043F3090301337A
:104B70002CD0009610A92046DDE91023636218238B
:104B800022620AAA029303F10053019203F58013F3
:104B9000304AFDF73DFF031E4ADB0A9B1A0C022A2E
:104BA00044D19BB2002B41D10D9B1BB1E26E9342CD
:104BB0003CD8E3660E9B1BB1226F934236D8236725
:104BC0000F9B1BB1626F934230D8636704F13002D0
:104BD00010A920460592FDF7E3FF034640BB169956
:104BE000059A013103D0179901350131A0D1216A0D
:104BF00001311BD0616A013118D0216B04F13C0EE8
:104C0000002501EBD1712163A16ED1F820C0E16ACA
:104C1000B1FBFCF00CFB101607CA8EE80700184623
:104C2000C4E91565C4E9175C18B070BD6FF01503D1
:104C300020460593FCF766FE059B184618B070BD2C
:104C40006FF05303F4E76FF00B03F6E7382800200A
:104C500089E5000000FCFF7F836E0246196B00B5FA
:104C600083B031B1596B69B19B6BA3B1002003B024
:104C700000BDC06801920BF0FFFC019A936E596B66
:104C80000029F1D1D06901920BF0F6FC019A936EE4
:104C90009B6B002BEAD1506E0BF0EEFC002003B0B2
:104CA00000BD00BF70B59CB004460591FFF77CFCC9
:104CB00008B11CB070BD034605AA0AA92046FEF73C
:104CC00025F90028F5DB40F2FF33C0F389229A4230
:104CD00000F08C80A26A484B129200EA0302000D99
:104CE00002280ED0454800230AA91043079306AABC
:104CF000012306902046FFF7B9F9129BA3621CB06E
:104D000070BD0823002516460AA9029308AB204669
:104D1000009501933A4B13433A4AFDF779FE002878
:104D2000C7DB4FF0FF3308AA204614A90195009372
:104D3000CDE90255FDF71CFB0028BAD1BDF864305F
:104D4000002B56D19DF86730002B52D112AB2B4A65
:104D50008DF84E000AA9A3623243236B06920133F9
:104D6000ADF84C000790C3F3090223F00043121A78
:104D7000204618BF012243EAC27306AA2363012317
:104D8000FFF774F9129B0028B8D1A3620AAA236B1B
:104D900014A92046013BC3F3090C23F00043BCF1E6
:104DA000000C18BF4FF0010C43EACC732363FDF7EE
:104DB000EFFD00287FF47DAF04F1480214A92046DE
:104DC000FDF7EEFE00287FF474AF9DF867C0204623
:104DD0000D4B1AAC0CF5C06C08AA0AA943EA0C5397
:104DE000CDE908340123FFF741F962E76FF01500C0
:104DF0005FE76FF026005CE700FC0F000000F04F5B
:104E00000800002000FC0F7008FC0F002DE9F04F97
:104E1000B3B00546CDE90A12FFF7C6FB044618B148
:104E2000204633B0BDE8F08F03460AAA28460EA9F3
:104E3000FEF76CF8031E9846C0F20181C3F3892384
:104E400040F2FF329342994600F0F3800DF12603C1
:104E50000BAA284616A9FEF759F8031E9A46C0F277
:104E6000A880C3F3892340F2FF32934200F0E1802F
:104E70000E9B4FEA185E169A4FEA1A5CA96A934293
:104E80001E9100F03A81E6450F99179840F037815E
:104E9000834218BF814200F0EF808A4200F0EC802C
:104EA0004FEA1A50BDF82620022800F03D814FEA53
:104EB000822B974ACDF8189002EA0802C5E90D3115
:104EC0002B6B6FF39E231343924A1A4301230493DF
:104ED00028AB2A6305938F4A0B9F4BEA0202289264
:104EE00000218D4A384629914BEA02022B912A92E1
:104EF0000DF0BCF80EAB40EA0B00069A00212F9390
:104F0000864B42EA0B022D9708EA030303432C93D6
:104F1000834B13432E93049B002B40F0C0803193AE
:104F200016A97C4B2846059A43EA8923309305232A
:104F3000FFF79CF8002840F0DA801E9B1AF1020F60
:104F4000AB623FF46DAF4FEA1A53022B7FF468AFA8
:104F50002B6B20A92846013BC3F3090223F0004331
:104F6000003A18BF012243EAC27316AA2B63FDF769
:104F70000FFD044600287FF453AF05F1480220A935
:104F80002846FDF70DFE044600287FF449AF9DF842
:104F9000974026AB634A16A904F5C0640D932846D2
:104FA000012342EA04520C920CAAFFF75FF8044670
:104FB00036E713F1020F40F09E80BDF8262040F244
:104FC000FF339A4200F097800E99169BEE6E99423D
:104FD000A86AB3460B9F37D01E9038460492179E9E
:104FE000CDE905130F9B07930DF040F85845069B3C
:104FF000DDE9042100F2EF800798864218BF8E4257
:105000002BD0984229D04FEA822B2A6B0123CDF86E
:1050100018906FF39E22049328ABC5E90D103C490C
:10502000059301EA08010A433A4911430022296322
:1050300055E76FF01504204633B0BDE8F08F1C46ED
:10504000204633B0BDE8F08F1E90384604920DF034
:105050000DF8B042049A00F2BE8091454FEA822BCF
:10506000CDF818904ED309F1010228AB1FFA82F94E
:1050700000220593049232E7BDF8262091453FF4C3
:10508000CFAE4FEA1A51022900F09E8000234FEA6A
:10509000822BCDF81890049328AB05931BE7CDE93C
:1050A0003011059A052316A92846FEF7DFFFF0B94F
:1050B0002B6B1A0D12F4E06F3FF43FAF6FF39E239A
:1050C0000D900EA92B63124B08EA0302114B1343F8
:1050D0000CAAC5E90D000C9328460123FEF7C6FF74
:1050E00000283FF42AAF1E9B0446AB6298E61E9B45
:1050F0000446AB6294E6544692E6E645BCD06FF0B7
:1051000014048DE6002228AB04920593E7E600BF65
:1051100000FC0F000000F04F000010400000F07F86
:105120000000101008FC0F00012304932B4B28AF44
:105130004FEA822B002643EA8223082216A928463A
:1051400002920197264A00960597FDF761FC002818
:10515000FFF62DAF4FF0FF333A4620A928460196BF
:105160000093CDE90266FDF703F900287FF41FAF35
:10517000BDF894305BBB9DF8973043BB8DF87E3013
:105180001EAAADF87C302B6BAA620133CDF81890C3
:10519000C3F3090223F00043121A18BF012243EAA5
:1051A000C273049A2B63002A3FF495AE0D4A6FF345
:1051B0009E2302EA080213430B4A1A430E9B6B63B9
:1051C0000F9B2A63AB6386E600230493AEE76FF080
:1051D0002600044624E66FF0230421E608000020A0
:1051E00000FC0F7000FC0F000000F04F30B58BB0DA
:1051F000154600230446019101AA02A9FDF786FE87
:10520000002806DBC0F389222B4602A92046FDF7C1
:1052100041FF0BB030BD00BF70B58EB015461E46C5
:105220000023059105AA06A90446FDF76FFE002894
:1052300022DB40F2FF33C0F389229A421ED01B4B7F
:10524000034000222046019605F5407E009206A903
:10525000D4F874C0129C164AA44528BFA4464CEA50
:105260000E5CCCF309044CEA03030294FDF7D0FB77
:10527000002814DBC0F309000EB070BD002304F158
:10528000200206A920460193CDE902334FF0FF33F7
:105290000093FDF76DF80028EED10346D1E7831C9B
:1052A00008BF6FF03C000EB070BD00BF00FC0F00E7
:1052B00000FCFF7F70B590B0466F149DB54235D8A5
:1052C00005911E461546002305AA08A90446FDF7C8
:1052D0001DFE002817DB40F2FF33C0F389229A42FB
:1052E00013D0144B00EA030C05F54073149A08A977
:1052F000204642EA03520123079642EA0C02069234
:1053000006AAFEF7B3FE10B070BD002304F1200220
:1053100008A920460193CDE902334FF0FF330093F3
:10532000FDF726F80028EED18446DDE76FF01B007C
:10533000E9E700BF00FC0F0000B5DFF810C083B044
:10534000CDF800C0FFF7F8F903B000BD38300020F9
:10535000FFF708B9FFF7BAB8FEF7A8BAFEF772B8B8
:1053600010B5D1F834C082B0D0F870E04BB1012B49
:1053700006D0022B15D0F4451ED8604602B010BDF1
:105380006244724518D89445F7D0CDE90012FDF774
:10539000D9FF0028F2D1019A009910464A6302B061
:1053A00010BDD1E90B34A40301D41A44E9E76345E5
:1053B00038BF63461A44E4E76FF01500DEE700BF2C
:1053C000F0B5151E89B00CDB0C4607464E6BD1E9D3
:1053D0000B32920337D49D4207D357D83B6F9E427E
:1053E0003FD96FF0150009B0F0BD21463846FDF7F2
:1053F000A9FF0028F7D104F13C03009504F1400116
:105400003846029304F138030193D4E90A23FCF7E8
:1054100029FC0028E7D1A26B2B466563A262226BB0
:10542000E56242F4A02222633A6F9642D9D89E42A6
:1054300017D021463846FDF785FFB0BB06EAE67077
:10544000666309B0F0BD9E42324638BF1A469542A7
:10545000CBD3C3D9016F8A42C3D89E4205D213462B
:1054600019E006EAE67009B0F0BD4FF0000C012328
:105470000DF11F02214638468DF81FC0FDF7E2FFEF
:105480000028B0DB636B9D42EFD8CDE7026F9342FB
:10549000A7D89E42E9D0214638460593FDF752FF32
:1054A000002806D1059B6363EDE700EAE07009B0D0
:1054B000F0BD98DBE6E700BF486B7047D1E90B030E
:1054C0009B0303D54B6B984238BF1846704700BF0B
:1054D0002DE9F041ACB004460791FFF765F810B133
:1054E0002CB0BDE8F081A16A0DF11A0307AA20468D
:1054F000229124A9FDF70AFD831C65D1BDF81A206D
:1055000040F2FF339A421646EAD0079B1846984667
:105510000CF0ACFDE36E0746984200F29D80A36E4E
:1055200020460AA91B6A2366FDF7A4FC0028D7D1F0
:105530000DF1900E05460DF1480CBEE80F00ACE8E9
:105540000F009EE80F008CE80F000AE04FF0FF30DC
:10555000019500902046CDE90255FCF709FF00288F
:10556000BED19DF85F004FF0FF3318AA12A90028A2
:10557000ECD13B4D012309920AA908AA20460895BF
:10558000FEF774FD0028ABD19DF8A7301BBB354B4F
:1055900047EA86211AAA43EA862C334B41F40011CC
:1055A00043EA862320460AAC1E930AAB21940024CA
:1055B000CDF868C01B94CDE91C18CDE91F3524A98E
:1055C0000423FEF753FD8BE70028A8BF6FF01000FF
:1055D0002CB0BDE8F0810AAB22AA8DF88E0012A98A
:1055E0001B93236BA2620133ADF88C001A95C3F3B1
:1055F000090223F00043121A204618BF012243EA91
:10560000C2731AAA236301230592FEF72FFD229B82
:10561000059AA36200287FF463AF236B47EA8621D3
:10562000DFF840C0013B9DF8A77041F400114CEA3F
:10563000862CC3F3090E23F00043BEEB000E18BF07
:105640004FF0010E874218BF054643EACE7323632D
:10565000054B43EA8623A5E76FF0230040E700BF30
:1056600008FC0F600000104008000020F0B589B071
:105670000C4600230831059205AA0546FDF746FCB5
:10568000002826DB030D022B39D140F2FF33C0F393
:1056900089229A421FD106AFD5E9083207920693B4
:1056A00000233A4604F1080128460193CDE902336C
:1056B0004FF0FF330093FCF75BFE50B9A368022262
:1056C000A080A271AA6AE362E368A06222602363F9
:1056D000AC6209B0F0BD0B4B04F108010A4A184056
:1056E0000823029306AB01931F4600230093074B48
:1056F00003432846FDF78CF90028D1DAE9E76FF07B
:105700001300E6E700FC0F0000FC0F70080000200B
:10571000836A43B1283002E018461B681BB19942E6
:10572000FAD10B6803600020704700BF2DE9F047F5
:1057300090460C4684B005464FF4847200214046E2
:105740000CF048F8A36A002B49D0012B36D0B4F8EE
:1057500004C04FF0000A09E0B4F804C002300CF1B4
:10576000010C1FFA8CFCA4F804C031D1B4F81CE081
:1057700004F1200204F108014FF0FF33E64528460A
:105780000ED194F81FC0BCF1000F32D0CDF804A0A8
:105790000093CDE902AAFCF7EBFD60B98446A08036
:1057A000434604F1080162462846FDF773FC0028D1
:1057B000D2D0831CD0D004B0BDE8F0870F4A434656
:1057C000022103F8081B11889278A8F808109A7033
:1057D000A36A01330120A36204B0BDE8F087084B3F
:1057E00002221B8888F80020A8F80830A36A013339
:1057F000F0E7604604B0BDE8F08700BF3428002021
:105800004428002010B5002284B04FF0FF330C462E
:10581000CDE90222CDE9003201F12C020831FCF77A
:10582000A7FD08B9A080A06204B010BD00B583B088
:105830000023044901AA0193FDF7DCF900B901989E
:1058400003B000BD61E200000123FDF7D3B900BF42
:10585000DAB1013A01F1FF3C00B51144DFF82CE068
:105860001CF8013F83EA0002614502F00F025EF876
:10587000222082EA101080EA131303F00F035EF86F
:10588000233083EA1010EBD100BD70471C34002098
:1058900042F2107310B50360044602F0B7FD002316
:1058A000024620462372626010BD00BF037A8B421D
:1058B00000D17047012200B583B082700191009041
:1058C00002F0A4FDDDE900311972586003B000BD9B
:1058D00083780BB90020704700B583B0019002F0C7
:1058E00095FD019B59681A88401A824202D3002014
:1058F00003B000BD187A002201309A70C0B203B024
:1059000000BD00BF007A70474FF0000C61F3070C38
:105910009DF8041062F30F2C9DF80820017163F3C9
:10592000174C9DF80030427163F31F6C0823C0F8D8
:1059300000C08360704700BF10B5044601210078A5
:1059400002F0C2FD6078012102F0BEFDA0780121C5
:1059500002F0BAFDE078002102F0B6FD20790021C6
:1059600002F0B2FD60790021BDE8104002F0ACBD4C
:1059700070B505460C464078002102F071FDAE6816
:10598000013E14D40021A87802F06AFD14F001034E
:105990004FF00101287808BF1946013E02F060FD72
:1059A0000121A878640802F05BFD731CEAD16878D5
:1059B0000121BDE8704002F053BD00BF2DE9F84F52
:1059C0000F4605460724DFF8E08001F1FC064FF0A2
:1059D000010ADFF8D0B00AFA04F12846C943C9B277
:1059E000FFF7C6FFDBF804102D4BD8F80020A3FB0F
:1059F0000232920C02EB8202DBF804305B1A9A420C
:105A0000FAD804EB4409E87802F04CFDB0FA80F1D2
:105A1000A9F102004909C0B200EB400007EB800089
:105A2000FFF744FF287902F03DFD09F1FF33B0FA9A
:105A300080F1D8B2490900EB400007EB8000FFF786
:105A400035FF687902F02EFDB0FA80F13046243E31
:105A50004909FFF72BFF013CBDD1FE212846FFF786
:105A600087FF0F4BDBF80400D8F800200D49A3FB9B
:105A70000232920C02EB82024B681B1A9A42FBD84C
:105A8000E87802F00FFDB0FA80F138464909FFF7D7
:105A90000DFF2846FF21BDE8F84FFFF769BF00BFA3
:105AA00083DE1B43001000E0D4400020F8B504461C
:105AB00007F0CEF9DFF838E0002504F1380C0A4F82
:105AC0000A4EBEE80F00ACE80F00BEE80F00ACE8DD
:105AD0000F009EE80F008CE80F002046A4F87050DD
:105AE000C4E91A76F8BD00BF28140101033F010084
:105AF000501F002010B5044601235A220A4907F01E
:105B000051FD0021204607F019FE5A21204607F0DA
:105B10000DFA00B110BD1621044805F05DFB0448E4
:105B2000BDE8104001F0A6BEE84000204828002053
:105B3000D840002010B5122104461F4805F04CFB48
:105B40001E4801F097FE94F8692094F868102046EA
:105B500007F0CAFA94F86B3094F86A2020465A216C
:105B600007F0D8FA94F86C2020465A2107F04AFA38
:105B700094F86D2020465A2107F000FB94F86E201F
:105B800020465A2107F03AFB94F86F2020465A210C
:105B900007F070FB94F8702020465A2107F0A2FB12
:105BA00020465A2194F8712007F0D8FB20460021A6
:105BB000BDE8104007F0C2BD60280020D84000209A
:105BC0002DE9F843064688465A2107F053FD07465B
:105BD0000146304607F068F9B0B906F134090546C8
:105BE00059F8043FEAB23946304603EB4303013526
:105BF00008EB830407F05AF901462046FFF756FEEA
:105C00000C2DEDD1BDE8F8831821064805F0E4FA23
:105C1000054801F02FFE30460021BDE8F84307F0AB
:105C20008DBD00BF74280020D8400020BDF800C002
:105C3000521AACEB030C21D0401ABCF1000F1146F4
:105C40000CFB00F00CDB002AB8BF511C00EB61001C
:105C500090FBF2F100FB02F2C818002A16DB704735
:105C6000002AB8BF511CA0EB610090FBF2F100FBD1
:105C700002F2C818002AF2DB01307047BCF1000FB5
:105C8000B8BF0CF1010C03EB6C0070470138704792
:105C900000234FF01412C0E90033C0E90233C0E919
:105CA0000433C0E906334363C0E90E12704700BFF6
:105CB00070B586B004461D4601620B9E00210A980D
:105CC00002AB2564B568029184ED090AA262C4EDB5
:105CD0000B0AA0610591C3E901110DB31846022218
:105CE0003146A84702ABD6E90250E168A668E060F9
:105CF00004960591A56093E80300CDE9000194E8BE
:105D0000030083E80300DDE9000184E803001EB11D
:105D1000032219461846B0470C9B236306B070BD9A
:105D20002846E2E70162704780ED090A704700BF2C
:105D30008162704780ED0B0A704700BF8161704738
:105D400000000000F0B5044687B090F838000D461A
:105D500002F022F92269C0F58063664902EB8202F3
:105D60009BB203EB420381FB0321DB17C3EB610012
:105D70006369B4F93E101B1A2061002BB8BF5B4267
:105D800025B1994259DB002007B0F0BD256A226C8D
:105D900032F91520656BAA4200F09980626394ED98
:105DA000094A07EE902AB7EE003BB4F93C10B7EE73
:105DB000C44A6061B8EEE75BC1F580629FED492B94
:105DC0009FED4A6B84EE027B33EE474B37EE037B4D
:105DD00024EE054B27EE057BB4EEC46BF1EE10FA12
:105DE000BCEEC77B26FE046BBCEEC66B17EE103A0A
:105DF0009EB216EE103A9BB20096FFF717FF834251
:105E00001D4603DC86423546A8BF054629463A486A
:105E100001F024FD384801F02DFD226AA368CDE988
:105E20000225002B5CD002A92046E36803AA98470C
:105E300000212046FFF786FFA5E794ED0B5AB7EE49
:105E4000003BA26AB7EEC55A236CB4F93C10164663
:105E500033F912306061C1F5806204EE103A9FEDB3
:105E6000212BB8EEC44B85EE027B9FED206B33EE09
:105E7000475B37EE037B25EE045B27EE047BB4EE35
:105E8000C56BBCEEC77BF1EE10FA17EE103A26FE9A
:105E9000056BBCEEC66B9BB200931F4616EE103A24
:105EA0009BB2FFF7C3FE834215DDA268CDE9046310
:105EB000B2B1E36805AA04A9204698472369216B7B
:105EC0002846226CA36122F8113007B0F0BD994238
:105ED000FFF665AF57E787423B46A8BF0346E4E7B6
:105EE00005F008FB00000000000059400000000021
:105EF00000000000E9A28B2ED840002000214FF4C2
:105F0000806370B5054684B0C0E90413FFF71AFF3B
:105F100095ED0B5AAE6AB7EE003BB7EEC55A2B6C47
:105F2000B5F93C1033F91630A869C1F5806204EE6A
:105F3000103A9FED1C2BB8EEC44B85EE027B9FED13
:105F40001B6B33EE475B37EE037B25EE045B27EEDE
:105F5000047BB4EEC56BF1EE10FABCEEC77B26FEF7
:105F6000056BBCEEC66B17EE103A9CB216EE103AFB
:105F70009BB20094FFF75AFE834203DC844223461F
:105F8000A8BF0346AA68CDE9026332B1EB6803AA51
:105F900002A92846984704B070BD05F0ABFA00BFCF
:105FA000AFF3008000000000000059400000000036
:105FB00000000000017E2DE9F04F06462DED108B0C
:105FC000C1B091B3604D2C78002C00F053860021B5
:105FD000304601F0D5F804460121304601F0D0F8F2
:105FE0000546002C00F0AA86002800F0AD86574B2D
:105FF000399300222146304601F0A0F801223046B4
:10600000294601F09BF8399B9C4202D0204601F0C2
:106010006DF8399B9D4200F0ED85284641B0BDECFE
:10602000108BBDE8F04F01F061B8474B197001F0DB
:10603000A7F801213A90304601F0A2F83B9000F019
:10604000FDFF04463D9000F0F9FF3C90002C00F06D
:10605000FC85002800F0F4853A9B002B00F08A862E
:106060003A4B39933B9B002B00F080863A9B802271
:106070003749181DDFED37EA05F0CAF93B9B80224E
:106080003549181D05F0C4F9D6F8C030D6F8B82047
:1060900019461A93D6F8BC3019921944D6F8B43080
:1060A000D6ED2BBAD3182A4A3F910792B6F85C2056
:1060B0003E931B92B6F85E201C92B6F860201D92AB
:1060C000B6F862201E92B6F864201F92B6F86620D9
:1060D0002092B6F868202192B6F86A202292B28DFA
:1060E0000C92F28D0B92328E0A92728EB6F8444068
:1060F0000992328FB6F846B00692728FB6F84870A1
:106100000892B6F85420B6F84A500592B6F85620D0
:10611000B6F83CA00492B6F85820B6F83E80039238
:10612000B6F85A2002923C9A023215923D9A0232F7
:106130001492094ACDE900311392CDE90D57CDE90A
:106140000FB4CDE9118AB6E2864C0120C8220020A6
:1061500078C2262000E0FF4478C026201B9B03EB7A
:10616000020B1F9B1344179396ED1D6A96ED254A6B
:1061700077EEC66A96ED218AD6ED260A96ED1B1AB1
:10618000A4EE266A96ED1C3AD6ED2C3A96ED0D7AE1
:10619000059B0F9AA6F8543077EEC66ADE4B76EE72
:1061A000487A96ED134A03EB820486ED1D6A299224
:1061B000A0EEA78AD94BF0EE467AE1EE267A86ED7C
:1061C000218A94ED00AAE3EE087A67EEAB7AA3EE9B
:1061D000A77AA4EE07AAAAEE447A84ED007A541CAA
:1061E0008DED287AA2B240F65834A24288BF002230
:1061F000A6F846200F92049A03EB8204571C2792BC
:10620000D4ED007ABAB284ED00AA41F2EC14049203
:10621000A24200F2EB831C9B03EB0209209B134478
:106220001693D6ED1E6A96ED259A37EEE64A96ED60
:10623000220AD6ED260A96ED1B1AE9EE046A96EDBF
:106240001C3AD6ED2C3A96ED107A049B0E9AA6F8DD
:10625000563037EEE64AB24B76EEC07AC6ED1E6A8D
:1062600003EB82042692AF4BA0EEA70AF0EE667A0B
:10627000E1EE047A96ED134A86ED220AD4ED009AF7
:10628000E3EE007A67EEAB7AA3EEA77AE4EE079A24
:10629000A9EEC47A84ED007A541C8DED257AA2B261
:1062A00040F66644A24288BF0022A6F848200E921B
:1062B000039A03EB820402F1010E2492D4ED007ADA
:1062C0001FFA8EF2C4ED009A41F20C140392A2421E
:1062D00000F286831D9B03EB0208219B9C1896ED20
:1062E0001F7AD6ED253A37EEC74AD6ED230A96ED4A
:1062F000261A96ED1B9AA3EE847AD6ED1C3A039BE0
:106300000D9AA6F85830884B239237EEC74A03EB14
:10631000820E37EE603A86ED1F7AF0EE477A834BB5
:10632000E1EE030A96ED0D3AE9EE047A96ED2C4A79
:10633000C6ED230AE3EEA07A9EED009A67EEAB7AF3
:10634000A4EE273AD6ED137AA7EE839AA9EE673A20
:106350008EED003A02F1010E1FFA8EF240F65D1E3C
:10636000724588BF0022A6F84A200D92029A03EBDC
:10637000820E02F1010A18929EED001A1FFA8AF2AB
:106380008EED009A40F6716E0292724500F2218302
:106390001E9B03EB020E229B03EB020A09EBE5298D
:1063A000C5F30A0504EBE024D6ED20DA07EE905A97
:1063B0000EEBE02EC0F30A0008EBE128F8EEE77AD6
:1063C0000AEBE12AC1F30A01029BF0EE6D1A019A71
:1063D000C7EEAE3A07EE900AA6F85A3041F2ED1534
:1063E000169B534803EBEC27CCF30A03B8EEE74ABD
:1063F00007EE901A0DEE103A1A9BF8EEE77A9FED31
:106400004DFAC4EE2ECA96ED254A1A44199B019204
:10641000009A87EEAECA1A440092474A71EE6D7A2E
:10642000D6ED26DAB8EECDDAA2FB091CA0FB0801F6
:106430003A4AE4EE271A96ED244ACDEE2EFA96ED6E
:106440001BDA4FEA1C3C890A05FB1C9C41F20D1922
:1064500031EE611A0CF10100F0EE617A02EB8C0C66
:1064600080B209FB1181C6ED201AEDEE017AA84237
:1064700008BF002031EEC41A02EB80002F4AADEEB7
:10648000814AB0EE442A86ED244A96ED1C4AE4EE99
:10649000027A96ED2C4A67EEAB7A67EE847AB7EE15
:1064A000004AC6ED147ADCED00DA90ED001AA2FB8A
:1064B0000BC001F1010C1B4AC00A23EE811A1FFA1E
:1064C0008CFC74EE633A02EB8101CC4508BF4FF0BF
:1064D000000C91ED00EAA3EEAD1A02EB8C0C18490A
:1064E000184A9CED00DAA1FB0EC140F6726CDFED9C
:1064F00016DAC90A2CEE0DDA0CFB11E140F65F5EEC
:106500000EFB10B002EB8000084AD0ED003A481CA8
:1065100002EB81011AE000BF00192620BC442520AF
:1065200064E7252088002520ECC12520C0C6242052
:10653000694F0E3C3333333F0D6A7FE4F38D2A9964
:106540002DAEC68D708C2520CDCC4C3F134663EE0E
:10655000AD3A80B2D1ED00DA604508BF0020CF49E6
:10656000E1EE0F3A34EE4CFA02EB8000CC4A90EDAB
:10657000001AA1FB0701AFEE0EDA9FEDCAEA2CEE7E
:10658000811A090B05FB1171481C02EB8101EDEE2C
:106590000E3A34EE6CDA80B2B6EE00EAA84208BFDA
:1065A000002034EE6F4AADEE2D1AD6ED27DA02EB5D
:1065B0008000BD4AE1EE0E3A96ED281A73EEC13A1C
:1065C000ADEEA31A86ED281AD1ED003ACDED163ABC
:1065D000D0ED003AB5486FEEA33ADDED16FAA0FB18
:1065E0000401179DB248890AE4EE2F3ADFEDB1FAB3
:1065F00009FB1141A0FB0540AF4CC00A0EFB105037
:1066000004EB800090ED004A481C02EB810180B24F
:1066100024EE2F4ADFEDA9FA484508BF0020A3EE7B
:10662000AF4AD1ED00FA02EB8000A549159AD0EDF2
:10663000003AA1FB0A1414986CEEA33ADFED99CA54
:10664000E40AEDEE2F3A0CFB14A4A3EEAC4ADFED06
:106650009DCAD6ED293A21EE2CDABDEECDDA1DEE3B
:10666000101A20F8021F1490601C03EB840480B2FF
:10667000D4ED00FA604508BF002003EB800090EDE8
:1066800000DA2CEE0DDAAFEE8FDAADEE0E4A34EE14
:10669000634AE4EE2D3A23EEAC4AC6ED293ABDEE4C
:1066A000C44A14EE103A22F8023F874B1592079A1B
:1066B000934200F0A281079A8449F2EC012A96EDF8
:1066C000097A07920C9A62EE872AD6ED0A7A01EBD4
:1066D000820138927E4BD1ED004A7E4CE7EEA24A11
:1066E000E4EEE72AC1ED002A511CD6ED0A7A8AB2FF
:1066F0007949E02A28BF0022B2850C920B9A01EB5F
:106700008201379291ED005AA7EEA45AE5EE674A4E
:10671000C1ED004A511CD6ED0A7A8AB26F49B2F532
:10672000D27F28BF0022F2850B920A9A01EB8201E8
:106730003692D1ED005AE7EE855AA5EEE75A81ED83
:10674000005A511CD6ED0A7A8AB26549B2F5567FD5
:1067500028BF002232860A92099A01EB820191ED4C
:1067600000BAA7EEA5BAEBEE675AC1ED005A511C6C
:10677000D6ED0A7A96ED097A86ED0DBA35928AB28F
:106780005849B2F5886F019888BF0022000E7286C2
:1067900000F140070992139AFFB2F2EC01CA13927A
:1067A0006CEE87CA069A01EB8201349291ED00CA21
:1067B000A7EEACCAECEE67CAC1ED00CA0099D6EDEF
:1067C0000A7A0D0E511CCDED33CA8AB205F1400C88
:1067D000691C33F915E05FFA8CFC9C2A33F911101F
:1067E0001D4628BF002216910CF10101069233F9D3
:1067F00011A0411C33F9100033F91130791C089AAB
:1068000035F9111004EB820435F91CB0189135F9F3
:106810001710069D17933587D4ED001AE7EE8C1AF2
:10682000A1EEE7CA84ED00CA541CD6ED0A7A8DEDBC
:1068300031CA3292A2B22C4CB2F5027F009D169B57
:1068400028BF002272870892129A04EB82043092C9
:1068500094ED002AA7EEA12AE2EE671AC4ED001A11
:10686000541CD6ED0A7AA2B2204CCDED2F1AB2F507
:106870006F7F28BF0022B2871292119A04EB820424
:106880002E92D4ED008AE7EE828AA8EEE72A84ED04
:10689000002A541CD6ED147AA2B229E00D6A7FE4D6
:1068A000BC4425209A99193F88002520694F0E3C49
:1068B000F38D2A99CDCC4C3F708C25203333333F58
:1068C0002DAEC68D00FEFF4678C42620F8BC2620DB
:1068D000801F0020748D262068B6262008A9262057
:1068E0000498262094952620847E2620606A2620FF
:1068F000C34C78EEA77A96ED137AB2F5A16FC6ED88
:10690000108A8DED2D2A88BF0022F2871192109AED
:1069100004EB82042C92D4ED00AAE7EE27AAEAEE5B
:10692000C77AC4ED007A6FF07F44CDED2B7A05EA8B
:106930000409019D05EA0408A4EB0C058BFB055B2B
:10694000CCFB0A5B2D0E45EA0B250FFA85FCA4EB68
:1069500009058EFB055EC9FB035E2D0E179B45EAFC
:106960000E25A4EB080EE41B80FB0E0E2DB281FB5E
:106970000414C8FB030E189B000EC7FB0314090E7A
:10698000A04B40EA0E2041EA0421541C00B2A7B2F9
:1069900040F6FE0409B2A74288BF00271097A6F868
:1069A0004470059A03EB8204571C2A92D4ED007AB6
:1069B000BAB2C4ED00AA40F65E540592A2427FF638
:1069C000CDAB1F9BDDF86CB0179300230593FFF749
:1069D000CBBB0023DDF888A0DDF878E00293DDE48E
:1069E0000023219CDDF87480039378E4209BDDF87C
:1069F000709016930023049313E4389A0BEE901AC8
:106A0000814B379803EB8203804A009302EB8003AB
:106A10007F4A0193369B239802EB8302359B0792B2
:106A20007C4A02EB8302349BDDE90D570D927A4AD2
:106A300002EB8302329B0E92784A02EB8302309B78
:106A4000DDE90FB40F92764A02EB830C2E9B754A58
:106A500002EB830E2C9B6A4A02EB83022A9B109264
:106A6000684A02EB8309299B6F4A02EB8302279B4A
:106A7000DDE9118A11926D4A02EB8302269B129284
:106A80006B4A02EB83026B4B1392249A03EB820254
:106A9000694B03EB800369481493189B3E9900EB04
:106AA0008300199BC3EBC3130B441A99C6F8B43087
:106AB000C1EBC1133F990B440C99C6F8BC30009B45
:106AC000C3ED002A019BB185C3ED004A0B99079BDA
:106AD000F18583ED005A0A990D9B3186C3ED005A6A
:106AE00009990E9BDDED335A718686ED0DBA069934
:106AF000C3ED005A0F9BDDED315A3187C3ED005ACB
:106B00000899DDED2F5A7187CCED005ADDED2D5A35
:106B1000A6F83CA0109BCEED005ADDED2B5AC6ED39
:106B2000108AA6F83E800599C3ED005AA6F84440A5
:106B3000119BC9ED00AA86ED1D6A9DED286AA6F895
:106B4000541086ED218A83ED006A129B0499A6F801
:106B500046B083ED00AA139BC6ED1E6ADDED256AE3
:106B600086ED220AA6F85610C3ED006AA6F8487012
:106B7000C2ED009A039A149B86ED1F7AC6ED230A94
:106B8000A6F858201BEE902A83ED003A029BA6F847
:106B90004A503D9D80ED009A3046A6F85A3029466D
:106BA000C6ED201A86ED242AC6ED147A86ED281A41
:106BB0003C9CA5F8022114EE102AC6ED293AA4F84F
:106BC0000221002200F0BAFA01222146304600F0EC
:106BD000B5FA284600F08AFA204600F087FADDE987
:106BE0003923934202D0184600F080FA3B9B399A31
:106BF000934237D141B0BDEC108BBDE8F08F00BFA0
:106C000064462620708C2520F8BC262068B62620F5
:106C100008A926200498262094952620748D2620E5
:106C2000847E2620606A262000192620BC44252068
:106C300064E7252088002520ECC12520C0C624203B
:106C40003D9B13B1184600F051FA3C9B13B1184616
:106C500000F04CFA3A9B13B1184600F047FA3B9B00
:106C6000002BC7D0184641B0BDEC108BBDE8F04FEB
:106C700000F03CBA4FF46072214648480AF0AAFD81
:106C80004FF4D262214646480AF0A4FD4FF4566202
:106C9000214644480AF09EFD41F204122146424832
:106CA0000AF098FD4FF41C72214640480AF092FD0C
:106CB0004FF4026221463E480AF08CFD4FF46F62A9
:106CC00021463C480AF086FD41F2244221463A48DA
:106CD0000AF080FD42F2FC32214638480AF07AFD83
:106CE00042F66452214636480AF074FD43F29C1283
:106CF000214634480AF06EFD42F27852214632486D
:106D00000AF068FD43F27C52214630480AF062FDE9
:106D100044F2B47221462E480AF05CFD44F234423B
:106D200021462C480AF056FD43F6C81221462A484F
:106D30000AF050FD01232B70FFF749B9F8B1274B3A
:106D40001C463993FFF755B9244D0246214630467B
:106D500000F0F4F9012230462946399500F0EEF9A9
:106D6000AC423FF447AF399DFFF750B91B4B3B9303
:106D7000FFF77CB9194BCDE93933FFF773B92A46D0
:106D80003046164900F0DAF901221449304641B084
:106D9000BDEC108BBDE8F04F00F0D0B9F8BC262058
:106DA00068B6262008A92620049826209495262037
:106DB000748D2620847E2620606A26206446262044
:106DC0000019262064E72520ECC12520708C2520A1
:106DD000BC44252088002520C0C62420C8220020CD
:106DE000F8B5044600225F4823465F4943F81C0B70
:106DF0004FF40070C4E903230B682081C4E9072223
:106E0000002B00F0AC801A465B69002BFBD154616B
:106E1000564A0025564B4FF07C5122600026E36510
:106E2000544A554B554F6162294665616560A572AC
:106E30002576A7625248C4E91823524B524AC4F837
:106E4000A830A2664FF460720AF0C4FC29464FF4E1
:106E5000D2624E480AF0BEFC29464FF456624C48B6
:106E60000AF0B8FC294641F204124A480AF0B2FC82
:106E700029464FF41C724848C4E90B550AF0AAFC95
:106E800029464FF4026245480AF0A4FC29464FF413
:106E90006F6243480AF09EFC294641F22442414871
:106EA0000AF098FC294642F2FC3226643E48C4E9C6
:106EB0000E550AF08FFC294642F664523B480AF010
:106EC00089FC294643F29C1239480AF083FC294682
:106ED00042F2785237480AF07DFC294643F27C5250
:106EE000E76426653448C4E911550AF073FC294665
:106EF00044F2B47231480AF06DFC294644F234423F
:106F00002F480AF067FC43F6C81229462D480AF0BC
:106F100061FC4FF07E522C4B2046E266C4F8943060
:106F20002A4A2B4B26676667A667C4F89820E6674F
:106F3000C4F88060C4F88460C4F88860C4F88C60C9
:106F4000C4F89060C4F89C30C4F8A060C4F8A46091
:106F5000C4E91555C4E92D55C4E92F55F8BD0C6099
:106F600056E700BF042C0020FC6C0020582D0020A8
:106F7000C9009100690718016907DD046666263FAC
:106F8000F8BC26203333733FE7010C0368B6262094
:106F900008A926200498262094952620748D262062
:106FA000847E2620606A262064462620001926203A
:106FB00064E72520ECC12520708C2520BC442520C9
:106FC00088002520C0C624209A99993E8FC2753D1D
:106FD0009A99193F4FF0E0234022C3F808227047E6
:106FE000F8B5124B124D1C686E688CB1237A20469E
:106FF0005BB123686F681B6898476B68E288DB1B8E
:107000009B099A42A38038BFE3806469002CEDD1CC
:10701000074B084A5B6811889B1B07489B099942EC
:10702000038038BF1380BFF34F8FF8BDFC6C002086
:10703000001000E05E4C01205C4C012010B572B6DF
:10704000DFF8A0E0DFF8A0C0BEF800000CF170028D
:107050000CEB800393423BD20CF16F02411CD21A1D
:1070600001EB920103E001300433884230D01A680A
:10707000002AF8D0B2FA82F14FF00044CC4022EA64
:1070800004021A6002B90130134AAEF80000B2F8E7
:1070900000E00EF1010EA2F800E062B6A3EB0C03D3
:1070A00041F67C72C1EB016C0C4803EB8313C1EB1E
:1070B0008C11006802EB4313094A03EB81030121A1
:1070C000C15418441388734538BFA2F800E010BDBE
:1070D00062B6002010BD00BF584C0120F86C0020A3
:1070E0005A4C0120604C0120006D0020428872B68D
:1070F0000378012B03D9013B037062B67047D1437B
:1071000053090B484FF0004201F01F01CA4050F8EC
:1071100023100A430749B1F800C040F823209C45DA
:10712000054A88BF0B801388013B138062B6704705
:10713000006D0020604C0120584C0120C36813B939
:107140007047DB68D3B1187A9042FAD110B458680E
:1071500093F809C0006950F82C404CB1DB682BB1A2
:10716000187A9042F3D0DB68002BF9D110BC70473D
:1071700040F82C10087801300870EFE7704700BF26
:10718000437A8B4206D90369002253F8210043F861
:107190002120704700207047437A8B4220D9026932
:1071A000002052F8213042F82100CBB11A78012A90
:1071B00001D81846704710B582B00193FFF73EFF23
:1071C000019B044630B1191D4FF48072043001F068
:1071D000CBFA019B1A782046013A1A7002B010BD12
:1071E00000231846704700BF044A0023116803813A
:1071F00010600374C160C0E900337047706D0020F7
:10720000037C13BB036823B3436813B3427A5B7AEE
:107210009A4222D200B572B6324BD3F800E0BEF1EA
:10722000000F23D0DEF80C30DBB1416801E0DB68F1
:10723000BBB15A688A42FAD193F809C0427A9445A0
:10724000F5D162B60423184600BD012362B6184684
:107250007047032362B618467047022362B6184689
:107260007047DEF814E0BEF1000FDBD11E4A136850
:10727000C3B1944603E003F10C0CDB6893B1984270
:10728000F9D1D0F800E0DEF80C1039B3CB681BB9A7
:107290000CE0DA685AB1134688421946F9D162B651
:1072A0000623D0E7052362B6184600BD0B46D8601A
:1072B000C2680023CCF800200122C3609EF80A10A7
:1072C0008EF8082011448EF80A10416891F80AC01F
:1072D0000A72944481F80AC00274E4E7CEF80C0004
:1072E000E6E700BFFC6C0020706D002010B590F840
:1072F00010E01C469DF80830BEF1000F01D00120BF
:1073000010BDC0E9001402724372BDE81040FFF7DF
:1073100077BF00BF037C002B3ED04368427A5B7A84
:107320009A4241D272B60168CB68002B36D098429F
:1073300010B582B03AD01A46DB68984231D0002BA3
:10734000F9D10346406893F809C0026952F82C202D
:107350006AB110460193FFF7C9FE72B6019B002285
:10736000586893F809C00469196844F82C208A7A8F
:10737000013AD2B28A7202B90A72827A013AD2B260
:10738000827202B902720B4A0020116818741360ED
:10739000D96062B602B010BD0120704762B603200A
:1073A0007047C368D360CCE702207047C368CB60E6
:1073B000C7E700BF706D002010B50446FFF7AAFFB5
:1073C000064A136823B907E003F10C02DB681BB11E
:1073D0009C42F9D1E3681360204610BD706D002017
:1073E0000B4B1A7892B90B4A0B49C2F858110B484B
:1073F0004FF0D00C01224FF0E02180F846C04FF052
:10740000400C1046C1F808C11A7070470020704740
:107410007E4C012000640020B53A010000E400E049
:107420000000000010B572B6DFF8C0C0BCF8002044
:1074300091B9036883B190F804E0BEF10F0F0CD846
:1074400042FA0EF414F0010445D0264C7444B3EB18
:10745000441F02D162B610BD002142FA01F3DB07DE
:1074600007D501311029F8D162B6002301710360FC
:1074700010BD01238B401A43ACF8002062B61A4AB3
:1074800081F0030C0171D36F43F0C003D367A2F501
:10749000A03240F28243136002F58072114B02F871
:1074A000E61CCB1802F8E21C02F8E81C5B0102F8AB
:1074B000E11C9FED0A7B036083ED007B83ED027B83
:1074C00083ED047B83ED067B1CF8023063F03F0301
:1074D0000CF8023010BD2146BFE700BF00000000DD
:1074E000000000008074000200C00F406E4C0120BC
:1074F00003790F2B11D8094A937672B608490122F5
:1075000090F804C00B8802FA0CF223EA02030B8005
:1075100062B61022002302710360704700800E40A3
:107520006E4C0120704700BF704700BF704700BF1E
:10753000704700BF70B51A4C1A4D2368AB4202D099
:10754000194AD16829BBA369AB4202D0164AD16956
:10755000C9B9236BAB4202D0134AD16A69B9A36C93
:10756000AB4209D0104AD16B31B101211B680F48E1
:10757000D163BDE87040184770BD01211B680C48FD
:10758000D1629847EBE701211B680A48D16198470F
:10759000DFE701211B6804F10800D1609847D2E7BA
:1075A000C0660020CC230020004108401067002066
:1075B000F8660020E066002038B5064CA4F16005AE
:1075C00054F8083C2046183CDB689847AC42F7D199
:1075D00038BD00BF10670020036870B5164688B03C
:1075E000002B50D000229A600122DA60324C05460E
:1075F00004A81C1951F8083B241102935B689847B2
:107600002E4904EB4403DB0003F10800CA58019340
:107610000844D26800909047DDF808C0019B2749D4
:10762000009841F803C02649DCF80830029104A90B
:107630009847029B04A8DB6898472B6803202149E0
:107640001E6098602B7920480B550B784A78DFF83C
:107650008CC09342C0F828C228BF13468878CA78E5
:10766000834228BF0346934228BF1346174C4FF06E
:10767000E0214FF08060012284F87A30C1F80C01DB
:10768000104608B070BD124AD36E43F44053D3661F
:107690000122104B1A60104A1346026040329C6867
:1076A000002CA3D0103393420360F8D100231A4674
:1076B0000360104608B070BD00BFF7BFC066002071
:1076C000CC230020BC4400200064002000E400E043
:1076D00000C00F4000400840004108400940010040
:1076E0000268002A32D01A4B1A49D3181B1103EB37
:1076F000430210B5D20082B00446019302F10800A3
:107700008B5808440092DB689847009A1248114948
:10771000019B88500021226801209160D060FF20E9
:107720000E4AD0541378507892F802C0834228BF92
:107730000346D0780A4A634528BF6346834228BF80
:10774000034682F87A30216002B010BD704700BF56
:1077500000BFF7BFC0660020CC230020BC4400203F
:1077600000E400E0074B0020DFF824C0064A074988
:10777000C3F800C0C3F818C0C3F830C0C3F848C08D
:1077800003F096BEC0660020CC4400208D4001006E
:10779000CC230020084603F00BBD00BF012A70B5C2
:1077A00008BF0A228AB005461E4659B34FF0210C85
:1077B00001E05FFA84FC0CF1FF34B1FBF2F302FB51
:1077C000131EBEF1090F0EF1370098BF0EF1300005
:1077D0000DEB0C0E914219468EF80400E9D23EB131
:1077E0000CF1FF3C2D225FFA8CFC0DEB0C031A719F
:1077F0002B6801A9CCF1220228465B6861449847B6
:107800000AB070BD30234FF0210C8DF82530E6E72B
:107810002DE9F0418C688AB0DCB100250646884627
:107820002F462B46212201A9404600F08FFB202C39
:107830002246336828BF202201A930465B68A41A7B
:10784000154498470744002CEBD138460AB0BDE8F0
:10785000F081274638460AB0BDE8F081002903DBF5
:1078600000230A22FFF79ABF49422D230A22FFF77D
:1078700095BF00BF00B5036883B040F60D2C02220F
:1078800001A95B68ADF804C0984703B000BD00BF14
:10789000044B022888BF0346D3F800C01846DCF822
:1078A00004301847D84000200EB400B582B003AAB7
:1078B00052F8041B019209F073FE02B05DF804EB6C
:1078C00003B0704742B90368C9B2054A1B689342C6
:1078D00004D1084603F06CBCFFF760BF184700BF37
:1078E00069420100B4EE400B70B5F1EE10FA86B0BB
:1078F000864680F18280B0EEC07B9FED486BB4EE8F
:10790000467BF1EE10FA6CDC9FED467BB4EEC70BC4
:10791000F1EE10FA5CDC9FED457BB4EEC70BF1EEA7
:1079200010FA55D4B5EEC00BF1EE10FA61D4002375
:10793000B6EE007B002964D04FF0000C9FED3D6B4C
:107940000CF1010C27EE067B6145F9D130EE070BF7
:107950000C460A2270467646FCEEC07BB8EE676B9A
:1079600017EE901A30EE460B8DED000BFFF716FF69
:107970000F2C21464FF02E0328BF0F2105468DF80E
:1079800008300DF10903481EB2EE046B02AA53FA47
:1079900080F09DED000B20EE060BFCEEC07BCDEDE4
:1079A000007A9DF8003007EE903A3033B8EEE77B6E
:1079B00002F8013F904230EE470BECD133684A1C8D
:1079C000304602A95B68D2B29847284606B070BD1F
:1079D000DEF80030032219495B6806B0BDE870404C
:1079E00018470368032216495B6806B0BDE870407B
:1079F0001847B1EE400B01239AE7036803221149AF
:107A0000EAE730EE070B0A227046FCEEC07B17EE69
:107A1000901A06B0BDE87040FFF7C0BEFFFFFFFF41
:107A2000FFFFEF7F000000E0FFFFEF41000000E0FC
:107A3000FFFFEFC19A9999999999B93F9828002029
:107A40009428002090280020594B2DE9F043A3FBF7
:107A500000250C4640F26D19564F6D09DFF8648120
:107A6000A3FB0523544AC5EB05165B09A0EB860072
:107A7000A2FB03125149120902F1040CA1FB0C6193
:107A8000002660F30706ACEB010001EB500100207B
:107A900089088646C1EBC101ACEB010CC3EB0311B5
:107AA000A5EB810502EB420165F30F26A3EBC103B1
:107AB00063F317466CF31F662660414E00E0013009
:107AC000C3B240F26D1C03F2B27313F0030506FB60
:107AD00003F108D1B7EBB10F4FF4B77C03D3B8EB88
:107AE000311F38BFCC46E6447245E8D24630A0711B
:107AF0004DB933492F4803FB01F1B0EBB10F4ED222
:107B00004FF4B77101E040F26D11A2EB0E020026B6
:107B1000DFF8B4E00A4407E01EF80600904222D8DD
:107B20000136121A0C2E2ED05FFA86FCBCF1010F22
:107B3000F2D1F5B92249DFF87C9003FB01F14FEA5D
:107B4000B108C8451F4F4FF01D0023D9904206F1E0
:107B5000010608D8121AF0B20128F2D084461EF8A5
:107B600006009042DCD9013284F805C02271BDE8DC
:107B7000F08301361B2AF1B2F5D90129A2F11C02CA
:107B8000F7D08C46C8E7B446013284F805C02271AC
:107B9000BDE8F083B7EB311F38BF1C20D6E709489A
:107BA000B0EB311F40F26D1128BF4FF4B771ACE755
:107BB00089888888285C8F02ABAAAAAA25499224C2
:107BC000295C8FC20AD7A300BC2200202DE9F04116
:107BD00086790546314AA6F14603002B03FB02F2E3
:107BE00017DD06F26C7E40F2B273DFF8C8C02C4895
:107BF0002C4F2D4C13F0030F0CFB03F106D1B0EB0F
:107C0000B10F02D3B7EB311F00D3224401339E459D
:107C1000F0D195F805C0BCF1000F2BD006F26C77BF
:107C2000224C06F003062248A4FB07346423DFF845
:107C300078E04FEA541803FB1878002305E0C15C94
:107C4000013363450EFB012214D0012BF7D1002E26
:107C5000F5D11849B8F1000F05D107FB01F1114C1E
:107C6000B4EB311FEBD3022302F518129C4502F549
:107C70006E52E4D169784FF46160AB78C1EB0111C9
:107C8000094C890013FB00132878297918444B1EEE
:107C900004FB03001044BDE8F08100BF8033E10124
:107CA000285C8F020AD7A300805101001F85EB5189
:107CB000BC220020295C8FC200B9704715490A68B0
:107CC000FAB1DFF858C0D31700B58CFB02ECDFF82F
:107CD00050E09444C3EB2C43DFF848C00CFB132264
:107CE00044F2A71C0EFB03F30CFB0233002B0FDA4C
:107CF0006FF000429A180A60B2FBF0F300FB132009
:107D000000BD054AB2FBF0F30A6000FB1320704788
:107D10001A46F0E7F46C002042CE0C1F5F0B4E8336
:107D2000ECF4FFFF1DF301000022C0E90022826095
:107D300061B110B582B00090084601910AF096F941
:107D4000009B044618B9184602B010BD70470130B8
:107D500008F08AFC009B0028F5D0002201991860E9
:107D60000270C3E901440AF021F9009B184602B0F1
:107D700010BD00BF0022884203468260C0E9002295
:107D800006D030B58C6883B01CB9184603B030BD3E
:107D900070470190601C0D6808F066FC019B00288C
:107DA000F3D00022294618600270C3E901440AF0AA
:107DB000FDF8019B184603B030BD00BF10B5044666
:107DC000006808F059FC204610BD00BF30B51446CD
:107DD00083B00346026834B902B114700022184619
:107DE0009A6003B030BD0D4641688C420DD90090B9
:107DF000611C104608F02AFF009B024678B1996882
:107E0000C3E9000409B901701A689C60294610464C
:107E100000930AF0CBF8009B184603B030BD1868F9
:107E200030B1CDE9002308F027FCDDE900231A601A
:107E300000221846C3E9012203B030BD10B500236B
:107E40008AB00446C0E90033A360084601A908F0DF
:107E5000F1FB01A80AF00AF901A902462046FFF742
:107E6000B5FF20460AB010BD03468068F0B50C4649
:107E7000196883B08518A14204D9002A34D1184664
:107E800003B0F0BD0844A04227D9002AF7D05E68AD
:107E9000B54219D9671A01260846691CCDE9003296
:107EA00008F0D4FE009B84460028E8D0019AC3E97C
:107EB0000005986820B98CF80000D3F800C09868D5
:107EC0006044AEB10CEB07042146009300F04CFC7B
:107ED000009B00211A6851550FE0002ACFD05E6840
:107EE000B54205D90026D7E75E68B542FAD80844FE
:107EF000214600930AF05AF8009B18469D6003B093
:107F0000F0BD00BF8A680968FFF7AEBF10B5044630
:107F100082B041B1084601910AF0A8F801990246E1
:107F20002046FFF7A1FF204602B010BD10B582B079
:107F30000023044601228DF8041001A98DF80530B4
:107F4000FFF792FF204602B010BD00BF12B310B57C
:107F5000B1FA81F482B0640929B1D0F808C086462C
:107F60009C4502D80C7002B010BD18460B467146F5
:107F7000ACEB000E02F1FF3C0968E6457246014495
:107F8000184628BF6246019209F048FD019A8454C0
:107F900002B010BD704700BF1C284AD8264B70B5F0
:107FA0001B780646E3B9254B9B5DFF2B2AD0244A5C
:107FB00002EB061291680A6802F44050B0F5805F47
:107FC00031D01C0620D41F4C2360236AD80704D468
:107FD00003F07EF9236AD907FAD51A4B586A70BDA7
:107FE000184C194D01E003F073F9A36C1B06FAD489
:107FF000AB6C13F08003F6D10F4A13700F4B9B5DEF
:10800000FF2BD4D1002070BD0F4C03F07F03236001
:10801000236ADA0704D403F05BF9236ADB07FAD595
:10802000094B586A70BD22F480521C060A60EBD4DA
:10803000C9E70020704700BF8A4C01206033002050
:108040004430002000400C4000800C40A94AAA4B5C
:1080500090422DE9F047A94CD3F814E09969D4F87F
:108060000CC000F2088103F1437303F5F4530333AA
:10807000A3FB0023DB0D03EB830303EB830202F27C
:10808000B63240F227639A4228BF1A469C4BA3FBA4
:108090000232D208203A984D0CF01F04D5F88030F7
:1080A000944243F0C003C5F880300BD22CF01F0C73
:1080B000924C4CEA020CC4F80CC02368002BFCDA8A
:1080C0000CF01F041EF0007327D18E4D2E698E4DCB
:1080D000B54300F0FA8081F4805576464FF480571E
:1080E00016F0605F06D02EF0605E4EEA030E824B03
:1080F000C3F814E015F4405F07D021F440517E4DE1
:108100003943A961AB6C1B07FCD44EF0007E7A4961
:10811000C1F814E08B6C9F06FCD47C49884200F2C5
:10812000DF80012635460EE0082D0CD1042E00F22A
:1081300091800136022506FB00F38B4200F2C380DA
:108140005B008B4206D8013506FB05F300FB03F309
:108150008B42E9D9771E05F1FF384FEA872A8EEA6C
:1081600087276B4959186B4B99427CD9DFF8E4910A
:108170006C2369486349B0FBF5F0684DB0FBF6F03D
:108180000E6835404D4508D043F400534FF48055F8
:108190000D600B600B68002BFCDA57490B6903F08C
:1081A0000703434504D0C1F810808B6CDE03FCD478
:1081B00017F4E05F0BD02EF4E05E0AF4E0534E4972
:1081C00043EA0E0EC1F814E08B6C9D07FCD4544DAD
:1081D000544945198D4239D8534BED09A3FB053558
:1081E0002D0B6B1E1B028EEA030111F4407F07D09A
:1081F0002EF4407E03F440733F4943EA0E034B6183
:108200003D494B6923F000734B618B6C9B06FCD49A
:10821000464BA242A3FB00134FF0FF314FEA9343BA
:10822000B0FBF5F5B1FBF3F34149086041490D603E
:1082300041490B6008D22CF01F0C30494CEA020275
:10824000CA600B68002BFCDABDE8F0874FF440737E
:108250000425C8E7771E2E494FF007084FEA872A02
:1082600059188EEA8727294B99421CD8DFF8E890E5
:10827000362332487EE7324B984201D80E220AE775
:10828000304B984228D9304A904227D9821A2F4B36
:10829000120AA3FB0232D20902EB820202EB820233
:1082A00002F2E242EDE6A3F182532948DFF8AC90F6
:1082B000A3F589337E3BA3FB01310B0D03FB00F0DB
:1082C00043EA090956E7012544E71F468EF0C056E8
:1082D0000D464FF0C05303E70F22DCE61222DAE628
:1082E000012603464FF0000A77464FF00008354656
:1082F00037E700BF001C4E0E00C00F4000000840D2
:108300001F85EB5100800D4040300080FFB19F265B
:10831000808D5B00FF7EF64D00643F4D7F30018015
:108320007FD1F0087F17B42C9F10E50083DE1B433C
:10833000D4400020D04000203CCD002000B29F2639
:10834000FF0A6B1B00A4781F0046C32323B24C0016
:10835000001BB7006C2000803620008000200080C9
:1083600000B970472DE9F84F01218146224C234E78
:10837000234D54E8003F3268286844E80013002B7E
:10838000F7D120494B684FF47A7BDFF87CA01B1AA9
:1083900001270BFB02F8DAF80020A2FB03235B4560
:1083A00094BF9844D84454E8003F3268286844E8B1
:1083B0000073002BF7D14B68DAF800C01B1A0BFBD7
:1083C00002F2ACFB03C3B3F57A7F94BFD21802F577
:1083D0007A72A2EB0802B2F57A7F08D3B9F1010FE5
:1083E00008F57A7809F1FF39DDD1BDE8F88F02F0A0
:1083F0006FFF0449D7E700BF64D5002060D5002097
:108400005CD50020001000E03CCD002010B50F4BE3
:108410004FF0010C0E4CDFF844E053E8002F2068C9
:10842000DEF8001043E800C2002AF6D1094B5B6871
:10843000094A5B1A4FF47A71126801FB00F0A2FB43
:1084400003238B4294BFC018401810BD64D5002090
:1084500060D50020001000E03CCD00205CD500205D
:10846000272812D802010C4B03EB00109B58C2685E
:10847000D3F804C01CEA020F03D039B1C3F884203A
:108480007047836829B9054A1A607047C3F8882085
:108490007047034A1A6070474430002038300100AA
:1084A00038F0010027280BD8064B020103EB00101F
:1084B0009A58C36892681A4214BF0120002070477E
:1084C0000020704744300020272831D802011B4B80
:1084D000012903EB00109B5800B55A68D0E902EC63
:1084E00012D0042910D022EA0C025A60C9B1022924
:1084F0001FD003294FF015020CBF114B114BCEF8C2
:10850000003043681A6000BD42EA0C0201295A603B
:1085100007D040F63803CEF80030436815221A60C1
:1085200000BD38231522CEF8003043681A6000BD24
:108530007047054BCEF80030EFE700BF4430002015
:10854000383001003800010038F0010010B4134A3F
:108550000020134B0121134CDFF84CC0C2F8F0325D
:10856000C2F8F402C2F8B810C2F8A000C2F8A440E1
:10857000C2F8B0105369DB07FCD551619CF800309C
:10858000DB07EFD41368054943F0010313600B6860
:10859000DB07FCD462B610BC704700BF00802A40E5
:1085A0000504012401000F0000812A4030B583B08A
:1085B00072B6334B40F20645324C9C610224DC61BA
:1085C0000024C3F8A040C3F8F0528518C3F8F44261
:1085D000C3F8F842C3F8FC424FF47024C3F8A44037
:1085E0000124C3F8B04020F01F03BFF34F8F4FF0BA
:1085F000E024C4F85C3F20339D42FAD8BFF34F8F8C
:10860000BFF36F8F1E4D6B69DC07FCD50123DFF8CC
:108610007CC094B220F07F406B6144F47024C5F8B4
:10862000F0C242F2012CC5F8F4C2C5F8BC30C5F85E
:10863000A000C5F8A440124CC5F8B03001E05B06BC
:108640000AD4636913F00105F9D04123636103B0D3
:10865000BDE83040FFF77ABF082A0DD842B10A487A
:10866000CDE9001200F080F8DDE9001211442A463D
:10867000034B40205861E4E7A2F108050822EEE729
:1086800000802A40F05AF05A80812A4032041808AB
:1086900000B5864672B62A4B02212A48002298610C
:1086A0004FF47020D96140F20641C3F8F012012165
:1086B000C3F8F422C3F8F822C3F8FC22C3F8A020C0
:1086C000214AC3F8A4000EEA0202C3F8B010BFF3B7
:1086D0004F8F02F1200302F500414FF0E02C8B4256
:1086E0002CBF01214FF4806102EB41118B42CCF889
:1086F0005C2F1A4603F12003F8D1BFF34F8FBFF36D
:108700006F8F0F4A5369D907FCD501200F49104BD1
:108710004FF4702C50610EEA0303C2F8F0120849BE
:10872000C2F8A030C2F8A4C0C2F8B0004B69DB07A1
:10873000FCD501235DF804EB4B61FFF707BF00BFD9
:1087400000802A40F05AF05A0080FFFF52041808B7
:108750000080FF0008B5F1F799FEF2F721FF02F063
:10876000B7FDFAE730BFFDE7844641EA000313F0A6
:1087700003036DD1403A41D351F8043B40F8043B28
:1087800051F8043B40F8043B51F8043B40F8043BEB
:1087900051F8043B40F8043B51F8043B40F8043BDB
:1087A00051F8043B40F8043B51F8043B40F8043BCB
:1087B00051F8043B40F8043B51F8043B40F8043BBB
:1087C00051F8043B40F8043B51F8043B40F8043BAB
:1087D00051F8043B40F8043B51F8043B40F8043B9B
:1087E00051F8043B40F8043B51F8043B40F8043B8B
:1087F00051F8043B40F8043B403ABDD2303211D32B
:1088000051F8043B40F8043B51F8043B40F8043B6A
:1088100051F8043B40F8043B51F8043B40F8043B5A
:10882000103AEDD20C3205D351F8043B40F8043B2A
:10883000043AF9D2043208D0D2071CBF11F8013B28
:1088400000F8013B01D30B8803806046704700BFEE
:10885000082A13D38B078DD010F003038AD0C3F1FD
:108860000403D21ADB071CBF11F8013B00F8013BDF
:1088700080D331F8023B20F8023B7BE7043AD9D39E
:10888000013A11F8013B00F8013BF9D20B78037073
:108890004B7843708B7883706046704707F0E4BE76
:1088A00007F0E2BE07F0E8BE07F0E6BE07F0E4BE60
:1088B00001F1FF3C70B566464FF0000E01E00EF18D
:1088C000010EB0FBF2F402FB1403092B03F1370590
:1088D00098BF03F130059042204606F8015FEED2C2
:1088E00001EB0E0300225A70BEF1000F11D0481C9C
:1088F00070440CF102021CF8014F10F8015DA1EB6D
:108900000C03521A8CF80050013B047073449A42D5
:10891000EFDB084670BD00BF30B5154601EB4102E4
:10892000012400EB421204FA01F1244CB2F80EC00B
:1089300024784FEA011E1FFA8CFC0EF0F00E0CFB9F
:108940000333E340B0F8884163454EEA040428BF8E
:108950006346012DA0F8884101F00F041ED0022DBE
:108960000FD045B9ACEB030CA2F80AC0B0F88031C7
:108970002343A0F88031B0F888311C43A0F8884127
:1089800030BDD383B0F880314EEA030EA0F880E109
:10899000B0F888311C43A0F8884130BD0902D38269
:1089A000B0F8803101F470611943A0F88011B0F87B
:1089B00088311C43A0F8884130BD00BFEA62002026
:1089C000272848D8294A70B5044612F8200002EB3F
:1089D000840301281E4629D002283BD15878C0F3D1
:1089E0000113032B3AD0224A02EB833C00F0030030
:1089F0008BB2204A0CEB401E1578BEF80610BEF86C
:108A0000102089B2C1F1011111FA82F2511E01FB4D
:108A100003F3EB40994224D9D21AC2F101020CEBC4
:108A2000401CAEF80620ACF810300DE05A78C2F3C6
:108A30000113032B10D0104800EB83308BB202F0EF
:108A40000301B278FFF768FF0C4BF27803EB0413D5
:108A50005B681A6070BD70470948EFE7DFF824C013
:108A6000C4E7931E4FF6FF72D9E700BF7C330020A6
:108A700000C01D40EA62002000C03D40443000209C
:108A800000803E4000801E4010B500234FF470442B
:108A90000F224FF4806EA0F88C411946A0F88E2169
:108AA0004FF46044A0F890310A46B0F8883148F29B
:108AB000B82C43F0F003A0F8883101EB41030131F9
:108AC00000EB431304299C80A3F806E05A841A861D
:108AD0005A805A81A3F80EC05A82DA825A83DA8306
:108AE000EBD1B0F8883143F00F03A0F88831B0F82B
:108AF000883143F47063A0F8883110BD374B384A91
:108B0000996F384841F47F0170B5996741F20106C9
:108B1000D3F8801045F6C05543F226040A43C3F843
:108B20008020FFF7B1FF00F58040FFF7ADFF00F5B3
:108B30008040FFF7A9FF00F58040FFF7A5FF002266
:108B4000A0F503104FF00F0E114600EB42134FEA51
:108B5000421C01329981042A5981A3F80EE09E82B9
:108B6000DD8020F80C1019829C81EED100221E4875
:108B70004FF00F0E41F20106114645F6C05543F283
:108B8000260400EB42134FEA421C01329981042A69
:108B90005981A3F80EE09E82DD8020F80C10198226
:108BA0009C81EED1002211480F2641F201051146A9
:108BB00045F6C05443F2260E00EB42134FEA421C26
:108BC00001329981042A5981DE819D82DC8020F85E
:108BD0000C101982A3F80CE0EED170BD00C00F405C
:108BE000000003FC00C03D4000001E4000401E404D
:108BF000074A506A936A19468446506A936A9942B2
:108C0000F9D18445F7D1DB0B43EA4040704700BF00
:108C100000400D4072B6EFF30583524CC4F8843027
:108C20001EF0040F0CBFEFF30882EFF309824FF040
:108C3000E0234D4DD3F8280DD3F82C1DC4E92201B3
:108C4000D3F8341DD3F8383DC4E924139369A8340C
:108C500044F8103CD36944F80C3C00F0CFF804ED24
:108C6000020AFFF7C5FF0B2344F8040C4FF0FF3254
:108C70003E4844F8283C2B68202104355A4042F3F2
:108C80000003013903EA000383EA5202F7D1A54247
:108C9000F1D1344BC3F8A820BFF34F8F4FF0E0233E
:108CA0003149334AC3F8701FC3F8702FBFF34F8F99
:108CB000BFF36F8F2F4A02242F48D36E2F4943F4FE
:108CC0004053D3660460D3692D4823F07F0343F0FB
:108CD0004003D3610B68834240D8274D00204FF0FA
:108CE000E0234FF0FF3228600121C5F80801254834
:108CF0000C460E46C5F80001C5F80811C3F88021DE
:108D0000C3F88421C3F88821C3F88C21C3F89021CB
:108D100001E000F0EBF9D5F80C31002BF9D04F2C25
:108D2000C5F80C6104F10104F3D9174B022017496F
:108D30004FF00042C1F840015A63D5F80C313BB9FD
:108D4000134814490C4A0163D2F80C31002BFAD0B5
:108D50004FF0E023104AC3F80C2DFEE7FFF776F939
:108D6000BBE700BF00FF272080FF27202083B8ED4E
:108D7000A0FF272000C00F4000400840D440002042
:108D8000803DCD0B009F240000900D4000002E4040
:108D900000800F40F100AD0B0400FA05094A08B548
:108DA0000346106823B1034407498B4201D813607E
:108DB00008BD08F045FF0C2203464FF0FF301A6053
:108DC00008BD00BFC84400200000282000207047D4
:108DD0004FF0FF30704700BF4FF4005300204B604E
:108DE000704700BF012070474FF0FF30704700BF51
:108DF00030BFFDE730BFFDE7FFF70CBF124AD2F8E6
:108E000080305B07FBD5D2F880301048C3F30B23CA
:108E10000F4990ED007A07EE903A91ED006AB8EEB6
:108E2000477A0C4AF8EEE77A0B4BD2ED006A77EE00
:108E3000C77A93ED007AB8EE477A67EE867A87EEC6
:108E4000A60A37EE400A704700810D402CCD002065
:108E500034CD002038CD002030CD002000B521BB1E
:108E6000DFF8ACC0264B002A4FF0010048F2800129
:108E700008BF8021CCF848301860002059601204E7
:108E8000CCF84C004FF0011C1E499860C1F8BCC1E1
:108E9000D1F8B0311C4843F48033C1F8B0310260DE
:108EA000D1F8B031002BFBD100BD0904174B4FF0B6
:108EB000010C4FF0000E41F080019860C3F800C033
:108EC000596000F58051DFF848C0D96000F50051C5
:108ED000CCF80CE0196100F5405100F58040CCF869
:108EE0000830596107499861D1F8B03143F0010366
:108EF000C1F8B031D1F8B031002BFBD1B2E700BFDF
:108F00004067002000002E4098A5002060670020E8
:108F100000000020836B70B586460E4610461BB1DC
:108F2000536843F40043536072B6DEF8342042B312
:108F30001B4B1060D3F8B02132421ED1194C65682A
:108F400005E06268A2EB050CBCF5166F0BD2D3F8F6
:108F5000402142F48042C3F84021D3F8B811D3F83D
:108F600040215204EDD5314007D10D4ACEE902012E
:108F7000D2F8B0313343C2F8B031CEF8340062B623
:108F800070BD0749CEE90202D1F8B0313343C1F8D0
:108F9000B031CEF83000CEF8340062B670BD00BFFC
:108FA00000002E40001000E070B5056B95B12B4617
:108FB000002403E01B680134012B0CD05A68120610
:108FC000F8D5036306462CB12846B36B2D68984745
:108FD000013CF9D170BD00220023C0E90C23F1E768
:108FE00000B501BBDFF8A0C0234B0021234A4FF09E
:108FF000010E4FF001109960C3F800E0CCE9023196
:109000004FF0800CC3F804C0C2F8BC01D2F8B031F4
:109010001B4843EA0E03C2F8B0310160D2F8B03108
:10902000002BFBD100BD0904164BDFF85CC04FF0EC
:10903000010E41F080019860104A596000F580519E
:10904000C3F800E0D96000F50051CCF84830196150
:1090500000F5405100F58040596100219861CCF83D
:109060004C10D2F8B03143F48033C2F8B031D2F8AA
:10907000B031002BFBD1B7E74067002000002E4045
:1090800098A50020606700200000002072B6DFF87D
:1090900030C0012209499CF80030824013438CF80B
:1090A0000030D1F848311A0605D480221343C1F8A4
:1090B0004421C1F8483162B6704700BF00002E401D
:1090C000AA4C0120074901220B78824023EA0203BF
:1090D0000B7033B9044AD2F8483123F08003C2F848
:1090E00048317047AA4C012000002E402DE9F0477E
:1090F000AE4C86B0D4F84461F207C4F844614FD551
:10910000D4F8AC31002B46D0A94D4FF0011ADFF84E
:10911000B892DFF8C082C4F8AC31D5E90A20D4F89F
:10912000403143F40053C4F84031D4F840319F0437
:10913000F5D5D4F8403123F40053C4F84031C4F8D5
:10914000B4A1D4F8B43113F00113FAD191B2C9F833
:109150000030B1F5106FCDE9042000F0A78100F2D6
:109160009B8040F2023C614500F0D58100F2B8805E
:10917000822900F0358140F20F81B1F5817F40F006
:10918000BD8210F0780F00F04882C4F8C0A1D4F876
:10919000AC31002BBFD1854BD3F8BC41002C47D15B
:1091A000730616D5814BD3F8AC21C3F8AC21D3F8A4
:1091B000BC21C3F8BC21D3F8B041002CFBD14FF047
:1091C000FF32C3F8B421D3F8843101F089FE794B22
:1091D0001C60F40103D5784B1B6803B19847B001BC
:1091E00003D5764B1B6803B19847710708D56F4BC1
:1091F000D3F8843113F400734BD0714B01221A70F1
:109200006A4BD3F848311A060FD533060DD56D4A8F
:1092100013782BB1013BDBB21370002B00F0DE8220
:1092200006B0BDE8F04701F05DB906B0BDE8F087D3
:10923000654AC3F8BC4111680C4240F014825D4B92
:109240001B681C40ACD01FFA84F8594D240C11D077
:109250004FF0010994FAA4F7B7FA87F705EBC710A6
:1092600009FA07F74030FFF79FFEBC43F2D1B8F18F
:10927000000F95D0012798FAA8F4B4FA84F405EB0E
:10928000C41007FA04F4FFF78FFE38EA0408F2D19D
:1092900086E74B4A1370B3E742F2212C614500F098
:1092A000B68048D840F6013C614500F06A8142F240
:1092B0002103994200F0598140F6812399427FF4BD
:1092C00064AF80B2042800F0568205287FF45DAFB9
:1092D0003E4B1B7801213E480370FFF781FE56E7A5
:1092E00040F2816C61454BD8B1F5D06F80F09A8027
:1092F000B1F5A06F40F0CC81364AEB649360012356
:10930000AA641360802353604FF00113274AC4F806
:10931000BC31D4F8B03143F48033C4F8B031D2F862
:10932000B031002BFBD1BDF812305B0643F08073E7
:10933000C2F854312BE748F2A212914200F0448166
:1093400000F24F8142F22133994240F0E281002342
:10935000C5F84880EB64C8F808300123C8F800302D
:109360008023C8F80430C4F8BCA1D4F8B03143F469
:109370008033C4F8B031D4F8B031002BFBD106E70C
:10938000B1F5086F7FF401AF134B012113481B782F
:109390000370FFF725FEFAE680297FF4F6AE0F484A
:1093A00002210380FFF71CFEF1E600BF00002E4003
:1093B000000000209CA50020DCD70020E0D7002082
:1093C000BB4C0120C14C012098A50020B54C0120C8
:1093D00090A5002040670020BA4C012080CC0020DE
:1093E00010F078037FF4D1AE00F07F01B14A00069F
:1093F00052F82110B04A138040F19181CB0301D57E
:10940000012313700221AC48FFF7EAFDBFE680B2EA
:1094100000289CD1A94B120C1968A94B1960A94BC3
:109420001A7094E7A84B596800293FF4AEAE4FEA92
:10943000124E87B204E019690C3300293FF4A5AE3F
:10944000B3F800C0F445F6D15A88BA42F3D1020C01
:109450004FEA1E20032800F066811B899A4228BF2C
:109460001A46BEF5007F40F0A481984B1B78002B74
:1094700040F0B081964997480192FFF775F9954FF2
:10948000019A27F01F03B918BFF34F8F4FF0E02068
:10949000C0F8703F20339942FAD8BFF34F8FBFF323
:1094A0006F8F8C481146FFF79BFD70E68A48120CBF
:1094B00001934FF0C8110270884AC4F8C8214FF0D8
:1094C000C412C4F8CC11C4F8D011C4F8D421C23AE3
:1094D000C4F8D82101F006FD00F09AFF00F074FDF9
:1094E0007F4A0121019BAA64116080219360516031
:1094F0004FF00112EB64C4F8BC21D4F8B02142F45F
:109500008032C4F8B021774AC9F80030D2F8B031BF
:10951000002BFBD13BE610F0780F7FF436AE00F065
:109520007F02644B000653F822104CBF41F4803197
:1095300041F0010143F822100021694BE964996070
:109540000121AB6419608021664A59604FF0011314
:10955000C2F8BC31D2F8B03143F48033C2F8B03134
:10956000D2F8B031002BFBD111E6010C07297FF4B2
:109570000CAE5D4BC3E9002001225C48FFF76EFC96
:1095800005E680B2042800F0F88005287FF4FDADE0
:109590005349C2F30F42EB648B60554BA9641A70B8
:1095A0000123504A0B6080234B604FF00113C4F835
:1095B000BC31D4F8B03143F48033C4F8B031D2F8C0
:1095C000B031002BFBD1E2E5B0F5403FFFF4DDAD5B
:1095D0004648032183704AF644430380FFF700FDA9
:1095E000D5E521F4807348F2A122934204D048F2D9
:1095F000A14399427FF4C9ADB0F5102FBFF4C5ADBA
:1096000003AA3A4904A800F055FD00283FF4BDAD77
:1096100003993648FFF7E4FCB9E500F07F02254BDB
:10962000070653F822104CBF21F4803121F00101CC
:1096300043F8221000212A4BE96499600121AB64B0
:1096400019608021274A59604FF00113C2F8BC31DC
:10965000D2F8B03143F48033C2F8B031D2F8B0312F
:10966000002BFBD193E5002142F2210011601E493D
:109670000A6895B285425BD01E4B9A4203D01E4BBE
:109680009A427FF4DCAD1949174800F041FDD6E558
:109690003FF67BAD40F22133994204D040F22143A2
:1096A00099427FF472ADB0F5102F4FEA1041BFF42C
:1096B0006CAD5EE7C0012E4080CC002060D500205C
:1096C00064D60020B94C012068370020BB4C012033
:1096D0004031006020C62620BA4C01200200CC0098
:1096E0004067002000002E40A86B002090A50020BD
:1096F000B54C01202101010221010001FFF445AD1B
:1097000040F221139942CED040F221239942CAD08F
:109710003BE548F2A11399423FF46EAF35E5CF0720
:109720007FF570AE6CE60B789A4228BF1A46A2E627
:1097300089880029A0D12C492C4D03C9A9808628ED
:109740004FEA11412860A97196D172B62848017874
:1097500041F040010170D3F848110D0606D441F0E4
:1097600080018020C3F84401C3F8481162B6214B40
:109770005021197080E7204BABE52049C2F30F421E
:10978000EB648B601C4BA9641A7001231C4A0B60AC
:1097900080234B604FF00113C4F8BC31D4F8B031D2
:1097A00043F48033C4F8B031D2F8B031002BFBD190
:1097B000EDE4BEF5E06F7FF45EAE124B1B785BB953
:1097C0001149124F01923846FEF7CEFF07237B70F6
:1097D000019A56E60C494EE60D49F2E70620FFF7DE
:1097E00071FC0EF0A3F900BF90A500205CD600200C
:1097F000AA4C0120C14C0120B84C01204067002038
:1098000000002E40BB4C0120B832006020C626204C
:10981000403100602DE9F043841E83B0062C02D94C
:1098200003B0BDE8F083124D90460F46C60105EB2C
:10983000C0143C2200210190201D994607F0CAFF68
:10984000B8FA88F23904520941EA42710122A95159
:10985000C4F83890A260B9F1000FE1D00549019B2E
:109860009A400B681A430A6003B0BDE8F08300BF5A
:10987000000000209CA500202DE9F043A0F1020E7D
:1098800083B0BEF1060F02D903B0BDE8F083914664
:10989000C201124F884602F1400605463C220021D3
:1098A000F4190193201D07F095FFB9FA89FC4FEADE
:1098B0000842019B4FEA5C1C42EA4C72BA510122F9
:1098C000A363A260002BDFD0054905F110000B68EF
:1098D00082401A430A6003B0BDE8F0830000002014
:1098E0009CA5002002F1FF3CBCF1020F04D8A0F1BE
:1098F000020CBCF1060F00D970472DE9F043114D61
:10990000994683B0174605EBC0138846C6013C2232
:1099100004460021181D019307F05CFF019BBA0764
:1099200042EA0842AA510122C3F838909A60B9F17C
:10993000000F04D00449A2400B681A430A6003B028
:10994000BDE8F083000000209CA5002002F1FF3C50
:10995000BCF1020F04D8A0F1020CBCF1060F00D933
:1099600070472DE9F0431746C201124E994602F1A5
:10997000400583B088463C22AB1904460021181DDF
:10998000019307F027FF019BBA0742EA0842725190
:109990000122C3F838909A60B9F1000F06D0064949
:1099A00004F110000B6882401A430A6003B0BDE85E
:1099B000F08300BF000000209CA5002012044FF09F
:1099C000010C816042F08002C0F800C0C36101F563
:1099D000805C01F54053426001F5005201F5804181
:1099E000C0F80CC08161C0E904237047831E062BB8
:1099F00000D9704700F1100C064B0A4603EBC0106B
:109A000000B54FF0010E0EFA0CF15DF804EBFFF714
:109A100081BA00BF40000020831E062B00D970478A
:109A20004FF0010C034B0A460CFA00F103EBC01097
:109A3000FFF770BA00000020406870472DE9F0473A
:109A400000EB8305A84209D342E050F8044B230CF5
:109A5000854221F8024B22F8023B39D98B07F4D416
:109A6000A5F10803984226D2A5F1090700F10808DC
:109A700016468E463F1AC446184CFF0807F10109E6
:109A800001EB89095CE902A00CF1080C1FFA8AF3CA
:109A900043EA004320404EF8043B40EA1A40CE45DA
:109AA00046F8040BEED10432043108EBC70002EB98
:109AB000870201EB8701854208D950F8043B1C0C52
:109AC000854221F8023B22F8024BF6D8BDE8F08728
:109AD000A5F108039842C7D3F8E700BF0000FFFFD5
:109AE000114B124A124810B511781A680023114C14
:109AF000CA4011490A602278FFF760FF0E4B2278B6
:109B00001A44BFF34F8F4FF0E021C1F8683F203374
:109B10009A42FAD8BFF34F8FBFF36F8F04490620E4
:109B2000BDE81040FFF762BFF4AD0020B74C012044
:109B300060690020B64C012080C4262030B505465F
:109B400083B00021FDF728FB012104462846FDF7DC
:109B500023FB434B1A7803462AB3002C54D0002B26
:109B600062D072B63F4A1068002847D03E49D1F80B
:109B700000C0BCF1000F64D0C2F800C0DFF8F4C030
:109B80003A4A0C600024DCF80010CCF80030384B66
:109B90001C8014681160FDF7A9FA2046FDF7A6FAAB
:109BA00062B603B030BD24B101902046FDF79EFAA5
:109BB000019B13B11846FDF799FA2A4C206818B199
:109BC000FDF794FA00232360274C206818B1FDF7B5
:109BD0008DFA00232360254C206818B1FDF786FA22
:109BE00000232360234C206818B1FDF77FFA00237F
:109BF00023601F4B00221A8003B030BD14601B4944
:109C00001B4A0B601080CBE70190FDF717FA019B10
:109C10000446D0B14FF4807200210430019307F064
:109C2000D9FD019B002B9CD1FDF708FA0346A0B19A
:109C30004FF4807200210430019307F0CBFD019BAB
:109C40008FE70C4A0C601360AAE7002BA9D01846D6
:109C500003B0BDE83040FDF749BA2046F8E700BF41
:109C6000B84C0120B86D0020BC6D0020C06D0020F4
:109C70006A4C0120C46D0020564B01222DE9F04FA3
:109C8000DFF864B183B01A700646534BDBF800402E
:109C90001F88524B1D68002C57D0002D5ED0B6088F
:109CA00068D0C7F180039E42C0F09080DFF83C810D
:109CB000802FD8F8009059D1B9F1000F42D1484A0D
:109CC0001368002B3ED1C8F800401560FDF7B6F9C7
:109CD000DFF81CA1044600282ED0FDF7AFF9054699
:109CE000002856D03D4BCBF800401860002E40D0E5
:109CF0007F2E5AD9D8F80090002780232A1D211DD5
:109D00003E44504602EB4702019301EB4701803E7F
:109D1000FFF794FEB9F1000F31D1314A019B116870
:109D200000292CD1C8F800400AEB830A1560FDF722
:109D300085F904460028D0D1284BCBF800001860E4
:109D4000254B188003B0BDE8F08FFDF777F9044686
:109D50000028F7D0CBF80000002DA0D1FDF76EF958
:109D600005460028EED01D4B186098E7DFF880A06C
:109D7000C4E73746184B1F8003B0BDE8F08F80233F
:109D8000154A1380002EDDD0164A13680133136084
:109D9000D8E72046FDF7AAF9104BCBF800501D601C
:109DA0000D4B1D8003B0BDE8F08F00272A1D211D3B
:109DB0003346504602EB47023E4401EB4701FFF7B2
:109DC0003DFE054B1E8003B0BDE8F08FDFF820A0FC
:109DD000ECE700BF804C0120644C01209C6D00200A
:109DE000946D002054D60020986D0020906D0020C6
:109DF00060C5262008B538B1114B5868C0F30E4035
:109E0000C0F1B400FFF738FF0023B4220D490C481D
:109E1000FFF7D4FD0B4B03F1B401BFF34F8F4FF0AD
:109E2000E022C2F85C3F20339942FAD8BFF34F8F4B
:109E3000BFF36F8F02490520BDE80840FFF7ECBD76
:109E40008067002060C52620002303480349044A98
:109E500003700B6013607047824C0120B86D0020C6
:109E6000C06D0020374A13680133092B2DE9F04FEC
:109E700083B055D900234FF0B40A2D260024DFF813
:109E8000D880DFF8D8B0304F1360CDF804A0D8F8F0
:109E90000000331B002847D0B7F800E0DBF8009043
:109EA000CEF18002934228BF1346C3B109F10401E9
:109EB000264A051D009001EB4E0102EB840C05EBD8
:109EC0004E0501EB430A35F9022B31F9020B92B230
:109ED000514542EA00424CF8042BF4D100989E44CC
:109EE0001C44BEF17F0F09D8B442A7F800E0CED3DE
:109EF000DDF804A0504603B0BDE8F08FFDF7F6F89A
:109F00004846FDF7F3F8124A0020124B1168106022
:109F100086461A68C8F800101860CBF80020E3E7FE
:109F20004FF0B00A2C26A9E701460848DDF804A046
:109F30009A0000EB440007F04DFC504603B0BDE82A
:109F4000F08F00BFC04400206A4C0120A06A0020AE
:109F5000BC6D0020C46D0020B86D0020C06D0020D5
:109F600000B583B0FFF77EFF1249134B0246096824
:109F70001B781248D9400023019201601049114812
:109F8000FFF71CFD0E4B019A1A44BFF34F8F4FF0A1
:109F9000E021C1F8703F20339A42FAD8BFF34F8FC7
:109FA000BFF36F8F0749052003B05DF804EBFFF79F
:109FB0001DBD00BFF4AD0020B74C012080C4262099
:109FC000A06A00208069002010B500232B4A2C4C89
:109FD0002C4813602C492D4A236003781160002B14
:109FE00048D0082004232A4920222A4C0870002146
:109FF0002948237007F0EEFB284B0122B4210520ED
:10A00000FFF770FC0023B42225492348FFF7D6FC54
:10A01000234B03F1B401BFF34F8F4FF0E022C2F89E
:10A020005C3F20339942FAD8BFF34F8FBFF36F8F55
:10A0300019490520FFF7F0FC20220021194807F0FC
:10A04000C9FB194B217801220620FFF77FFC002075
:10A05000FFF746FD20220021144807F0BBFB052036
:10A06000134B0122B421FFF771FC0020BDE8104022
:10A07000FFF776BF0A200323B5E700BF58D60020BC
:10A0800054D60020BB4C01209A99192CF4AD002025
:10A09000B74C0120B64C012080670020C968010040
:10A0A00060C5262060690020B56501008069002038
:10A0B000356A01000378A12B01D000207047C378D6
:10A0C000012B09D0022BF8D14378813B032BF4D824
:10A0D000DFE803F015120F080C48406808701360A1
:10A0E0000120704701230B70002302204B70106089
:10A0F000F6E7FF230B70F7E700230B70F4E7034B41
:10A10000986808709B681B12EFE700BFB0440020FE
:10A110000378212B01D000207047C3784278012BAF
:10A1200008D0012AF7D1022BF5D1064B09781A6025
:10A13000996005E0012AEED1024B0978C3E90021BC
:10A1400001207047B0440020144B0A22DFF850C0B1
:10A15000D3F8200220F07F4000EB800300B55B00C5
:10A1600085B0604538BF18466946FEF7A1FBDFF8A9
:10A1700034C06B460022604619780132013341B188
:10A180000A2A20F8021FF7D116228CF8002005B009
:10A1900000BD52008CF8002005B000BD00441F40F7
:10A1A00080969800BC62002000F0BABF00F088BF23
:10A1B00000F0EEBF00F0A6BF01F03CB801F016B809
:10A1C0000846114601F008B80C4A38B50C4B054654
:10A1D000146819883CB1B1F5917F08D24A1C09482E
:10A1E0001A80455438BDB1F5917FF7D338BD0022B0
:10A1F0000448A04700210122014BF0E7A4D600202B
:10A200007C4C0120B8D6002070B5164D4FF0E024EC
:10A2100015494FF40032154E05EB401582B001EBA5
:10A220004021C4F88C210346328828460191FFF76B
:10A23000C5FB019933880B44BFF34F8FC4F85C1FF3
:10A2400020318B42FAD8BFF34F8FBFF36F8F0420BA
:10A250002946FFF7E1FB4FF40033C4F80C3102B09C
:10A2600070BD00BFA0670020A0C72620704C012051
:10A2700042684FF6FC71144BC2F30E42C0691B8852
:10A280009B1A0B401DD0DFF850C0104910B49CF849
:10A2900000200F4C013221F810300021062A24F84A
:10A2A000101094BF11460A468CF80010DFF82CC03D
:10A2B000DCF800100B44CCF80030064B985410BC6E
:10A2C0007047FFF7A1BF00BF704C0120C8CC002031
:10A2D000E4CC002000CD00209F4C0120C0CC002009
:10A2E0002DE9F04F0123DFF81CB1404F83B0404E01
:10A2F0009BF800203F4DDFF810813B7005EB4215C5
:10A300003388D8F80090CDE90002002B68D13A4C90
:10A31000DFF8F8A02846FFF78FFB10F0800058D038
:10A32000D8F80030A3EB0903282B04D901232370AC
:10A3300003B0BDE8F08F2378002BF9D19AF80030F4
:10A34000002BF5D000F0C4FF3388002BE2D02B4A5D
:10A350009BF800401288D01A043B00EB44202849A7
:10A360009BB23380009E0E507BBB01EB44242846F9
:10A370002146FFF723FBBFF34F8F04F1200204F5C2
:10A380000073934294BF012310234FF0E02204EBAB
:10A390004313C2F8704F20349C42FAD1BFF34F8F61
:10A3A000BFF36F8F04202946FFF720FB019B02209B
:10A3B0000133032B88BF00238BF80030FEF782FEA9
:10A3C00000233B7003B0BDE8F08F0220FEF75EFE75
:10A3D000F6E70A4B20701A889BF800401346BBE74B
:10A3E000064A019C1288D01AB6E700BFB34C012080
:10A3F000744C0120A0690020AD4C0120784C012054
:10A40000A0D32620B14C012060D50020BA4C0120F9
:10A41000214B70B51B78002B3BD04FF400763346B0
:10A420001E4980221E4D00240B8000211D482B80D8
:10A4300007F0D0F91C4A21461C4B1470C0221C485E
:10A440001C8007F0C7F91B4A31461B4B042094605F
:10A450009C60C2E90044194AC3E900441470184BD7
:10A46000184A1C70184B14602246FFF7D3F9234694
:10A47000224629880420FFF7FFF920460134FFF720
:10A48000C3FE062CF9D100231049114A0B7013703A
:10A4900070BD40263346C3E7BB4C0120704C012001
:10A4A000784C0120A0690020B14C0120744C01209F
:10A4B000A0670020C8CC0020E4CC00209F4C0120E5
:10A4C000A14C0120C0CC0020456D0100AD4C012005
:10A4D000B34C0120024B1B780BB1FFF701BF704753
:10A4E000BA4C0120254B1B7813B9254A128802B9B2
:10A4F00070472449DFF898C02348BCF800C010B565
:10A500000C7884B02149ACEB020200EB441001EB63
:10A5100044210190CDE90213FFF750FA0299BFF3ED
:10A520004F8F01F5007C01F12002039B62452CBF97
:10A530000122102201984FF0E02C01EB4212CCF8DE
:10A54000701F20319142FAD10193BFF34F8FBFF3B7
:10A550006F8F01460420FFF749FA0021084B621C67
:10A5600002201980019B032A98BF1346054A1370E5
:10A5700004B0BDE81040FEF7A5BD00BFB34C0120FC
:10A58000744C0120B14C0120A0690020A0D32620EA
:10A59000784C01202DE9F8431501002944D00378B7
:10A5A00001294FEA034361D03F4E45F004070446BA
:10A5B00089463278FFB23AB1427843EA02633B43BC
:10A5C00043F47040FFF78CFEA9F10209B9F1020FC4
:10A5D00036D905343378A0466BB114F8023C14F830
:10A5E000032C1B0414F8010C43EA02233B4343EA07
:10A5F0000060FFF775FEA9F103090334B9F1020FFA
:10A60000E8D8B9F1020F33781DD0B9F1010F3BD072
:10A6100043B105F0F0054FF205702843BDE8F8435B
:10A62000FFF75EBEBDE8F8831F4B1B78002BF9D007
:10A6300005F0F0051D482843BDE8F843FFF750BE7C
:10A6400004F10208DDE7002BECD098F8010045F09A
:10A65000070598F800300004EDB240EA03202843D3
:10A66000BDE8F84340F07740FFF73ABE0E4A127853
:10A67000002AD7D045F007050D48EDB22B4318430B
:10A68000BDE8F843FFF72CBE002BCBD045F0060009
:10A6900098F80030C0B240EA0320BDE8F84340F427
:10A6A0007700FFF71DBE00BFBA4C012006F0F7008F
:10A6B00000F000F74FF0E0234FF40032DFF898C0CD
:10A6C000C3F88C211E4B9CF8002019788A422ED0AA
:10A6D000D3B21C4A1C480133072B28BF002330B5D6
:10A6E00012F803E083B0194A194C32F81E50026880
:10A6F00034F81E10043A02600A1D164801EB4E2180
:10A7000092B24158954224F81E2008D94FF0E02318
:10A710004FF400320846C3F80C2103B030BD704638
:10A7200001918CF80030FFF76FFD0199EEE70021F1
:10A730004FF0E0234FF400320846C3F80C21704775
:10A740009F4C012000CD0020C0CC0020C8CC0020B0
:10A75000E4CC0020A0C72620A14C012030B583B056
:10A760000546FFF7A7FF88B1034600F00F02A14896
:10A77000C3F303111C0A0170A2F10801062908D8CD
:10A7800004F00F0001309DB3A84231D0002003B087
:10A7900030BD911EE0B2012906D9052A75D1F028F5
:10A7A00073D9F72800F09980F1380E28EED801A26D
:10A7B00052F820F017740100337401005374010043
:10A7C0006172010061720100637401006172010035
:10A7D0007574010061720100AD7401001D75010006
:10A7E0003B7501006172010059750100917401000F
:10A7F000082AC3F303311CD108291AD1DFF834C267
:10A8000080217D4ADCF80040C0B21170C3F30741DB
:10A810001A0E0D4624B1CDE90002A047DDE9000281
:10A82000764B77491870774B0D701A70012003B082
:10A8300030BD092A17D1092915D1C3F307441A0ECF
:10A84000C0B26D4B254600F035819021D2B219700F
:10A850006D4B1B68002BE3D0214601920090984776
:10A86000DDE90002DCE70A2A06D10A2904D1DFF873
:10A87000C8C1A021604AC5E70B2A47D10B2945D1A1
:10A88000DFF8B8C1B0215C4ABCE7042A00F041817E
:10A89000511F02290ED90F2A7FF478AFF72883D8E9
:10A8A000F02804D0594B1B88002B3FF46FAFFFF703
:10A8B0008BFC6BE7CDE90023FFF786FC009A052AA5
:10A8C0000DD0019BC3F30740CDE90032FFF77CFCBC
:10A8D000019A009B072A02D1180EFFF775FC4B4B1B
:10A8E00047481988474A0170080ADFF854C11070B8
:10A8F0000020414A1880F023DCF800401370002C3F
:10A9000000F0148101224248A0478FE70C2A40F052
:10A91000C8800C2940F0C580DFF828C1C021364A24
:10A92000DCF80040C0B21170C3F307411A0E0D46A7
:10A93000002C3FF475AFCDE90002A047DDE900022D
:10A940006EE7344AC3F307401268054612B100931C
:10A950009047009B28491A0E00200C7060E72E4992
:10A960001A0C096815460029F4D0580C02F07F0231
:10A97000009300F47E5010438847009BEAE7274A83
:10A98000C3F3074012680546002AE0D1E2E7244AF3
:10A990001D0C1268002ADDD000939047009BD9E778
:10A9A000204A1D0C1268002AF6D11F4A1268002A9C
:10A9B000D0D00093F8209047009BCBE71B4A1D0C9A
:10A9C0001268002AE8D1184A1268002AC2D00093FF
:10A9D000FF209047009BBDE7154A1D0C1268002A16
:10A9E000DAD1114A1268002AB4D00093FA209047B5
:10A9F000009BAFE7BC4C0120C04C0120BD4C0120A6
:10AA0000BE4C0120BF4C012080D600207C4C012090
:10AA1000B8D60020ACD6002090D6002094D60020D6
:10AA2000B0D6002070D600208CD60020A8D60020FA
:10AA300098D600207CD60020B4D6002078D60020FE
:10AA4000A4D6002088D600203C4A1D0C1268002A9B
:10AA5000A2D13B4A1268002A3FF47CAF0093FB204E
:10AA60009047009B76E7374A1D0C1268002A93D165
:10AA7000334A1268002A3FF46DAF0093FC209047E0
:10AA8000009B67E7304A1D0C1268002A84D12C4ACB
:10AA90001268002A3FF45EAF0093FE209047009BAF
:10AAA00058E70D2A11D10D290FD1DFF8B0C0D02100
:10AAB000264A35E780211970254B1B681BB12146BA
:10AAC0000090984700980022AAE60E2A7FF45EAE16
:10AAD0000E297FF45BAEDFF888C0E0211B4AC0B2CC
:10AAE000DCF800404FEA134C11701A0E6546002C3A
:10AAF0003FF496AE590C0CF07F0C019201F47E519C
:10AB0000009041EA0C01A1F50051A047DDE90002E7
:10AB100086E60093FFF758FB009BC3F30740FFF75F
:10AB200053FB009B180EFFF74FFB2FE6094B1B68EA
:10AB3000002B3FF47BAE0848984777E674D6002098
:10AB40008CD600209CD6002068D60020C04C012066
:10AB50007CD60020A0D60020B8D600206CD60020DD
:10AB600084D6002070B5164D4FF0E02415494FF4FF
:10AB70000032154E05EB401582B001EB4021C4F8C0
:10AB80008C210346328828460191FEF717FF019970
:10AB900033880B44BFF34F8FC4F85C1F20318B42C6
:10ABA000FAD8BFF34F8FBFF36F8F03202946FEF70C
:10ABB00033FF4FF40033C4F80C3102B070BD00BF56
:10ABC00060680020A0DB2620724C0120264B1A88EA
:10ABD0004368C3F30E43D21A002AF0B5C46983B0A8
:10ABE00028DD2248224D01782D78CBB2DFF894C0C1
:10ABF000A942204D09D01CF803100F4635F811105A
:10AC00000E46C1F500718A421AD90133002125F898
:10AC10001420082B184D88BF0B4625F8141098BF38
:10AC200019460CF80340154B017019680A441A6064
:10AC300003B0F0BD204603B0BDE8F040FFF792BF7F
:10AC40000F4906EB47200192084401EB4421FDF730
:10AC50008BFD019A09492046B31825F817300B6877
:10AC600013440B60E7E700BF724C0120A04C0120A9
:10AC7000A24C0120D4CC0020F0CC0020C4CC002079
:10AC8000A0DB262008CD0020224B1A78002A3FD1D5
:10AC900002F0FF03204A1278002A39D01F4A128896
:10ACA000002A35D01E49C2F5006210B5087884B07C
:10ACB0001C4901EB40141C4901EBC0212046CDE9A1
:10ACC00002230191FEF77AFEDDE901120A44BFF387
:10ACD0004F8F4FF0E020039BC0F8701F20318A4255
:10ACE000FAD80193BFF34F8FBFF36F8F0320214634
:10ACF000FEF77CFE0A480021084B027819800132D9
:10AD0000019BD2B2032A98BF1346037004B010BD52
:10AD1000704700BFB44C0120BA4C0120764C012092
:10AD2000B24C0120206A0020A0EB26202DE9F04F34
:10AD300087B00490002900F0BF8000235F4C604F73
:10AD40004FF00109DFF890A15E4E029303915E4B34
:10AD50005E4A1D783B8802EB451284F80090019210
:10AD6000002B40F0A58098461D469B460198FEF7B3
:10AD700063FE10F0800000F08B80BFF34F8F9AF8D5
:10AD8000003084F800B00DB9D6F80080002B7BD1DC
:10AD90003368A3EB0803782B00F283804C4B1B78BD
:10ADA000002B71D000F094FA3B88012584F80090C4
:10ADB000002BDBD044491A46C3F500600D78039997
:10ADC00000EBC520DFF814B19142584417D2059327
:10ADD000DDE903210192FDF7C7FC019A4FF04041E4
:10ADE000059B9B1A3B803B4BC3F88410BFF34F8FEE
:10ADF000029800231044237007B0BDE8F08F049937
:10AE0000FDF7B2FC00230BEBC5214FF40062019863
:10AE1000FEF7D4FD0BEBC521BFF34F8F01F12002EC
:10AE200001F50063934294BF012340234FF0E022D9
:10AE300001EB4313C2F8701F20318B42FAD1BFF3EC
:10AE40004F8FBFF36F8F03200199FEF7CFFD1E4A8E
:10AE500013780133DBB2042B28BF002313703B8827
:10AE6000039AD11A029A1A4403910292049A1A443C
:10AE700000230492174A3B80C2F88430BFF34F8FFF
:10AE8000237000297FF463AF029807B0BDE8F08F0C
:10AE90004FF400620C4B8AF800001D7813463A808C
:10AEA0008DE7012302988AF8003007B0BDE8F08FE3
:10AEB0001A46C3F5006082E70846E6E7B44C012075
:10AEC000764C012060D50020B24C0120206A002081
:10AED000BA4C012000002E40AE4C0120A0EB2620F1
:10AEE000704700BF2D4B002180222D4870B51B7884
:10AEF00000242C4E8B420CBF40234FF400732A4D8C
:10AF000033802B8006F066FC284A2146284B1470BB
:10AF10004FF4807227481C8006F05CFC264A102102
:10AF2000264B0220C2E90044C2E90244244AC3E994
:10AF300000441470234AC3E90244234B1C70234687
:10AF400014602246FEF798FC204B224631880320ED
:10AF5000FEF760FC2346012229880320FEF78CFCC3
:10AF600020460134FFF7FEFD082CF9D1184B0021D3
:10AF70004A221848184C0460C3F88410C3F8802093
:10AF8000D3F84821154942F08072C3F8482121B115
:10AF9000134A137843F00103137070BDBB4C0120BA
:10AFA000206A0020724C01207A4C0120B24C012012
:10AFB000764C012060680020D4CC0020F0CC00202A
:10AFC000A04C0120C4CC0020A24C0120A17601009D
:10AFD00000002E40DCD700205D770100000000005B
:10AFE000C24C01202DE9F84F4FF400324FF0E0231E
:10AFF000C3F88C212B4B1C78002950D082468B46FD
:10B00000E4B20027DFF8B490274B5046274AABEB59
:10B0100007081B78A34204F1010437D0092C244B04
:10B02000244928BF00241E5D39F8163031F8165027
:10B0300003EB4621ED1A1144A8452A4617D21E4CAF
:10B0400042465046FDF790FB236839F816105846E3
:10B05000A3EB0B0388443B4429F8168023604FF090
:10B06000E0234FF40032C3F80C21BDE8F88FFDF760
:10B070007BFB114A2F4430461368AA445B1B1360C4
:10B08000084A1470FFF76EFDBB45BDD84FF0E023B2
:10B090004FF400323846C3F80C21BDE8F88F08465B
:10B0A000DDE700BFA24C0120A04C0120A0DB262040
:10B0B00008CD0020D4CC0020C4CC0020F0CC00204F
:10B0C0000B4B0C4A12781978D3B28A420DD0013357
:10B0D00009480A4A092B0A4928BF0023C35C31F8F2
:10B0E000131002EB4323585C70474FF0FF3070475A
:10B0F000A04C0120A24C012008CD0020A0DB26207E
:10B10000F0CC0020054B186800B1704700B583B043
:10B11000019000F0DDF8019803B000BDC4CC002020
:10B120002DE9F84F144E154D33782A78934220D0EC
:10B13000DCB2DFF85090DFF850B0DFF85080104FED
:10B140000134082CA24601D90024A24619F80400B3
:10B15000DBF8003038F8102037F81010521A9B1A1C
:10B16000CBF80030FFF7FEFC86F800A02B78A34256
:10B17000E6D1BDE8F88F00BFA24C0120A04C012011
:10B18000F0CC002008CD0020C4CC0020D4CC00207E
:10B1900000B583B001210DF10700FFF723FF18B1BF
:10B1A0009DF8070003B000BD4FF0FF30FAE700BF85
:10B1B000084B00B583B01B788DF8070033B101212F
:10B1C0000DF10700FFF7B2FD03B000BD03F0FF0073
:10B1D00003B000BDBA4C0120034B1B780BB1FFF745
:10B1E000A5BD03F0FF007047BA4C01202DE9F041E6
:10B1F00000240D4E01230D4DA0460D4F33703B78BA
:10B200002846A34205D0FEF717FC030658BF08F5F1
:10B21000006801342035042CF1D1BFF34F8F002397
:10B2200040463370BDE8F081B44C0120206A002014
:10B23000B24C0120204B1B7813B1204B1A8802B965
:10B2400070471F4BC2F500621E481F4930B51B787E
:10B2500083B01E4C00EB431001EBC32101230546D4
:10B2600023700023CDE90012FEF7A8FBDDE90012F0
:10B270000A44BFF34F8F4FF0E023C3F8701F203113
:10B280008A42FAD8BFF34F8FBFF36F8F032029464E
:10B29000FEF7ACFB0A49002208480B780280013314
:10B2A000DBB2042B28BF13460B70BFF34F8F074B45
:10B2B0001A7003B030BD00BFBA4C0120764C01209B
:10B2C000B24C0120206A0020A0EB2620B44C0120C3
:10B2D0002E4B2DE9F0411E7886B1DFF8C88098F832
:10B2E00000305BB90123F10788F8003040D4B20781
:10B2F00027D4002388F80030730701D4BDE8F0811B
:10B30000234B1A68002AF9D0EFF30582002AF5D101
:10B31000EFF3108572B61868002830D01D4C2178E4
:10B3200000292CD10122227042691A60002A2AD0F9
:10B33000916105B962B60025836845779847257005
:10B34000DCE7154B1B78002BD3D0144F002557F8A2
:10B35000044F236820461B69984710B163699B68B6
:10B3600098470D4B01351A78EBB29A42EFD8C0E7F7
:10B37000FFF7C8FE0028BAD0AFF30080B7E7002D72
:10B38000BCD162B6BAE7064B1A60D2E7C24C0120C4
:10B39000C86D0020834C0120844C01201C670020D4
:10B3A000D46D0020854C012070B5EFF3108272B689
:10B3B0000C4C206880B10C4E00254369236073B1AA
:10B3C0009D6102B962B6836845779847EFF31082B2
:10B3D00072B620680028F0D102B962B670BD336041
:10B3E000EFE700BFD06D0020CC6D0020FFF7DCBF81
:10B3F0000449054A4968054B196013680133136015
:10B40000704700BF001000E060D500205CD5002030
:10B4100070B5960838D001F1100400F108033546E4
:10B420009FED227A33F908EC013D03F1080304F1A2
:10B43000100407EE90EAF8EEE77A67EE877A44EDBB
:10B44000087A33F90EEC07EE90EAF8EEE77A67EE49
:10B45000877A44ED077A33F90CEC07EE90EAF8EEC0
:10B46000E77A67EE877A44ED067A33F90AEC07EE5D
:10B4700090EAF8EEE77A67EE877A44ED057AD1D163
:10B4800001EB061100EBC60012F003020DD09FED98
:10B49000077A30F9023B013A07EE903AF8EEE77A84
:10B4A00067EE877AE1EC017AF3D170BD00000038D5
:10B4B00003460846194605F00FBF00BF0048704715
:10B4C0009C28002010B5034B0360044600F03AF9B5
:10B4D000204610BD382E002010B5054B03600446F1
:10B4E00000F030F92046FDF7DDF9204610BD00BF21
:10B4F000382E002008B5042000F084F8024B034ADF
:10B500000349036000F0A8F9382E0020997F01005C
:10B51000F82A002022494A6830B5A0F108044AB34D
:10B5200050F8083C04EB030E72451D4622D85368C0
:10B5300027D001F1040C33B92DE0596802F1040C55
:10B540001A4651B10B469E45F7D822D15368196867
:10B550005B685360DCF800300D441A6899188C421F
:10B560000CD05B6840F8043CDCF8003040F8085C24
:10B570005C6030BD40F8042C4C6030BD2A441A6039
:10B5800030BD126840F8043C2A4440F8082C4C6056
:10B5900030BD1346E1E7134601F1040CDDE700BFBF
:10B5A000586B0020164910F1090F98BF00F10F02E7
:10B5B000486894BF22F007020822043118B9704786
:10B5C000011D4068B0B103689342F9D3086803686D
:10B5D000A3EB020CBCF1070F00B5D0F804E00AD9C8
:10B5E0008318C3F804E040F802C0086802600B60EA
:10B5F000083000BD7047036073460B60083000BD23
:10B60000586B002010B500F18004803005F02CF854
:10B61000034630B180220021184606F0DBF8803066
:10B6200010BD2046FFF7BEFF03460028F2D100F010
:10B63000A3F800BF064BD3E9022380381344984295
:10B6400003D2824201D2FFF765BF05F015B800BFF3
:10B65000586B002070B5364D36488AB00024C5E9D5
:10B660000144EC6004F09AFF334B344A0821CDE9E1
:10B670000534049104230921CDE907120993A0B1EF
:10B68000044623782E483A2B08BF01340F22214666
:10B6900005F0CCFF10B9E37B2E2B16D020463A21C3
:10B6A00006F0DCF804460028EBD1099A069C402AF3
:10B6B000A8BF4022002C08BF06243E3402FB04F43D
:10B6C000A400EC60ACB90AB070BD103404AB1E68C5
:10B6D000214632462EB15868019305F0A7FF019B21
:10B6E00010B9A25D3D2A0ED00C330AAA9342EED1C6
:10B6F000D4E7204604F0B8FFA860B0B10023C0E949
:10B7000000436860DFE7701C2044002203A9019316
:10B7100005F08AFD039C019B22783A2A01D0002A79
:10B72000BCD10028A8BF9860B8E7E860CBE700BFAD
:10B73000586B0020B0280020C4280020D02800200A
:10B74000DC280020704700BF704700BF00487047EA
:10B75000EC28002000B583B004210190FDF7A6F885
:10B76000019803B000BD00BF08B58047FDF742FB5C
:10B7700000F0ECF9FDF73EFB08B5034B1868BFF38A
:10B780005B8FFFF7F1FF00BFA844002008B580479A
:10B79000FFF7F2FF08B5034B1868BFF35B8FFFF7A5
:10B7A000F5FF00BFAC440020024B1868BFF35B8F6D
:10B7B000704700BFA8440020024B1868BFF35B8F9E
:10B7C000704700BFAC44002000B5012883B01CD8EE
:10B7D000BFF35B8FA1F1280353E8002F013A43E840
:10B7E00000200028F8D1BFF35B8F62B951F81C3CF0
:10B7F00001F1580013B101909847019803B05DF82A
:10B8000004EBFFF717BF03B000BD51F8140CFFF7AE
:10B81000ABFF00BF002310B540E91E1240F8803C8A
:10B820000446FFF7C9FF44F8700CFFF7BDFF074956
:10B83000074A084B44F8581C44F8542C44F86C0C44
:10B8400044F8503CA4F1800010BD00BF474E554362
:10B85000432B2B009D82010070B504460D46164611
:10B8600000F002FA4368013332464360294620461D
:10B87000FFF7D0FF0446012344F8283B204604F09C
:10B8800015FC204600F062F9FFF776FF10B500F0D6
:10B89000EBF9D0E90042013242606CB194F820200B
:10B8A000472A0BD00022026004F1200004F01EFCA5
:10B8B00004F1200000F04AF9FFF75EFF94F8212020
:10B8C0004E2AEFD194F82220552AEBD194F8232068
:10B8D000432AE7D194F82420432AE3D194F8252081
:10B8E0002B2ADFD194F826202B2ADBD194F82720AD
:10B8F000012AD7D8626952426261D5E710B5034B7D
:10B900000360044600F0C2F8204610BDF82D002068
:10B9100010B5054B0360044600F0B8F820460C2132
:10B92000FCF7C4FF204610BDF82D002070B582B092
:10B930000546069C94420E460BD0A868D0F800C07D
:10B940000694DCF820403146A44602B0BDE87040C1
:10B95000604719460192009300F062F8DDE9003279
:10B960000028EAD0062002B070BD00BF2DE9F043E8
:10B9700083B00F46194601920093DDE90A48DDE9DC
:10B980000C65814600F04CF8DDE9003278B9B4422C
:10B9900020D0D9F8080039460768CDE90C65CDE913
:10B9A0000A48FC69A44603B0BDE8F0436047002F95
:10B9B0002C602A7109DB3C44A64214BF01240624F2
:10B9C000AC71002003B0BDE8F0830237F9D1012348
:10B9D000AB71F6E741464846CDE9002300F020F878
:10B9E000DDE900230028D4D06A71EAE72DE9F041AF
:10B9F00007460E4615461C4600F082F850B9B86856
:10BA00000168D1F818E023462A463146F446BDE8DD
:10BA1000F0416047BDE8F081704700BF00207047EB
:10BA2000814211D008B5406803782A2B0AD04968B2
:10BA30000B782A2B08BF013106F048F9B0FA80F0E4
:10BA4000400908BD002008BD0120704770B503689B
:10BA500084B000249E690394102315460293CDE917
:10BA600000446B461268B0479DF8043003F00603AB
:10BA7000062B03BF009B2B600120204604B070BD45
:10BA8000009890420CBF06200120704710B5034B70
:10BA900003600446FFF7C0FF204610BDCC2D0020F8
:10BAA00010B5054B03600446FFF7B6FF204608219A
:10BAB000FCF7FCFE204610BDCC2D002030B583B035
:10BAC00015460899069A8A4204460DD01946204622
:10BAD000FFF7A6FF28B1099A069911600123157195
:10BAE0009371002003B030BD07990193FFF798FFD1
:10BAF000019B0028EAD0099B00205D7103B030BD96
:10BB000010B582B014460193FFF78AFF019B20B164
:10BB1000082106221C60D9601A7102B010BD00BF56
:10BB20002DE9F041074616461D460C46FFF778FF03
:10BB300048B9032D07D823683246394620465B6949
:10BB4000BDE8F0411847BDE8F08100BF10B50446DC
:10BB500082B000F089F82246036812F820194729BC
:10BB600005D0002B34D10260184602B010BD6178B8
:10BB70004E29F6D1A1785529F3D1E1784329F0D1A6
:10BB800021794329EDD161792B29EAD1A1792B299A
:10BB9000E7D1E1790129E4D854F80C1C002914DB21
:10BBA000013144F80C1C416801394160934218BFCF
:10BBB00044F8103C636A18BF02602046019303F00A
:10BBC00089FE019B184602B010BDC1F10101E8E7F2
:10BBD000FFF7D2FD08B500F043F803687BB393F894
:10BBE0002020472A07D00022026003F12000BDE890
:10BBF000084003F071BE93F821204E2AF3D193F848
:10BC00002220552AEFD193F82320432AEBD193F831
:10BC10002420432AE7D193F825202B2AE3D193F857
:10BC200026202B2ADFD193F82720012ADBD85A6956
:10BC3000002A05DB013A08D0511C0ED05A6108BD1C
:10BC40000132FBD119690160F8E71A69026003F15A
:10BC50002000BDE8084003F03FBEFFF78DFD00BFA8
:10BC600000487047746D002000487047746D0020D4
:10BC7000502870B51D461ED000F00F0384460E46B6
:10BC80000C2B55D8DFE803F0074426071E54545404
:10BC9000542A22071E00104650F8043B4BB10CF00A
:10BCA0007001102918BF324613441CF0800F18BFD2
:10BCB0001B682B6070BDD01C20F0030050F8043BC3
:10BCC0002B6070BD104650F8083BE7E7104630F98E
:10BCD000023BE3E7104630F8023BDFE70023104663
:10BCE000194610F8014B04F07F0E0EFA01FE14F015
:10BCF000800F43EA0E0301F10701F2D11F29CDD8CD
:10BD00006406CBD54FF0FF3404FA01F10B43C6E7CC
:10BD100000231046194610F8014B04F07F0E0EFA6E
:10BD200001FE240643EA0E0301F10701F3D4B5E74F
:10BD3000FDF760F8FF281FD008B500F07003302B26
:10BD400015D006D8202B0BD1BDE80840084604F0DA
:10BD5000D6BB402B07D1BDE80840084604F0BCBB69
:10BD600003D8002008BD502BFBD0FDF743F8BDE8F9
:10BD70000840084604F0C0BB0020704730B50346B9
:10BD800083B00D46144618B1019004F0A5FB019B49
:10BD900020602A4612F8015BFF2D2ED1606010460C
:10BDA00010F8013BFF2B39D010234FF0000C237506
:10BDB000624610F8011B01F07F03934009064CEA2C
:10BDC000030C02F10702F4D400EB0C03E36010F85B
:10BDD000013B63754FF0000C624610F8011B01F047
:10BDE0007F0393404CEA030C0B0602F10702F4D4E4
:10BDF00000EB0C03236103B030BD194628460192C5
:10BE0000FFF798FF019A0146231D2846FFF730FFF0
:10BE10000246104610F8013BFF2BC5D123750023C5
:10BE2000D4E700BF2DE9F04F00F0030397B00024E2
:10BE3000012B02940C948946904600F0A680022BB8
:10BE40000AD14146484604F02FFB002840F092807A
:10BE5000082017B0BDE8F08F002B40F01F8210F0D3
:10BE60000804EED110AB01250393039B009300233C
:10BE70000C2219464046CDF8409003F059FD40464B
:10BE800004F030FB05900028DBD044EA050304935E
:10BE9000029B039A05998DF8543040460023CDE962
:10BEA0001333FFF76BFF9DF854300293044641466D
:10BEB0001846139BDDF850A00693FFF73BFF0FAF2A
:10BEC00000230790194600970F22404603F00AFD11
:10BED00054450F9B37D223F001039DF85550DDF8F0
:10BEE00040B05E1E00212846FFF724FF224601468F
:10BEF0000DAB2846FFF7BCFE002104462846FFF79D
:10BF000019FF224601460EAB2846FFF7B1FE00217D
:10BF100004462846FFF70EFF224601463B462846C8
:10BF2000FFF7A6FE04460020024614F8011B01F0AC
:10BF30007F03934018430B0602F10702F5D40D9BD3
:10BF40005B44B3421AD9049BDC0725D500252E4655
:10BF500000231946009740460D220C9C03F0C2FCBA
:10BF6000059BC9E90B360F9BC9F82030C9E9094583
:10BF700006206EE7092017B0BDE8F08F0E9A134433
:10BF8000B3425BD85445ADD3DDE710F008040AD0C6
:10BF900010AB0393022568E7049B180700F17C812E
:10BFA000484600F066FA10AB0D6A03930093029BBB
:10BFB0000D221946404603F095FC109B9D42E9D1A5
:10BFC000039B0093029BCDF840900C2219464046FB
:10BFD00003F0AEFCD9F83060002EE1D0D9E90A5365
:10BFE0000FAF0593002DC0F21281032400231A46DF
:10BFF000194600974046CDF83C9003F099FC002389
:10C0000019460122009740460F9503F091FC00234A
:10C0100019460F220097404603F064FC0F9A0097E0
:10C0200002F00102002332430F9240460F221946CC
:10C0300003F07EFC022C6ED007200AE70F9E002E34
:10C040003FF4FFAE119A1644002800F01581002E2F
:10C050003FF4F7AE049B013813F008030AEB000429
:10C060000A9300F00D818E4BC9F800308D4BC9F852
:10C070000430029B089603F007030B934B464FF0E6
:10C08000000AB9464FF0010BCDF824801F46002569
:10C090002A4614F8011B01F07F039340080645EA85
:10C0A000030502F10702F4D41F2A08D80BFA02F3A1
:10C0B0005B4211F0400F43EA050318BF1D460026FE
:10C0C0002046324610F8011B01F07F0393401E43C7
:10C0D0000B0602F10702F5D41F2A40D84B063ED5C5
:10C0E0000BFA02F35B421E43002D75D0049B022B1A
:10C0F0000FD0002D39DC069A6FF040435B1B02EB3A
:10C10000830817B10A9A002A6AD0D8F80030BBB168
:10C110002EB13444BBE7484600F024F98CE73B4697
:10C12000089EDDF824804F469946BAF1000F3FF48F
:10C1300088AE049BDD073FF584AE0025022455E759
:10C140003B464F469946049B089EDDF82480DA075B
:10C150003FF5FEAE002D3FF448AFFFF71BFB85B166
:10C16000049B022BD4D0002DC5DD029BFF2B76D083
:10C170000B9A042A00F29280DFE802F008902A0865
:10C1800026004FF0010A002EC3D1C8E7069BA3EB9F
:10C190008502079902984B46FFF76AFD0F9941B156
:10C1A000002FB5D00CAB0022384600F083F80028F1
:10C1B000AED03B464F469946049B089EDDF824804E
:10C1C000D9073FF5C5AE10E7069BA3EBC502E0E734
:10C1D000069BA3EB4502DCE74FF0010A344456E727
:10C1E000069A52F8231000293BD00C9B0F9303E0D2
:10C1F00058F8041F002934D041444B4600223846E9
:10C2000000F058F80028F3D0002E82D187E7069B73
:10C21000039A059913934046029B8DF85430FFF71B
:10C22000ADFD9DF85400DDF84CA04146FFF782FDBE
:10C230006FF040435B1B0AEB83045AF8233033B1A1
:10C240002246002352F8041F01330029FAD1C9E91C
:10C250000A300423C9F83440C9F83030C5E6069ADC
:10C2600097E73B464F469946049B089EDDF824809D
:10C27000DB073FF56DAEB5E6002E7FF45AAFE0E583
:10C2800099F80730012B0CBF59F8203C09F15803ED
:10C290000C93EEE6FFF75AFCFFF76EFAFCF7AAFDE7
:10C2A000474E5543464F52001EB400F08DF81EBC59
:10C2B00003F00CFFF0B50278472A83B00C461F4606
:10C2C00019D0264E0020336801909B68304698476D
:10C2D00078B1019B1B6801930225236831462046F3
:10C2E0001E6901AA0123B04738BB0546284603B0A2
:10C2F000F0BD0125F1E743784E2BE2D18378552B31
:10C30000DFD1C378432BDCD10379462B1AD0432BE2
:10C31000D7D143792B2BD4D183792B2BD1D1C3798E
:10C32000012BCED850F8206C4FF0000301930ABFC8
:10C330003046583056F8786CC5E7019B3B6028467C
:10C3400003B0F0BD43794F2BBBD18379522BB8D1C9
:10C35000C0790028B5D1024EB5E700BFD82A002029
:10C36000C42A002010B50446FFF77EFC234613F8CC
:10C370002029472A04D0826822BB8360012010BD97
:10C3800062784E2AF7D1A278552AF4D1E278432A6E
:10C39000F1D12279432AEED162792B2AEBD1A2790D
:10C3A0002B2AE8D1E279012AE5D854F8042C01328D
:10C3B000012A44F8042CE1D1826844F8082C8360F7
:10C3C000012010BDFFF7D8F908B5FFF74DFC8368D1
:10C3D0007BB393F82020472A04D00022826003F127
:10C3E000200008BD93F821204E2AF6D193F8222090
:10C3F000552AF2D193F82320432AEED193F8242032
:10C40000432AEAD193F825202B2AE6D193F8262057
:10C410002B2AE2D193F82720012ADED8DA69013AE3
:10C42000DA61002ADBD1996981609A6103F1200009
:10C4300008BDFFF7A1F900BF0378472B17D1437858
:10C440004E2B14D18378552B11D1C378432B0ED1A9
:10C450000379432B0BD143792B2B08D183792B2BD9
:10C4600005D1C07901288CBF002001207047002031
:10C47000704708B550B10446FFF768FB2046FFF748
:10C48000DBFF18B154F8140CFFF76EF9FFF774F9DD
:10C490002DE9F04F83B00246FFF7CEFF38B152E9E5
:10C4A0000674D2E90C69D2F828A0002505E00446FC
:10C4B000074601258146064682461046FFF746FBA1
:10C4C0000DB1FFF767F93846FFF760F9FFF73EFB5C
:10C4D0000DB1FFF751F9FFF7C3FBD0F8008098F8D2
:10C4E0002730012B0CBFD8F8003008F178030093F7
:10C4F0004FEA960B0027BA451DDD07FB0BF309EB4E
:10C50000830259F8236006B116446B460022314677
:10C5100008F12000FFF7CEFE08B1FFF7B7F9336846
:10C5200001900E49304601AA1E690123B0472843F5
:10C53000C5B20137DFE745B10420FFF763F8084BC8
:10C54000084A06490360FFF787F92046FFF70CF910
:10C55000FFF740FBFFF73EFBFFF7A6FEEC2A0020AB
:10C56000242E00201D82010090F8A32090F8A20044
:10C57000101A704790F8A23090F8A3209A4205D97B
:10C580005A1C034480F8A220987E70474FF0FF3079
:10C59000704700BF90F8A23090F8A3209A4202D9C9
:10C5A0001844807E70474FF0FF307047704700BFDF
:10C5B00090F83021034612B990F831212AB193F84E
:10C5C0002F21882A03D901225A600020704702F1E6
:10C5D000010C1A44012083F82FC182F8A51070477E
:10C5E00090F83031944623B990F831210AB91046B9
:10C5F000704700B590F82FE183B0CEF189029445E1
:10C6000011D862460346A530009270440193FCF7AE
:10C61000ABF8019B009A93F82F111046114483F850
:10C620002F1103B000BD01234360EBE72DE9F04F6C
:10C6300043698046007E152598F8192083B003EBE6
:10C6400000103B4903EB0212007A92F8282001EB1C
:10C6500000140001D4F80CA00F5801EB0210D4F81C
:10C6600004901201C46851F802E0C9F80050C7F8FC
:10C6700084A07A68D0F804B042EA0A022D487A60B1
:10C68000CBF80050CEF88440DEF804202A4D224337
:10C69000CEF80420294A46682968A2FB0121890CAA
:10C6A00001EB810149004268921B9142FBD84FF097
:10C6B000090C204A214E0193BB6813EA0A0F03D0EC
:10C6C000DEF8083023422FD1CEF8884050682B681E
:10C6D000A6FB0331890C01EB810153681B1A9942B7
:10C6E000FBD8CEF8844050682B68A6FB0331890C38
:10C6F00001EB810153681B1A9942FBD8BCF1010C74
:10C70000DAD1019B604698F8182003EB0212D26838
:10C71000C9F8002098F8192003EB0213DB6ACBF864
:10C72000003003B0BDE8F08F019B0120EBE700BFB4
:10C7300044300020001000E0D440002083DE1B4382
:10C7400010490269D1F800C006E0DB0108D40B688B
:10C75000A3EB0C03102B08D8536913F0007FF4D11E
:10C760004FF4FE4301205361704700B583B001923E
:10C77000FFF75CFF019A18B14FF4FE4301205361AB
:10C7800003B000BD60D500202DE9F04790F82F914F
:10C79000B9F1000F5BD082460F46D0F81080FFF74A
:10C7A000CFFF002853D03A4D00242E6819E0D8F866
:10C7B000143019054ED4DA0453D4580559D49904C9
:10C7C0003BD42A68921B322A37D84C4507D9D8F86F
:10C7D0005C20520703D19B0557D4002F55D0FEF79C
:10C7E00077FD4C45E3D8D8F85C305807DFD403F028
:10C7F00007034CB99AF8A5200133012442F4806262
:10C80000042BC8F86020D2D0A14504F101020DD953
:10C810000AEB040101331446042B91F8A520C8F853
:10C820006020C4D0A14504F10102F1D81FB14FF43A
:10C830000073C8F860301446B9E7D8F810304FF4E8
:10C84000007243F44073C8F81030C8F86020042028
:10C85000BDE8F087D8F8103043F44073C8F81030C2
:10C86000F5E7D8F81030052043F44073C8F81030CD
:10C87000EEE7D8F810304FF40072022043F4407312
:10C88000C8F81030C8F86020E2E70020E0E700BFF9
:10C8900060D500202DE9F04F83B004460D461646C2
:10C8A0009946D0F810B0FFF74BFF002800F0A780A2
:10C8B000012E4FF000024FEA4505544F38BF0126C4
:10C8C0009246EDB2D7F80080731EBAF1020FA4F8B9
:10C8D000A22043F48073019357D994F8A330872B97
:10C8E00021D9DBF8141008053AD411F4105F70D187
:10C8F0003B68A3EB0803322B6BD894F8A330B34208
:10C900003ED3BAF1020F3BD9DBF85C305A0704D1B1
:10C910008B052BD4B9F1000F28D0FEF7D9FC94F881
:10C92000A330872BDDD8DBF85C1011F4E02FC1F3C6
:10C93000024CD6D09C4404F119015FFA8CFC1944D6
:10C940000133DBF87000DBB2634584F8A33001F8F3
:10C95000010FC6D0882BF3D1DBF814100805C4D51D
:10C96000DBF8103043F44073CBF81030DBF85C3068
:10C9700013F4E02F3CD194F8A30003B0BDE8F08F8E
:10C98000FEF7A6FCBAF1020FA7D8DBF85C0043075C
:10C99000A3D45146BAF1000F0BD140F201432B430F
:10C9A000CBF8603000F00703013153445B1A032BCE
:10C9B00029D8012909D0B9F1000F03D04FF4007331
:10C9C000CBF860304FF0030A87E7019BCBF860306B
:10C9D000E8E7DBF810304FF4007243F44073CBF813
:10C9E0001030CBF86020DBF85C3013F4E02FC2D0BD
:10C9F000DBF8103043F40073CBF81030BBE70420B1
:10CA000003B0BDE8F08F8A4667E700BF60D500201D
:10CA100001690346D1F8142110B512F4706E84B088
:10CA200002F0020002F0010C26D178B3D1F870E1D7
:10CA30001EF4004F40D00020012483F8A2001844C7
:10CA400083F8A34080F81AE0BCF1000F21D112F462
:10CA5000407F0FD093F8A30028B1D3F83C2112B146
:10CA600000939047009B0022A3F8A220A3F82E2158
:10CA700083F8302104B010BDC1F814E10028E3D0E0
:10CA8000D1F870E11EF4004FD5D115E0BCF1000FD4
:10CA9000F0D093F83001A8B193F82E0193F82FC18C
:10CAA000844527D900F1010C184483F82EC190F871
:10CAB000A500C1F86001CAE793F8A3008728C3D88E
:10CAC000441CBCE7D3F8384144B1CDE90203CDE9B9
:10CAD0000012A047DDE90203DDE900124FF0000C6F
:10CAE00083F82EC14FF0010C83F830C193F82FC1A9
:10CAF0008445D7D80020C1F86001A8E70148FFF7B6
:10CB000087BF00BFE84000200148FFF781BF00BF9A
:10CB1000284200200148FFF77BBF00BF6843002088
:10CB2000DFF870C00022036961451A6116D8DFF88A
:10CB300068C0012012494FF43032C3F848C058622F
:10CB40009962DA62D3F848C000204FF00111012247
:10CB5000C3F850C0186299651A617047094881424C
:10CB600009D9DFF838C008480849C3F848C05A62F4
:10CB70009862D962E6E7DFF828C00548F4E700BF0D
:10CB8000B80B05053F420F0060090101007F050059
:10CB9000100E02027F1A06003B3728190A09070403
:10CBA0001C1A120C30B504468E460068114640F23D
:10CBB0000122026123B31D46BEF1000F21D072464F
:10CBC00012F801CB9646013DC0F864C0026F92078F
:10CBD00007D48C46013B426F19B10CF8012B61461A
:10CBE00020684269D207F1D5002DE5D143B1026F2B
:10CBF0009207FCD4426F09B101F8012B013B03D12C
:10CC000030BD94F83CC0DEE72068026F9207EED496
:10CC1000F0E700BF43682DE9F04FD3E90041814DB3
:10CC20004FF0B80922684FF00F0B22EA01027E494B
:10CC30002260AA6911407D4A0A43AA6190F810E077
:10CC40007B4A03EB0E0603EB8E0E317C02EB0111E7
:10CC50008968C1F8009090F811C003EB0C0503EB54
:10CC60008C0C95F8201002EB01118968C1F8009036
:10CC7000817C03EB010803EB810198F830A002EB03
:10CC80000A1ADAF808A0CAF80090D4F800905F6891
:10CC900049EA0709C4F80090347CDEF814E002EB9E
:10CCA00004146468C4F800E095F82040DCF824C05F
:10CCB00002EB04146468C4F800C098F83040496B73
:10CCC00002EB041252681160DA6B98F838101160A8
:10CCD000DA69317EDB6A116095F828201A60022239
:10CCE00003681A61C3F858B0C27C002A32D072B609
:10CCF000C37CDD0708D54FF0E0214469D1F88021DD
:10CD000022408262C1F880219C0708D54FF0E021C3
:10CD10008469D1F884212240C262C1F88421590774
:10CD200008D54FF0E021C469D1F888212240026380
:10CD3000C1F888211A0708D54FF0E021046AD1F81C
:10CD40008C2122404263C1F88C21DF065CD462B69C
:10CD5000C27C0368374D8168A9425FD03149856044
:10CD60008969354CC1F30117C1F38261334E54F820
:10CD700027400131B4FBF1F4B44230D80021C16046
:10CD800000241C6103245C620724196401211C66D1
:10CD9000196112B3D60704D5816A4FF0E023C3F8B6
:10CDA0000011950704D5C16A4FF0E023C3F80411C0
:10CDB000540704D5016B4FF0E023C3F808111107A5
:10CDC00004D5416B4FF0E023C3F80C11D30604D512
:10CDD000826B4FF0E023C3F81021BDE8F08F1849B3
:10CDE000A1FB0461090DB4FBF1F4AC4288BF013131
:10CDF000B1F5817F14D20229C0D902394C0804EB65
:10CE0000042441EA0421BAE74FF0E022416AD2F853
:10CE100090310B408363C2F8903198E7C168AFE767
:10CE20000849ACE700C00F40CFFFFFE31000000847
:10CE30004430002000093D00A42E0020FF083D00E2
:10CE400083DE1B43FF7F7F000BB1FFF7ABBE704754
:10CE50000023114A1149438680F834300370A3F54A
:10CE60007E03C0F81A20A3F57F430D4ADFF834C0D3
:10CE7000C0F8161041F6FF71C0F82220FF22C0F85A
:10CE800026304CF21103C0F81EC00182C0F82A20DF
:10CE9000C0F82E30704700BF102001012814010196
:10CEA000FF0F0F0010200110C80B7047114101F057
:10CEB0000100704770B50E461D461146C3687200EA
:10CEC000044683F8A52040F20112A3F82F21C06880
:10CED00003681B6898470021E068FFF755FC0123B1
:10CEE0003146E0681A46FFF7D5FC00230E4A2B7046
:10CEF000E06803685B6993420ED190F8A23090F825
:10CF0000A3209A420DD95A1C034480F8A220287805
:10CF10009B7E1843287070BD98472B781843287063
:10CF200070BDFF20F6E700BF4990010090F800C0F7
:10CF3000BCF1000F23D0034610B5002484B003E0F9
:10CF40000134E2B2944517D913F8012F8A42F7D180
:10CF500000220DF10F0301908DF80F205D22FFF7E5
:10CF6000A9FF01989DF80F302044807CC01AB0FAC8
:10CF700080F0400904B010BD002004B010BD604630
:10CF8000704700BF38B504461D46C36848001146C7
:10CF900040F2011283F8A500A3F82F21E06802688F
:10CFA00012689047E068294603681B689847E06864
:10CFB0000121BDE83840FFF7E7BB00BF10B50446CC
:10CFC000007884B0E0B12246002301E0704517D913
:10CFD00012F801CF01338C455FFA83FEF6D103AB23
:10CFE0005E2220460191FFF765FF9DF80C305E221E
:10CFF000019923F03F0320468DF80C30FFF7C2FF64
:10D0000004B010BD70B5047882B064B31546844690
:10D01000002301E0944226D91CF801EF01338E452C
:10D02000DAB2F7D10C462E46054601AB5E22FFF779
:10D0300041FF00235E2221462846FFF7A3FF5E2220
:10D040009DF8043021462846FFF79CFF9DF804C058
:10D050005E22214666F3871C28465FFA8CF38DF822
:10D0600004C0FFF78FFF02B070BD00BF2DE9F04193
:10D07000067896B3984617460346002401E0AE4270
:10D080002BD913F8012F01348A42E5B2F7D1B84504
:10D0900025D90D46064600F135035E224124FFF7EF
:10D0A00009FF29463046FFF789FF224643462946B5
:10D0B0003046FFF767FF621C02343B462946D2B276
:10D0C000E4B23046FFF75EFF5B2CEED196F83530C8
:10D0D0005E2229463046FFF755FFBDE8F081434602
:10D0E000B8461F46D5E700BFF8B503788BB11746A1
:10D0F0000E460446054615F8011F20463B463246BB
:10D10000FFF7B4FFA5EB040C20785FFA8CFC6045B8
:10D11000F1D8F8BD70B504787CB316461D46864636
:10D120004FF0000C01E0944227D91EF8013F0CF1AA
:10D13000010C8B425FFA8CF2F5D10C46290106F006
:10D140000702054601F0700100F1350341EA0206CD
:10D150005E222146FFF7AEFE21462846FFF72EFF4E
:10D1600033465B2221462846FFF70CFF5E2295F8E6
:10D17000353021462846FFF705FF70BD70B50478AD
:10D1800082B0C4B315468446002301E0944232D9EC
:10D190001CF801EF01338E45DAB2F7D12E4601AB10
:10D1A0005C2205460C46FFF785FE3F2E32469DF871
:10D1B000041005F1350328BF3F222846012A38BF55
:10D1C000012262F305015E228DF804102146FFF76B
:10D1D00071FE21462846FFF7F1FE5C229DF80430DF
:10D1E00021462846FFF7CEFE5E2295F835302146CF
:10D1F0002846FFF7C7FE02B070BD00BFF0B5057846
:10D2000085B0ADB30346002404E001345FFA84FC2A
:10D2100065452DD913F801CF8C45F6D1174603ABE0
:10D220005D2206460D46FFF745FE9DF80C2006F1EF
:10D2300035032946304667F3471234448DF80C20F5
:10D240005E22FFF737FE29463046FFF7B7FE9DF80E
:10D250000C305D22294630460193FFF793FE019B77
:10D260005E222946A374304696F83530FFF78AFED1
:10D2700005B0F0BD70B5047882B08CB31546844615
:10D28000002301E094422BD91CF801EF01338E45B5
:10D29000DAB2F7D101AB5C220C462E460546FFF709
:10D2A00009FE9DF80420214605F13503284666F362
:10D2B00087128DF804205E22FFF7FCFD21462846E8
:10D2C000FFF77CFE5C229DF8043021462846FFF7DC
:10D2D00059FE5E2295F8353021462846FFF752FE6A
:10D2E00002B070BDF0B5057885B0ADB3034600243B
:10D2F00004E001345FFA84FC65452DD913F801CFB1
:10D300008C45F6D1174603AB5D2206460D46FFF766
:10D31000D1FD9DF80C2006F135032946304667F310
:10D32000C40234448DF80C205E22FFF7C3FD294669
:10D330003046FFF743FE9DF80C305D22294630460B
:10D340000193FFF71FFE019B5E222946A37430461E
:10D3500096F83530FFF716FE05B0F0BDF0B505784C
:10D3600085B0ADB30346002404E001345FFA84FCC9
:10D3700065452DD913F801CF8C45F6D1174603AB7F
:10D380005D2206460D46FFF795FD9DF80C2006F13F
:10D3900035032946304667F3020234448DF80C20E9
:10D3A0005E22FFF787FD29463046FFF707FE9DF80E
:10D3B0000C305D22294630460193FFF7E3FD019BC7
:10D3C0005E222946A374304696F83530FFF7DAFD21
:10D3D00005B0F0BD70B5144605460E46FFF7EEFDEC
:10D3E000A378284631462B22FFF7CCFDE37831465F
:10D3F00028462C22FFF7C6FD2379314628462D22E8
:10D40000FFF7C0FD6379314628462E22FFF7BAFDAB
:10D41000A379314628462F22FFF7B4FDE379314640
:10D4200028463022FFF7AEFD237A314628463122C6
:10D43000FFF7A8FD637A314628463222FFF7A2FDA6
:10D44000A37A314628463322FFF79CFDE37A314622
:10D4500028463422FFF796FD237B314628463522A5
:10D46000FFF790FD637B314628463622FFF78AFDA1
:10D47000A37B314628463722FFF784FDE37B314604
:10D4800028463822FFF77EFD237C31462846392284
:10D49000FFF778FD637C314628463A22FFF772FD9C
:10D4A000A37C314628463B22FFF76CFDE37C3146E6
:10D4B00028463C22FFF766FD237D314628463D2263
:10D4C000FFF760FD637D314628463E22FFF75AFD97
:10D4D000A37D314628463F22FFF754FDE37D3146C8
:10D4E00028464022FFF74EFD237E314628465B2228
:10D4F000FFF748FD637E314628465E22FFF742FD76
:10D50000A37E314628467B22FFF73CFDE37E314671
:10D5100028467C22FFF736FD237F314628467D22B0
:10D52000FFF730FD637F314628467E22FFF72AFD54
:10D53000A37F314628467F22FFF724FD63782278B7
:10D5400031462846BDE87040FFF790BD70B50578BC
:10D55000E5B10346002403E00134E2B2954215D957
:10D5600013F8012F8A42F7D10546802263230E4625
:10D570002C44FFF707FD24230120A374FAF7F0FEE3
:10D5800031462846FFF7D2FC044610B90024204655
:10D5900070BD284605F116023146FFF71BFF2046F5
:10D5A00070BD00BF30B5044683B008461546E16043
:10D5B00001930AF0ABFA019B8BB92378032B07D8B0
:10D5C000E2180133002123702423557051719374A4
:10D5D0002946204603B0BDE83040FFF7B7BF0249F7
:10D5E000E068FFF79DFAE8E7801A060070B50E467E
:10D5F0001D461146C3687200044683F8A52040F218
:10D600000112A3F82F21C06803681B689847002106
:10D61000E068FFF7B9F8314601230222E068FFF71E
:10D6200039F90023E0681E462B80036810495B69C6
:10D630008B4217D190F8A23090F8A3C09C4503F11B
:10D64000010C034411D980F8A2C0987E2B88B04009
:10D650001843288006B170BDE068082603685B693E
:10D660008B42E7D098470249F0E74FF0FF30EDE7F3
:10D670004990010000B583B000220DF10603FFF7C9
:10D68000B5FFBDF8060003B000BD00BF70B505468C
:10D690001E46C0684B000024114680F8A53040F2B9
:10D6A0000113A0F82F31E86803681B689847E86801
:10D6B00046FA04F108340368C9B21B689847102C75
:10D6C000F5D1E8680121BDE87040FFF75DB800BF03
:10D6D00070B51446027882B06AB38446002304E031
:10D6E00001335FFA83FE724525D91CF801EF8E45A0
:10D6F000F6D100EB030C0E4605464FF400438CF8C0
:10D7000005400022FFF7C2FF5E2201AB31462846EA
:10D71000FFF7D0FB5E2223019DF8044031462846E6
:10D7200003F0300324F03F0443F00C0323438DF84F
:10D730000430FFF727FC02B070BD00BFF8B50378D6
:10D7400073B10F4605460646002401343A4616F8E2
:10D75000011F2846FFF7BCFF2B78E4B2A342F4D8A0
:10D76000F8BD00BFB0EE407B17EE903A1B4A23F0A5
:10D77000004393421AD91A4A934202D930EE400B21
:10D78000704700B585B0684600F028FD00F0030042
:10D7900001289DED000B9DED021B12D002280AD03E
:10D7A00090B9012000F0C2FC05B000BD9FED091B3F
:10D7B000002000F0BBBC012000F0B8FCB1EE400B33
:10D7C000F2E700F01BFCEFE700F018FCB1EE400BB5
:10D7D000EAE700BF0000000000000000FB21E93F75
:10D7E000FFFFEF7F2DE9F0432DED0A8B8BB08DED20
:10D7F000000B0199DDF800E04FEA115C11EE903A60
:10D800000CF1FF3440F2FD72944211EE100A4FEA1F
:10D81000135500F2CC80C5F30A02A2F2BE347F2C6D
:10D8200098BF002000F23381BFEE008BD54AD64B63
:10D830008A18C2F3463C03EB4C1493ED006B93ED56
:10D84000027B94ED122B94ED183B94ED160B1415FE
:10D8500005EE104A6FF31302B8EEC55B93ED049B1F
:10D86000A5EE060BA5EE073B93ED08AB93ED105B21
:10D8700093ED067B93ED0CBB93ED0A6B93ED0E4B92
:10D88000BEF100048D1A45EC1C4BACEE028BA8EEE9
:10D89000054B28EE092B38EE005BA8EE0A7BA8EEBC
:10D8A0000B6B30EE450B30EE080B33EE000B28EE21
:10D8B000023BA3EE046BB0EE434BA3EE067B98EE67
:10D8C000024B28EE038B30EE046B35EE034B35EE46
:10D8D000445B35EE035B36EE056BA8EE076B34EE6A
:10D8E000062B21EE025B15EE902A6FF47273C2F3E1
:10D8F0000A5C63443E2B00F2FD8034EE424B34EE72
:10D90000064BA24BB0EE457B93ED028B91EE027B72
:10D91000A1EE047B93ED003BB0EE480B93ED046B5E
:10D92000A5EE030B10EE101A30EE480B93ED062B0C
:10D93000A0EE065BB0EE451B93ED0E4BA0EE021B76
:10D9400037EE017B93ED0C6B27EE072B01F07F0286
:10D95000921802F10F0403EBC202A7EE046B92EDE2
:10D960001C4B03EBC40293ED0A3B93ED085B53F8A9
:10D9700034E05568A7EE035B4018002422EE023B1A
:10D9800037EE047B14EB0E02A2EE057B05EB403371
:10D99000A3EE067BBCF1000F00F0BB8043EC102B24
:10D9A000A7EE000B0BB0BDEC0A8BBDE8F0830218AC
:10D9B00043EB03046FF00107561EA04644F1FF3409
:10D9C000B7426FF4001676EB0404C0F059811EEBE9
:10D9D0000E0241EB01046FF00107561EA04664F1F0
:10D9E0000004B7426FF4001676EB0404C0F01F8108
:10D9F0000029C5F30A0280F2758140F2FE34A2428A
:10DA000040F3F48040F23344A24200F37281A61A3C
:10DA10004FF0FF38A6F12007C6F1200402940397C7
:10DA200008FA06F408FA07F72743029C28FA04F4D8
:10DA3000274308FA06F420EA040423EA07073C43D4
:10DA400040F0D480029C039F03FA04F4F04020438A
:10DA5000FB40184300F001008004A2F2BE337F2B8C
:10DA600021F0004123D8CCF30A0CBCF1000F7FF465
:10DA7000DBAE9FED407B9DED006B26EE077B53EC0C
:10DA8000172B23F000419646A1F15071CCE6041803
:10DA900043EB03066FF00108671EB1466FF4001CEC
:10DAA00046F1FF36B8457CEB060CC0F02481384BBC
:10DAB000994208BFBEF1000F00F0B68040F2BD33BE
:10DAC0009A42334B4AD9BEF1010F71EB030334BFC5
:10DAD00001220022B5F5006F2CBF002301239A42DA
:10DAE0004FF000000ED10BB0BDEC0A8BBDE8F04347
:10DAF00000F0F4BC002BC0F28280BCF5816F2AD903
:10DB0000002AF0DB0BB0BDEC0A8BBDE8F04300F05F
:10DB1000EDBCA14280F2A080B7EE004B03F17F5133
:10DB200001F50011104641EC150B27EE057B35EE93
:10DB3000076BB0EEC63BB4EEC43BF1EE10FA29D44D
:10DB40009FED0E0B26EE000B0BB0BDEC0A8BBDE873
:10DB5000F04300F0FBBC4FF0000CCEE60022724513
:10DB60008B41B7EE000B34BF31EE000B30EE410BB2
:10DB700018E700BF00000000000030430000000074
:10DB800000001000AB6A19C0200E0020C004002065
:10DB90000000F03FB5EEC06BF1EE10FA01D5BFEE1C
:10DBA000004B36EE042B35EE465B34EE423B35EE51
:10DBB000075B33EE067B37EE057B37EE027B37EEF5
:10DBC000446BB5EE406BF1EE10FA04D1002201F087
:10DBD000004343EC162B9FED715B8DED065B9DEDD5
:10DBE000067B27EE057B8DED087BA9E79DED000BFD
:10DBF0000BB0BDEC0A8BBDE8F04300F097BCB7EE6C
:10DC0000000B35EE000B00283FF4CCAEB1EE400B1C
:10DC1000C8E61EEB0E0E674B81F400214FF00002A8
:10DC2000494172458B4158D3B7EE000BBAE69DEDE2
:10DC3000007B002927EE070B6FDB002052EA080269
:10DC400040F09980002BBFF6ADAE0BB0BDEC0A8B57
:10DC5000BDE8F04300F052BC03F140419FED516B31
:10DC600001F57001104641EC100BA7EE000B20EE01
:10DC7000060B0BB0BDEC0A8BBDE8F04300F072BCA4
:10DC800052EA0800C5D01EEB0E0E4B4D4FF00004BB
:10DC900041EB0100744575EB000C01461DD3A8450E
:10DCA00008BFA24219D1454A904208BFA645BBD041
:10DCB000424ADB4391424FEAD37334BF0021012132
:10DCC000994268D09FED390B6CE60018394983F40E
:10DCD00000235B41A2429941A6D29DED007B37EE25
:10DCE000010B5FE6A2F2BE337F2B3FF6E7AE0020CA
:10DCF000BBE60020B1E654EA09028AD0304D00228A
:10DD0000A94208BF9645E0D019F5001F08BF94420C
:10DD1000E3D11EEB0E0E4941CAE7C5F30A01A1F299
:10DD2000FF34342C89D8C1F586614FF0FF34A1F15E
:10DD30001D0C033104FA0CF604FA01F5C1F1200EB2
:10DD4000354324FA0EF635438C4020EA040423EAD6
:10DD500005052C437FF471AF20FA01F103FA0EFEA2
:10DD600041EA0E0123FA0CFC41EA0C0111F0010119
:10DD70000DD1084662E7002BBFF614AEB7EE006B7C
:10DD800086EE007B8DED047B9DED040B0AE6012001
:10DD9000B1EE400B52E721EE010B03E6000000005C
:10DDA00000001000000000000000007F00000000E4
:10DDB000000000000000F0FF0000E0FF0000E07F36
:10DDC0000000F03F10B510EE102AC2F30A53B3F56D
:10DDD0007D7FB7EEC06A84B01BD226EE067BB3F51A
:10DDE000667F6CD326EE072B27EE021B714B93ED5B
:10DDF0001A3B93ED185B93ED164BA7EE035BA2EE77
:10DE0000046BB0EE460BA5EE010BB7EEC00B04B0F1
:10DE100010BD40F22E418B4259D8664A92ED087BE4
:10DE200026EE077BFDEEC77B92ED0A5B17EE903A7C
:10DE300003F500031B16990707EE903A54BF1146ED
:10DE400002F17001DC07B8EEE77BA7EE456B26EE2A
:10DE5000067B1DD403F0030302EBC30291ED185BB4
:10DE600092ED000B91ED1A3B26EE000BB0EE456BE8
:10DE700091ED164BA7EE036B20EE075B27EE057BBB
:10DE8000A5EE040BA6EE070BB7EEC00B04B010BD59
:10DE900091ED144B27EE075B91ED126B91ED0E2B7C
:10DEA000A7EE046B27EE054B91ED0C0B91ED103BAB
:10DEB000A7EE020BA5EE030BA6EE040BE4E712F0AF
:10DEC000FF4FE3D1B7EEC77B8DED037ADEE7B3F505
:10DED000FF6F4CD2C2F38361374B8DED010A03EB28
:10DEE000810C53F82110C2F31603C2F3C25043F45D
:10DEF00000038340DCF82000DCF810C003FB01F1D4
:10DF0000A3FB00E0E3FB0C0101F100539C0F03F0C5
:10DF10004043C91A01F02CF9019A9FED246B04EBE0
:10DF2000D27241EC170B900754BF224B234B27EEC4
:10DF3000067BE10727EE076B1ED41E4901EBC202E8
:10DF400093ED185B93ED1A3B92ED000B93ED164B9E
:10DF500027EE000BB0EE457B20EE065BA6EE037BC2
:10DF6000A5EE040B26EE056BA7EE060B8CE704B0BE
:10DF7000BDE8104000F030B893ED144B26EE065B80
:10DF800093ED127B93ED0E2BA6EE047B26EE054B54
:10DF900093ED0C0B93ED103BA6EE020BA5EE030BDD
:10DFA000A7EE040B70E700BFAFF30080182D4454B8
:10DFB000FB21193C681E0020B42E0020D81E002032
:10DFC00010B582B08DED010A044603F039FE9DEDD7
:10DFD000010A046002B010BD70EE407AB4EE400A4F
:10DFE00087EEA77AF1EE10FAB0EE470A02D62120AA
:10DFF000FFF7E6BF704700BF0000000010EE903A48
:10E0000023F00043B3F1795F2DED028B2ED2FDEEAC
:10E01000C07B17EE903A002B65D020EE007B9FED81
:10E02000352B9FED363B9FED374B9FED385B9FEDDA
:10E03000396B9FED3A8BA7EE082BA7EE023BA7EEBC
:10E04000034BA7EE045BA7EE056B26EE076B21EEF4
:10E05000401BB6EE005BA7EE061BB7EE000B97EE7B
:10E06000051BBDEC028B30EE410B70479FED212B61
:10E0700020EE007B9FED213B9FED224B9FED235B2C
:10E080009FED246B9FED258B264AA7EE082B93422C
:10E09000A2EE073BA3EE074BA4EE075BA5EE076BD2
:10E0A00026EE076BD3D9204A934217D8B7EE005B10
:10E0B0000020A3F5001141EC140B35EE445B21EE7A
:10E0C000401BB6EE003BA7EE061B97EE034BBDECE4
:10E0D000028B34EE414B35EE440B7047B6EE075BD6
:10E0E000B5EE024BEBE7B7EE000BBDEC028B7047D1
:10E0F000AFF30080C4B1B4BD9EEE213EAD529C8012
:10E100004F7E92BE9015CB19A001FA3E7751C116F1
:10E110006CC156BF4C5555555555A53FD43888BE92
:10E12000E9FAA8BD3233D33F0000E93F10EE903A40
:10E1300023F00043B3F1795F04D2FDEEC07B17EE0C
:10E14000903A5BB320EE007B9FED162B9FED173BC3
:10E150009FED184BA7EE023B9FED185BA3EE074B1C
:10E160009FED186BA4EE075BA5EE076B20EE075B37
:10E1700030B99FED164BA7EE064BA4EE050B70478A
:10E180009FED144B26EE456BB6EE003BA1EE036B04
:10E1900096EE071BA5EE041B30EE410B704700BF47
:10E1A000AFF300807CD5CF5A3AD9E53DEB9C2B8A62
:10E1B000E6E55ABE7DFEB157E31DC73ED561C119E4
:10E1C000A0012ABFA6F810111111813F49555555DC
:10E1D0005555C5BF495555555555C53F2DE930488D
:10E1E000B0EE407B17EE904AA04B24F000419942DC
:10E1F0008AB06ED99E4B99421CD8002C9FED8B6B38
:10E2000040F3F28030EE467BA3F51B23A3F5F063C9
:10E2100099426FD09FED875B37EE456B37EE467BBB
:10E2200037EE457B80ED006B80ED027B01200AB06C
:10E23000BDE830888F4B9942054668D98E4B99428C
:10E2400051D84FEA215C10EE10BAACF2164CA1EB9B
:10E250000C535A4643EC172B9FED784BBDEEC75B32
:10E260000AA8B8EEC55B37EE457B27EE047BBDEE12
:10E27000C76B8DED045BB8EEC66B37EE467B8DED5C
:10E28000066B27EE047B8DED087B032130ED027BCE
:10E29000B5EE407BF1EE10FA0B4601F1FF31F5D0FF
:10E2A000764A0192022200922946624604A800F0B2
:10E2B0006DF9002CBBDA95ED006B95ED027BB1EEAC
:10E2C000466BB1EE477B85ED006B85ED027B4042EE
:10E2D000ADE70022002380ED000BC0E902230020FF
:10E2E0000AB0BDE8308830EE407B80ED027B80EDE7
:10E2F000007BF4E79FED535B9FED546B37EE467B5D
:10E3000037EE456B37EE467B37EE457B8AE7039168
:10E3100000F0BAF8B6EE007B9FED4E5BA0EE057BF9
:10E32000FDEEC77B9FED436B17EE900A9FED3F4BD1
:10E330001F28B8EEE75B0399A5EE440B25EE067B9C
:10E3400030EE476B1ADC4E4B421E53F822308B42A4
:10E3500014D085ED006B30EE460B30EE470B002CF1
:10E3600085ED020BBFF663AFB1EE466BB1EE400B2D
:10E3700085ED006B85ED020B404258E716EE903AB2
:10E38000C3F30A53C3EB1153102BE2DDB0EE404B45
:10E390009FED2E6B9FED2B3BA5EE464B30EE447B65
:10E3A000A5EE467B95EE037B34EE476B16EE903A76
:10E3B000C3F30A53C3EB2153312B04DCB0EE440BFF
:10E3C00085ED006BC7E79FED256BB0EE440B9FED2D
:10E3D000253BA5EE460B34EE407BA5EE467B95EE45
:10E3E000037B30EE476BB4E7264B30EE067B994259
:10E3F0000ED09FED105B37EE056B37EE467B37EEA8
:10E40000057B80ED006B80ED027B4FF0FF300EE767
:10E410009FED0C5B9FED0D6B37EE067B37EE056BCA
:10E4200037EE467B37EE057BEBE700BF000040543C
:10E43000FB21F93F3163621A61B4D03D0000000056
:10E44000000070417370032E8A19A33B0000601A0C
:10E4500061B4D03D83C8C96D305FE43F0000002E39
:10E460008A19A33BC14920259A837B39FB21E93FC7
:10E470007BD90240FB213941FFFFEF7F603600204E
:10E48000D4320020FB21F93F10EE901A53EC102BF0
:10E4900021F0004343EC102B704700BF10B582B051
:10E4A0008DED000B044603F0CBFB9DED000B0460EB
:10E4B00002B010BD82B058B1B1EE407B8DED007B53
:10E4C0009DED007B222020EE070B02B0FFF7E6BF98
:10E4D000B0EE407BF2E700BF000000009FED010BB3
:10E4E000FFF7E8BF00000000000000109FED010BE7
:10E4F000FFF7E0BF000000000000007082B00028BD
:10E50000BFEE006BB7EE007B07FE067B8DED007B58
:10E510009DED000B9FED037B222080EE070B02B0E8
:10E52000FFF7BCBF0000000000000000B4EE400B8D
:10E53000F1EE10FA30EE407B87EE076BB0EE460B43
:10E5400002D62120FFF7AABF704700BFB5EE400BEF
:10E55000F1EE10FA00D070472220FFF79FBF00BFF6
:10E56000000000009FED076BB0EEC07BB4EE467B71
:10E57000F1EE10FA00DC70472220FFF78FBF00BFDA
:10E58000AFF30080FFFFFFFFFFFFEF7F2DE9F04FAC
:10E590002DED088BADF5157D1C4603938B46C34BC3
:10E5A000A69912F1140F53F82150814604F1FF3857
:10E5B000C0F26C82BE49D31E81FB0301DB17C3EBA3
:10E5C000A10304930133A3EB8303DB00D31815EB02
:10E5D000080106931DD4049BA7980131A3EB0803FF
:10E5E0009FEDAC6B19441CAA0AE050F8234007EEDB
:10E5F000904A0133B8EEE77B8B42A2EC027B08D055
:10E60000002BF2DAB0EE467B01338B42A2EC027BA8
:10E61000F6D1002DC0F2BF82039BB8F1000F6CAFA2
:10E62000404605EB030CC0F2A782039B1CAE06EB31
:10E63000C306DC0009EBC3019FED967B32464B46D7
:10E64000B3EC025B32ED026B8B42A5EE067BF7D199
:10E6500001306045A7EC027B06F10806ECD107AB60
:10E660009FED8E9B9FED8F8B0DF1200A03EB8503B1
:10E67000069805934C440AEB85076CAE0095CDF8DF
:10E680001CB00DEBC503002D93ED6C0B4FEAC502DA
:10E6900015DDB318514620EE097B33ED025BB0EE79
:10E6A000406BBDEEC77BB342B8EEC77BA7EE486BAD
:10E6B000BDEEC66B37EE050BA1EC016AEBD1CDE9DF
:10E6C000010200F0C3FAB0EE40ABB4EE000B2AEE4C
:10E6D000000B00F037FBB2EE007B0198A0EE47ABD9
:10E6E000BDEECABB0028B8EECB7B029A3AEE47AB30
:10E6F00071DD691EC0F118035AF821E04EFA03FCDF
:10E700000CFA03F3AEEB030EC0F1170B1BEE103A3D
:10E710004EFA0BFB6344BBF1000F0BEE103A4AF8C4
:10E7200021E000F3C780B5EE40ABF1EE10FA63D103
:10E73000009B9D420FDD4FEA850C0AEB850300210B
:10E74000964653F8042DBB4241EA0201F9D17246C4
:10E75000002940F01281009B013B05F1010C5AF8A1
:10E760002330002B40F00781059B0121964653F88A
:10E77000042D0131002AFAD072462944049B03EB90
:10E78000050E039B1D44A79B0DF5DC7B03EB8E0E52
:10E790001CAB03EBC50593449EED017AB8EEC77B35
:10E7A000B8F1000FA5EC027B0EF1040E9FED397B52
:10E7B00009DB2A464B46B3EC025B32ED026BA34207
:10E7C000A5EE067BF7D10CF1010C8C45ABEC027B7E
:10E7D000E2DD0D4655E700F0B480B6EE007BB4EE06
:10E7E000C7ABF1EE10FA80F23E81B5EE40ABF1EE30
:10E7F00010FA4FF0000B9BD0069CB0EE4A0B604223
:10E800000195D946009DDDF81CB000F01FFA9FED80
:10E81000256BB4EEC60BF1EE10FA019BC0F2BE817F
:10E820009FED1E7B20EE077BBDEEC77B1834B8EE54
:10E83000C75BA5EE460BBDEEC00B069410EE102A8A
:10E84000B7EE000B4AF823205C1C17EE103A06982E
:10E850004AF8243000F0FAF9002C80F2AA80A69B36
:10E86000022B00F3CF81002B00F3D48107D19FED61
:10E87000097BB9F1000F40F0A2818BED007B1BEE0C
:10E88000103A03F007000DF5157DBDEC088BBDE8CF
:10E89000F08F00BF0000000000000000000000003A
:10E8A0000000703E0000000000007041C4320020F3
:10E8B000ABAAAA2A0133002D0BEE103A40F38F8148
:10E8C00051464FF0000E51F8043B3BBB0EF1010ED8
:10E8D0007545F8DC9E4600280BDD012800F0BB8062
:10E8E000022806D1691E5AF82130C3F3150C4AF8E4
:10E8F00021C0BBF1020F7FF416AFB7EE000B30EE74
:10E900004AABBEF1000F3FF40EAFCDE9010200F0BB
:10E910009DF9DDE901023AEE40AB04E7C3F18073F3
:10E9200041F8043C6FF07F4C04E00B68ACEB030350
:10E9300041F8043B0EF1010E7545F6DC4FF0010E77
:10E94000C9E76B1E5AF823304FEAE35BBBF1000FB7
:10E950007FF7E9AE1BEE103A002D03F101030BEE39
:10E96000103AADDCBBF1020F7FF4DDAEB7EE007BF9
:10E9700037EE4AABD7E6614600E7D946DDE9063B0C
:10E980006C1EA3F118025AF82430009D069243B978
:10E9900007AB634453F8041D013C183A0029F9D031
:10E9A00006920698B7EE000B00F050F9002CFFF627
:10E9B00056AF9FEDA05B0AF104036EA903EB84033D
:10E9C00001EBC4016CAEE20033ED017A5345B8EEC1
:10E9D000C77B27EE007B20EE050B21ED027BF3D1F8
:10E9E00044A916448C46274600209046002D9FEDF2
:10E9F000937B0FDB934AB646002307E0B2EC025B41
:10EA0000BEEC026B9D42A5EE067B03DB984203F150
:10EA10000103F3DA013F7B1CACEC027B00F1010047
:10EA2000A6F10806E2D1A69B022B424659DC002B38
:10EA300031DC7FF424AF9FED817B01F10803434477
:10EA400033ED026B994237EE067BF9D1B9F1000F35
:10EA50003FF413AFB3E0691E5AF82130C3F3160C2C
:10EA60004AF821C045E71BEE103A002D03F10103DF
:10EA70000BEE103AC8BF4FF0020B3FF721AFB7EED5
:10EA8000007B37EE4AAB4FF0020B4CE600216FF0F3
:10EA9000170304919AE50B46B3EC027B9FED676B7D
:10EAA0001A4412ED025B1346083A914236EE056BAA
:10EAB000F7D1B9F1000F79D18BED006B37EE467BC2
:10EAC00064B10122B3EC026B0132944237EE067B53
:10EAD000F8DAB9F1000F01D0B1EE477B8BED027B84
:10EAE000CDE6A69B032B7FF4CAAE002C00F08F80EE
:10EAF0008D1895ED006B2B46284630ED027BB0EE6D
:10EB0000465B884236EE076B37EE467B80ED006B46
:10EB100037EE057B80ED027BEFD1012C77D095EDB0
:10EB2000006B01F1080033ED027BB0EE465B9842CA
:10EB300036EE076B37EE467B83ED006B37EE057BD9
:10EB400083ED027BEFD19FED3D7B831801F1100235
:10EB500033ED026B9A4237EE067BF9D191ED005B03
:10EB600091ED026BB9F1000F2CD18BED005B8BEDB9
:10EB7000026B8BED047B82E69FED307B431C63458B
:10EB800087ED007B00F1020005D0604587ED027B38
:10EB900007F11007F2D1039BDC0060E5BDEEC00B6E
:10EBA0001C4610EE102A4AF82320FAE6B1EE465B26
:10EBB00037EE467B8BED005B002C82D18CE7B1EE0B
:10EBC000477B5AE6B1EE455BB1EE466BB1EE477B53
:10EBD0008BED005B8BED026B8BED047B4FE6012828
:10EBE00007D002287FF4BEAECEF315034AF82130D9
:10EBF000B8E6CEF31603BBF1020F4AF821307FF4DA
:10EC000092ADB3E6A69B032B7FF439AE44A99FEDEA
:10EC10000B7BA3E79DED447BB9F1000F05D00022EB
:10EC20004FF00043CBE9002356E700220023CBE955
:10EC3000002353E7000000000000703E00000000C9
:10EC400000000000800400200000000053EC102BA6
:10EC5000C3F30A5C00B51946BCF1000F2BD123F0B9
:10EC60000041114326D09FED297B344920EE077BDC
:10EC7000884253EC172B42DBC3F30A5C1946ACF114
:10EC8000360C4CF2503E70451CDC604440F2FE7C79
:10EC9000604517DC002825DC10F1350F29DB363004
:10ECA0006FF31E519FED1B7B41EA005343EC102B89
:10ECB00020EE070B00BD40F2FF7EF445E1D130EEBF
:10ECC000000B00BD002B9FED157B04DB9FED130BAC
:10ECD00027EE000B00BD9FED137B9FED100B27EE81
:10ECE000000BF7E76FF31E5141EA005343EC102B82
:10ECF00000BD002B9FED0D7B01DA9FED0E7B9FED9C
:10ED00000B0B27EE000B00BDAFF3008000000000EE
:10ED100000005043000000000000903C9C750088FB
:10ED20003CE4377E9C7500883CE437FE59F3F8C21A
:10ED30001F6EA50159F3F8C21F6EA581B03CFFFFFD
:10ED40000000000000B583B08DED000B0199009824
:10ED5000C1F30A52A2F2FF33132B25DC002B45DB53
:10ED60003A4A1A4101EA020C5CEA000C21D09FEDFC
:10ED7000357B9DED006B36EE077BB5EEC07BF1EE8B
:10ED800010FA0BDD4FF4801040FA03F30B4413EA42
:10ED9000210338BF0B4623EA020100200B4602463E
:10EDA00043EC102B03B000BD332B06DDB3F5806FB1
:10EDB0002AD09DED000B03B000BDA2F213424FF02C
:10EDC000FF3C2CFA02F21042F3D09FED1E7B9DED2A
:10EDD000006B36EE077BB5EEC07BF1EE10FADDDDA1
:10EDE000002984461CDB2CEA0200D7E79FED157B47
:10EDF00030EE077BB5EEC07BF1EE10FACEDD0029D8
:10EE000007DB00200146C9E79DED007B37EE070BCD
:10EE1000D1E721F0004108430FD14FF00041BDE799
:10EE2000142B0DD04FF0010EC3F134030EFA03F38F
:10EE30009C44604588BF7144D5E705490020ADE793
:10EE40000131D0E79C7500883CE4377EFFFF0F005E
:10EE50000000F0BF81F0004102E000BF83F00043FA
:10EE600030B54FEA41044FEA430594EA050F08BF65
:10EE700090EA020F1FBF54EA000C55EA020C7FEA29
:10EE8000645C7FEA655C00F0E2804FEA5454D4EBA6
:10EE90005555B8BF6D420CDD2C4480EA020281EA70
:10EEA000030382EA000083EA010180EA020281EAA8
:10EEB0000303362D88BF30BD11F0004F4FEA0131FA
:10EEC0004FF4801C4CEA113102D0404261EB410109
:10EED00013F0004F4FEA03334CEA133302D052428F
:10EEE00063EB430394EA050F00F0A780A4F101044B
:10EEF000D5F1200E0DDB02FA0EFC22FA05F2801885
:10EF000041F1000103FA0EF2801843FA05F359416A
:10EF10000EE0A5F120050EF1200E012A03FA0EFCE9
:10EF200028BF4CF0020C43FA05F3C01851EBE37113
:10EF300001F0004507D54FF0000EDCF1000C7EEB30
:10EF400000006EEB0101B1F5801F1BD3B1F5001F6E
:10EF50000CD349085FEA30004FEA3C0C04F101048D
:10EF60004FEA445212F5800F80F09A80BCF1004FB6
:10EF700008BF5FEA500C50F1000041EB045141EA38
:10EF8000050130BD5FEA4C0C404141EB0101013C01
:10EF900028BFB1F5801FE9D291F0000F04BF0146F0
:10EFA0000020B1FA81F308BF2033A3F10B03B3F1C2
:10EFB00020020CDA0C3208DD02F1140CC2F10C0252
:10EFC00001FA0CF021FA02F10CE002F11402D8BFB0
:10EFD000C2F1200C01FA02F120FA0CFCDCBF41EA7C
:10EFE0000C019040E41AA2BF01EB0451294330BD4B
:10EFF0006FEA04041F3C1CDA0C340EDC04F1140428
:10F00000C4F1200220FA04F001FA02F340EA0300FE
:10F0100021FA04F345EA030130BDC4F10C04C4F144
:10F02000200220FA02F001FA04F340EA0300294624
:10F0300030BD21FA04F0294630BD94F0000F83F46E
:10F04000801306BF81F480110134013D4EE77FEA51
:10F05000645C18BF7FEA655C29D094EA050F08BF9D
:10F0600090EA020F05D054EA000C04BF194610467E
:10F0700030BD91EA030F1EBF0021002030BD5FEAC2
:10F08000545C05D14000494128BF41F0004130BDEA
:10F0900014F580043CBF01F5801130BD01F000453E
:10F0A00045F0FE4141F470014FF0000030BD7FEAB1
:10F0B000645C1ABF194610467FEA655C1CBF0B46AC
:10F0C000024650EA013406BF52EA033591EA030FC3
:10F0D00041F4002130BD00BF90F0000F04BF0021BB
:10F0E000704730B54FF4806404F132044FF00005EE
:10F0F0004FF0000150E700BF90F0000F04BF002167
:10F10000704730B54FF4806404F1320410F00045CC
:10F1100048BF40424FF000013EE700BF42004FEAC7
:10F12000E2014FEA31014FEA02701FBF12F07F4344
:10F1300093F07F4F81F06051704732F07F4208BFFB
:10F14000704793F07F4F04BF41F40021704730B502
:10F150004FF4607401F0004521F000411CE700BF4E
:10F1600050EA010208BF704730B54FF000050AE0D1
:10F1700050EA010208BF704730B511F0004502D5D2
:10F18000404261EB41014FF4806404F132045FEAD4
:10F19000915C3FF4D8AE4FF003025FEADC0C18BF7D
:10F1A00003325FEADC0C18BF033202EBDC02C2F16F
:10F1B000200300FA03FC20FA02F001FA03FE40EA01
:10F1C0000E0021FA02F11444BDE600BF53B94AB95A
:10F1D000002908BF00281CBF4FF0FF314FF0FF305F
:10F1E00001F090B9ADF1080C6DE904CE00F01AF809
:10F1F000DDF804E0DDE9022304B07047430803F0C2
:10F200005533C01A830803F0333300F03330184409
:10F2100000EB101000F00F3000EB002000EB00407E
:10F22000000E70472DE9F04782B00646DDF828E071
:10F230000846B4460D46002B4ED18A4214466DD97D
:10F24000B2FA82F242B1C2F12003954026FA03F3EA
:10F2500094401D4306FA02FC260CA7B2B5FBF6F15A
:10F260004FEA1C4306FB115543EA054301FB07F037
:10F27000984209D9E31801F1FF3580F003819842E3
:10F2800040F20081023923441B1A1FFA8CFCB3FBA5
:10F29000F6F006FB10334CEA034C00FB07F3634522
:10F2A0000AD914EB0C0C00F1FF3580F0ED806345BA
:10F2B00040F2EA80A444023840EA0140ACEB030C7F
:10F2C0000021BEF1000F04D02CFA02F30022CEE997
:10F2D000003202B0BDE8F0878B4209D9BEF1000FC1
:10F2E00001D0CEE900610021084602B0BDE8F087F8
:10F2F000B3FA83F1174600294DD1834202D3B242BB
:10F3000000F20F81B6EB070C60EB030301201D46F2
:10F31000BEF1000FDDD0CEE900C5DAE7002A00F02B
:10F3200098801A46B4FA84F3002B40F0AF800B1B90
:10F33000270CA6B20121B3FBF7F54FEA1C4007FBEF
:10F34000153340EA034306FB05F8984507D9E3184F
:10F3500005F1FF3002D2984500F2E8800546A3EBA4
:10F3600008031FFA8CFCB3FBF7F007FB10334CEAE1
:10F37000034C06FB00F3634508D914EB0C0C00F1B9
:10F38000FF3602D2634500F2CE803046ACEB030C70
:10F3900040EA054095E7C1F120058B4022FA05FCC3
:10F3A0004CEA030C00FA01F426FA05F3E84002FAED
:10F3B00001F943EA04084FEA1C4206FA01FAB0FBDD
:10F3C000F2F71FFA8CF602FB17004FEA184444EAE2
:10F3D000004407FB06F0A0420AD91CEB040407F125
:10F3E000FF3380F09C80A04240F29980023F644449
:10F3F000241A1FFA88F3B4FBF2F002FB104443EA2C
:10F40000044300FB06F69E4209D91CEB030300F1FE
:10F41000FF3480F082809E427FD90238634440EA04
:10F420000740A0FB09749B1BA3423E46A04664D341
:10F4300061D0BEF1000F0AD0BAEB060263EB0803FD
:10F4400003FA05F5CA401543CB40CEE9005300212D
:10F450003FE7730843EAC1734A08190C41EA0241C5
:10F460004FEAC67C9BB2B2FBF4F02646A046274684
:10F470001F2243EA0143B1FBF4F1A3EB080341EA85
:10F48000004158E72946FFE6284615E71A46C3F12A
:10F4900020019C4026FA01F320FA01F19040034339
:10F4A000270C06FA02FCB1FBF7F0A6B207FB101519
:10F4B000190C41EA054100FB06F58D423BD9611864
:10F4C00001D28D4220D8491B0138B1FBF7F50195D7
:10F4D00005FB06F8019D9BB207FB151143EA0143AA
:10F4E000434526D2E31805F1FF31C6D24345C4D2C5
:10F4F000A91E2344C1E7BA459BD2B7EB090664EBCA
:10F500000C040138A04694E7651B29440238B1FB7E
:10F51000F7F5019505FB06F8DCE720467FE71F4677
:10F5200066E70846F4E6A44402382FE7023D234488
:10F5300015E70199A1E7491BB1FBF7F5019505FB1B
:10F5400006F8C7E703685A004CBF43F0004323F0B6
:10F5500000431844704700BF2DE9F04751B301F153
:10F56000FF381746054646464FF0000A0AEB0601EB
:10F5700001EBD171491005EBC1094846FFF7E2FFE5
:10F5800088454FEAC10410D0B84204F1080028446D
:10F5900007D8FFF7D7FF0138B84208D201F1010AB6
:10F5A000E4E78A4506D04E1EE0E7B842F9D848465F
:10F5B000BDE8F0874FF000094846BDE8F08700BF7E
:10F5C000012806D0022802D028B904487047044810
:10F5D0007047044870470020704700BF75C701009E
:10F5E00085C701007DC7010010B5234B84B00446D8
:10F5F0008A1E4BB303A910460192AFF30080F0B10D
:10F600000399019AFFF7A8FF0146C0B1FFF79AFFDF
:10F61000A0644B68012B2BD0002B01F1040025DBEB
:10F62000FFF790FF002323650368E064002B12DBE3
:10F63000FFF788FF03460020236104B010BD0023BC
:10F640000920236104B010BD0C4B0D49C91AC91023
:10F6500018460391D6E7C3F30360FFF7B1FF031E1B
:10F660000CBF09200020236104B010BD0123DAE79C
:10F6700000230520E0E700BF000000002446020050
:10F68000644802000368DA0710B5044606D49B07F5
:10F6900000F1500009D500F0A1FC2368590709D5F5
:10F6A0001A070ED5DB0613D510BD00F08FFC2368BA
:10F6B0005907F5D404F1D80000F098FC23681A0724
:10F6C000F0D404F5AC7000F099FC2368DB06EBD4B1
:10F6D00004F5EC70BDE8104000F0D4BC036803B141
:10F6E00003441846704700BF704700BF70B504461A
:10F6F0000D46296C2046FFF777FF064688B92A6C2D
:10F70000626123692A462146012098470828F0D0E3
:10F71000072806D13046296CFFF7E6FF281D00F0C8
:10F7200049FCF9F767FB00BF2DE9F04F0C1DD0F83D
:10F730000C90D0F818A0074615460FCCADF5777D94
:10F740000DF10C0CACE80F000FCCACE80F000FCCA7
:10F75000ACE80F0094E80F0002AE4FF0000E8CE80A
:10F760000F00C6F800E020E0336C7B614FF4F472C8
:10F7700031467CA8F8F7F8FF3B697CAA3946584621
:10F7800098478A9BB3642946CDE9006A04463B4604
:10F7900001203A46C847054618BB4FF4F4727CA9CD
:10F7A0003046F8F7E1FF082C19D1316C3846FFF7E5
:10F7B0001BFF093504465FFA85FB0028D4D0B36BE4
:10F7C000B3643A46CDE9006A3B464BF01001012094
:10F7D000C84730B920460DF5777DBDE8F08F072C7E
:10F7E00005D0092420460DF5777DBDE8F08F284629
:10F7F000316CFFF779FF03A800F0DCFBF0B5CB6BB1
:10F80000FBB001F1040E0B640E460446BEE80F0087
:10F810000DF1040CACE80F00BEE80F00ACE80F00DF
:10F82000BEE80F00ACE80F009EE80F004FF0FF3776
:10F830008CE80F00009706E023696A462146984746
:10F840000828074608D110992046FFF7CDFE00286A
:10F85000F2D009207BB0F0BD6846FFF713FF062FFA
:10F86000F7D131462046FFF741FF00BFC1608261FA
:10F87000DA6B1A6419460022FFF756BF436970B568
:10F880000B64C668AEB903690A4604460D460146D4
:10F8900002209847072805D008280FD1294620467E
:10F8A000FFF724FF3046296CFFF71EFF281D00F0EC
:10F8B00081FB0122FFF738FFF9F79CFAF9F79AFA72
:10F8C000C26822B1CA6B0A640022FFF72DBFFFF79E
:10F8D00095BF00BF704700BF836813B10146012088
:10F8E00018477047052915D8DFE801F00A0314030B
:10F8F000030501207047009A436C13600020704795
:10F9000043B90F2A06D800EB8200009A43681360BF
:10F91000002070470220704700B585B00A460023DA
:10F9200003A900911946FFF7DDFF039805B000BD5C
:10F93000052915D8DFE801F00A03140303050120A7
:10F940007047009B1B6843640020704743B90F2A2F
:10F9500006D8009B00EB82001B68436000207047C4
:10F960000220704700B585B00DF10C0C0023039206
:10F97000CDF800C00A461946FFF7DAFF05B000BD12
:10F980002DE9F041D36BADF5107D02F1040C136449
:10F9900006460F46BCE80F000DF15C0EAEE80F0006
:10F9A000BCE80F00AEE80F00BCE80F00AEE80F00A7
:10F9B0009CE80F004FF0FF388EE80F00CDF858801C
:10F9C00010E0FFF7CFFF394616A8B047034616AA46
:10F9D0000820694683B9049B9847052880460DD0C6
:10F9E000092809D026996846FFF7FEFD03460C2139
:10F9F0006A4616A8002BE4D04FF0090816A8FFF7B6
:10FA000041FE40460DF5107DBDE8F0812DE9F04F37
:10FA10001646CA6C89B00C4652F8041B069200F0D8
:10FA2000030CE3B10D0C8DF81D500904EDB20591E6
:10FA300002EB850202218DF81C10216DBCF1020F32
:10FA400008BFA26B11F001010FD005A9304600F0EC
:10FA5000A7FB00283AD1082009B0BDE8F08F0902C1
:10FA600005918DF81D300321E5E7D2F80080B8F14B
:10FA7000000FEAD000F00800CDE90101C246994626
:10FA8000E046B9F1020F25D0B2F800A05788151D45
:10FA9000A36C27F0010B0F2130469B44FFF73CFF7E
:10FAA000834515D82AF001035B44834294BF0020AC
:10FAB00001207B0003F002030AF0010A43EA0A0373
:10FAC000012B0BD0022B4BD0002B41D00920C3E7D8
:10FAD0000020EEE7576802F10805D9E7B8F1000FFA
:10FAE0006CD1A8B16B689A1CF0D004F158070133AF
:10FAF0002A68049700F0C780281DFFF7EFFDD20F9A
:10FB0000014604AB2046FCF7D5FB002840F093806B
:10FB100005F10802D2F800A0BAF1000FB1D105A991
:10FB2000304600F03DFB0028D0D1029B002B92D044
:10FB30000F213046FFF7F0FE0E2102463046FFF758
:10FB400011FF564A0F213046FFF70CFF072083E7CD
:10FB5000B8F1000F02D0002840F083802A1DD9E7B9
:10FB60002F6827F0004BB8F1000F0ED128B1019B90
:10FB7000002B3BD0BBF1000F38D0002F00DA04354A
:10FB80000BF1010305EB8302C4E70D213046FFF7BB
:10FB9000C3FED4F820A08245EFD1A26A9542ECD1F1
:10FBA00000270422C4E90B72AA18C4F828B06263C3
:10FBB0002A68BA426DDB01230293E1E70D2130464A
:10FBC000FFF7AAFE276A8742A2D1A36A9D429FD16E
:10FBD0002846FFF7B7FC0F2102463046FFF7C2FE6A
:10FBE000224600213046FFF7BDFEAFE7CDF80C807E
:10FBF00005F1040AA046002758340CE0504604944E
:10FC0000FFF76CFD0022014604AB4046FCF752FBB7
:10FC10000AF1040A00BB5F4507F10107EED10D218F
:10FC20003046FFF779FE049BC8F828500246C8E921
:10FC30000823062010E701900D213046FFF76CFEE7
:10FC4000019A049F2062022A04BFE76204F12C0794
:10FC5000C4E909750620FFE644462F68DDF80C80EC
:10FC60008BE72846FFF76EFC04350746A563204660
:10FC7000FCF778FB00283FF429AF3A460F213046C5
:10FC8000FFF770FE62E70D213046FFF745FE206268
:10FC9000DEE70BF1010205EB82009AE7658F0100B8
:10FCA0000023FFF7B3BE00BF0123FFF7AFBE00BFC5
:10FCB0000223FFF7ABBE00BF2DE9F0410446C4B0FC
:10FCC000052908D8DFE801F016310779A00B1144A7
:10FCD000102940F2C080022044B0BDE8F081002A23
:10FCE000F9D1A36B53F8042B6264A363002044B0E2
:10FCF000BDE8F081002BEED1D4F838C095B24FF0BA
:10FD0000010E0EFA03F12942604606D050F8041B9A
:10FD100004F1040C4CF8231084460133102BF0D16D
:10FD20009104E3D4C4F838C0E0E7110C012B0E466F
:10FD300092B2CCD0052BCED111442029CBD80F2E96
:10FD400040F2CA80002AD1D0216817464A0740F104
:10FD50002181204621F0040140F8D81B009300F0D7
:10FD600049F902A8804600F045F9D4F838E0009B34
:10FD70004FF002024FF0FF31102E17FB021C3146EC
:10FD800038BF102108EBC10184396246704650F833
:10FD9000045B41F8045F013A551CF8D10EF1040EE2
:10FDA000012B0EEB8C0200F0EC800F2EA26340F2D0
:10FDB000F380404600F01AF998E7032B8BD193B2F9
:10FDC0001E4603EB1243102B4FEA124783D82368D9
:10FDD0001A0700F1AC8022AD284600F031F9A16B82
:10FDE000730066B105EBC702013B881A013B52F86C
:10FDF00000C042F804CB5F1CF8D101EBC601A1633F
:10FE0000284600F0FBF871E7002B7FF464AF102A5E
:10FE10003FF661AF2368DD067FD422A8009200F090
:10FE20003BF9D4F838E0009A22A800230121994038
:10FE30001142F44603F1010303D05CF8041B016096
:10FE4000E646042B00F10400F0D1C4F838E022A803
:10FE500000F018F94AE7102E3FF43DAF2168C807BB
:10FE60000AD5204621F0030140F8501BCDE90023BC
:10FE700000F0B0F8DDE9002322AD2846CDE90023EB
:10FE800000F0A8F8009AD4F838E0002A7BD0019B53
:10FE900000274FF0FF3112B201EB420205EBC60121
:10FEA000904604397046013A50F804CB41F804CF2B
:10FEB000B2F1FF3FF7D10EF1040E0EEB880E002FCA
:10FEC0003DD1012B5FD00F2EC4F838E03FF60EAFC6
:10FED000284600F083F809E72068102900F00105A2
:10FEE00030D865B120F00101204641F0020140F810
:10FEF000501BCDE9002300F075F8DDE9002322ADA9
:10FF00002846CDE9002300F06DF8DDE90023002A42
:10FF1000DED0D4F838E00027BBE723F010032360DD
:10FF200004F5EC70009200F0B7F8009A75E723F042
:10FF30000803236004F5AC7000F082F84BE70DF184
:10FF4000080815E7A1F110075DB120F00102204675
:10FF500042F0020240F8502B009300F043F8206872
:10FF6000009B42071CD4009322AD284600F03AF8CB
:10FF700002A800F03FF8A26B009B9646C6F1100263
:10FF800087E7964622AD0EF10403A363284600F0EE
:10FF90001DF8ABE60093E4E622A800F01FF808E79E
:10FFA00020F004022046009340F8D82B00F022F8FD
:10FFB000DAE700BF00F1340191E838009C46A6461C
:10FFC0004CF8045D90E8FF0FE54600BD90EC210B76
:10FFD000704700BF80EC210B704700BF90EC200BF6
:10FFE000704700BF80EC200B704700BFD0EC200BA7
:10FFF000704700BFC0EC200B704700BFF0EC02015F
:02000004600298
:10000000F0EC0211F0EC0221F0EC0231F0EC0241D4
:10001000F0EC0251F0EC0261F0EC0271F0EC0281C4
:10002000F0EC0291F0EC02A1F0EC02B1F0EC02C1B4
:10003000F0EC02D1F0EC02E1F0EC02F1704700BF0D
:10004000E0EC0201E0EC0211E0EC0221E0EC023114
:10005000E0EC0241E0EC0251E0EC0261E0EC027104
:10006000E0EC0281E0EC0291E0EC02A1E0EC02B1F4
:10007000E0EC02C1E0EC02D1E0EC02E1E0EC02F1E4
:10008000704700BFB0FC0181B0FC0191B0FC01A140
:10009000B0FC01B1704700BFA0FC0181A0FC019140
:1000A000A0FC01A1A0FC01B1704700BFEC4600B567
:1000B0002DE900502DE9FF1F4FF000030CB401A9FA
:1000C000FFF79CFBDDF840E012B07047EC4600B54E
:1000D0002DE900502DE9FF1F4FF000030CB401A9DA
:1000E000FFF7CCFBDDF840E012B07047EC4600B5FE
:1000F0002DE900502DE9FF1F4FF000030CB401A9BA
:10010000FFF7DEFBDDF840E012B07047EC4600B5CB
:100110002DE900502DE9FF1F4FF000030CB401AB97
:10012000FFF7A4FBDDF840E012B07047EC4600B5E5
:100130002DE900502DE9FF1F4FF000030CB401AA78
:10014000FFF71EFCDDF840E012B07047027A03466C
:100150007AB9427AA2B14168013A42720868032230
:1001600001F1040C1A720202C3F804C0000E1A60F6
:1001700070470068013A1A7202021A60000E704756
:10018000B020704700B585B003AA0023009219463D
:100190000C22FFF7A7FB039805B000BDFFF7F2BFE5
:1001A0002DE9F041064686B00D464FF0000828467E
:1001B000FFF7CCFFB028044600F0228107065CD58B
:1001C00000F0F003A02B1AD031D8802B00F08280F1
:1001D000902B28D100F00D030D2B24D004AF002369
:1001E00000F00F02194600973046FFF77BFB002313
:1001F00000970D2219463046FFF79AFBD7E7C34315
:1002000003F007034FF47F621A41010702F47F6293
:100210004FF0000348BF42F4804219463046FFF7D2
:100220004BFD0028C3D0092006B0BDE8F081B02BFB
:1002300066D0C02B3CD1C62800F0CF80C72800F084
:10024000E48000F0F803C02B00F0F180C82800F033
:10025000FC80C928E7D12846FFF778FF020300F0A9
:100260000F0002F4702201300243012105233046C1
:10027000FFF722FD00289AD0D5E78300DBB20433D4
:10028000039304AF0023194600970D223046FFF771
:1002900029FBDDE9033260064CBFD21A9A1800230D
:1002A000049200970D2219463046FFF741FB7EE786
:1002B00000F0F803D02BB6D100F00702013205237D
:1002C00042F4002201213046FFF7F6FC00283FF4FB
:1002D0006EAFA8E72846FFF739FF40EA0420B0F5E3
:1002E000004FA0D004010023A2B219463046FFF708
:1002F000E3FC002897D1C4F3C03048EA000856E771
:10030000A0F1B103042B00F2BC80DFE803F0542914
:10031000160C030005AA0023009219460D22304650
:10032000FFF7E0FA43E700231A4605213046FFF7BE
:10033000C3FC00283FF43BAF75E72846FFF706FFF4
:10034000020300F00F00013002F470220123024387
:1003500019463046FFF7B0FC00283FF428AF62E7AB
:10036000002304AF0D22194600973046FFF7BAFA72
:100370002846FFF7EBFE0206049C4FF002030DD562
:1003800000F07F0098400444073328460393049408
:10039000FFF7DCFE10F0800F039BF1D1984004F5CD
:1003A000017420440023049000970D221946304622
:1003B000FFF7BEFAFBE62846FFF7C8FE431EDBB296
:1003C0000E2B3FF630AF0023024619463046FFF7AA
:1003D00073FC00283FF4EBAE25E72846FFF7B6FE96
:1003E000020300F00F00013002F4702203230243E5
:1003F00019463046FFF760FC00283FF4D8AE12E7FC
:10040000B8F1000F2DD000200EE72846FFF79EFE22
:10041000431EDBB20E2B3FF606AF0246002304213B
:100420003046FFF749FC00283FF4C1AEFBE600F080
:100430000F020132032342F4202219463046FFF70F
:100440003BFC00283FF4B3AEEDE62846FFF77EFE06
:1004500000F0F00200F00F031032013343EA0232E1
:1004600003E704AC4346414600940E223046FFF7B2
:1004700039FA0F220094434641463046FFF758FAB6
:10048000C1E700F0FC03B42B3FF4CDAE00F007024F
:100490000132012342F4002219463046FFF70CFCDA
:1004A00000283FF484AEBEE600B5C26C536885B048
:1004B0004FEA032E4FF0030C08321B0E084601A929
:1004C000CDF804E002928DF80CC08DF80D30FFF7E6
:1004D00067FE05B000BD00BF08B5FFF75FFE806C8A
:1004E00008BD00BF08B5FFF759FEC06CC37900EB2B
:1004F0008300083008BD00BF08B5F8F77BFC08B5DD
:10050000FFF7FAFF704700BF0A22002100F0E0BDAC
:10051000DFF80CC00A460146DCF8000000F002B823
:100520003847002010B5A1FB021482B074BB00F064
:10053000ABF8034670B350F8042C22F00302043ADF
:10054000242A10D8132A16D91B2AC0E900441AD924
:10055000242AC0E902440ABFC0E9044400F11001A2
:1005600000F1180108E02146019001F033F9019BE8
:10057000184602B010BD014600221846C1E900220B
:100580008A6002B010BD00F10801F5E701F058FBE8
:100590000C2303600023184602B010BD00B5044BC5
:1005A00083B0014601AA186800F004F803B000BD4A
:1005B000384700202DE9F0431D4F83B080460E469A
:1005C000914601F001FE3D684DB133781C4673B190
:1005D000344602E014F8013F43B13D2BFAD14046C6
:1005E00001F0F8FD002003B0BDE8F083A41B2868EB
:1005F0000028F4D02246314601F0D4F920B92B6806
:100600001A5D3D2A234404D055F8040F0028F1D187
:10061000E5E73A680193AA1A92104046C9F800200B
:1006200001F0D8FD019B581C03B0BDE8F08300BF6A
:10063000A4600020931E222B12D800B50A2A83B092
:100640008C4606D00191614600F0FEFD019803B092
:1006500000BD0028F6DA2D230CF8013B4042F1E7FB
:1006600000230B7018467047024B0146186800F0D3
:100670000BB800BF38470020024B0146186801F054
:1006800005BE00BF384700202DE9F04F01F10B02F5
:10069000162A85B0804624D8102900F2AB8000F0DD
:1006A000C9FA022518211022B74C2144A1F10800F3
:1006B0004E68864200F062817268F168B46822F088
:1006C00003023244E1608C60516841F00101404610
:1006D000516000F0B5FA06F10804204605B0BDE807
:1006E000F08F32F0070200F18580914200F28280A3
:1006F000019200F09FFA019AB2F5FC7FC0F0BA8136
:10070000570A7FD0042F00F27281970907F139054B
:100710002BB207F1380CDB009B4C2344A3F10806F5
:100720005B689E4207D10DE00028DF6880F21381EC
:10073000BE4207D03B46596821F00301881A0F28B2
:10074000F2DD6546236991498B4200F0F1805E68D5
:1007500026F00306B11A0F2900F391818B48002976
:10076000C4E9040080F27981B6F5007F676880F003
:100770001981F10801310FFA81FC76090121B1409C
:1007800054F83C0098600F4304EBCC010839D96061
:10079000676044F83C30C360AB1001269E40BE4207
:1007A00036D83E4206D125F0030576003E4205F1DB
:1007B0000405FAD004EBC50A04EBC507A946F9689D
:1007C0000EE0486820F0030EAEEB020CBCF10F0FF8
:1007D0000B46C96800F31881BCF1000F80F22D812F
:1007E0008F42EED109F1010919F0030F07F1080753
:1007F000E5D17FE10C23C8F800300024204605B085
:10080000BDE8F08F4FF4007340254FF03F0C83E7B5
:10081000A768796821F0030393429A4603D3991A93
:100820000F2900F387805A495A4E09681031114444
:100830000820CDE9011201F037FA01994B1E03445B
:100840004542834630681D40B0F1FF3F18BF29463E
:100850004046019101F0CCF9411C0546DDE9011249
:1008600000F02B8107EB0A0C844500F224814A4BEF
:10087000186800EB01090BF1FF3EC3F8009000F08F
:100880008981306801301BBFA5EB0C0C09EB0C0013
:100890003560186015F00700814600F04881C0F10E
:1008A00008000544CDE901236B1803EA0E01584402
:1008B000401A00EA0E06314640469B4601F098F980
:1008C000421CDDE9012300F09581401B304440F0DB
:1008D00001011868A56000EB0609A7426960C3F82A
:1008E000009017D0BAF10F0F40F25E81AAF10C010F
:1008F00021F0070C796801F0010141EA0C017960EF
:10090000052607EB0C01BCF10F0FC1E9016600F2EF
:1009100063816968214B1E684E4538BFC3F800905B
:100920001F4B1E684E4501D2C3F800902F46C6E00B
:10093000676831E7BD1841F0010142F001027A60B9
:100940004046A560696000F07BF907F10804204685
:1009500005B0BDE8F08F9A6801931944D760BA607A
:100960004A6842F0010240464A6000F069F9019B82
:1009700003F10804204605B0BDE8F08FCE68B1420F
:100980007FF49AAE0235DDE6F8370020003800200B
:10099000B86F002024470020886F0020B06F00202F
:1009A000B46F0020B6F5206F4FEA56207CD3142890
:1009B00000F2D38000F15C0109B25B30C90004EBA6
:1009C000010C6158ACF1080C8C4503D1A8E0896892
:1009D0008C4504D0486820F00300B042F7D8D1F825
:1009E0000CC0C3E9021CCCF80830CB60D4E6142F4D
:1009F00072D9542F00F2BA80170B07F16F052BB292
:100A000007F16E0CDB0087E69D1842F001025A6088
:100A10009E68864AF1608E60C4E90455C5E90222E9
:100A20004CF001026A60404643F80EC0019300F0AA
:100A300007F9019B03F10804E0E69E441C46DEF83A
:100A4000043043F00103CEF8043054F8083F404628
:100A5000D9608B6000F0F4F8D0E61E44404672681E
:100A6000019342F00102726000F0EAF8019B03F189
:100A70000804C3E6D508691C09B2C90014E69D182C
:100A800042F001025A60694A0193C4E90455C5E97C
:100A9000022241F001026A604046995100F0D0F80C
:100AA000019B03F10804A9E6B00900F1390109B27C
:100AB0003830C90083E7A74263D0A768796821F07E
:100AC00003009042A0EB020102D30F293FF732AF9F
:100AD000404600F0B5F890E607F15C052BB207F14F
:100AE0005B0CDB0018E6514651F808398B428A4608
:100AF00040F09A8015F0030F05F1FF35F3D16368DC
:100B000023EA0603636076009E423FF681AE1EB97B
:100B10007EE6760009F104091E42FAD04D4649E608
:100B20008010012606FA00F00743676059E7CDE917
:100B300002236B1803EA0E01ABEB010606EA0E0670
:100B400031464046019301F053F8431C019B04BF1A
:100B50004E461846DDE90223B7E6542827D8300B65
:100B600000F16F0109B26E30C90028E7B7F5AA7F1E
:100B700027D8D70B07F178052BB207F1770CDB00EC
:100B8000CAE52B4B186800EB01090BF1FF3EC3F8D7
:100B9000009076E615EA0E0F7FF473AEA568514417
:100BA00041F001016960B5E601236B6090E7B0F5A3
:100BB000AA7F25D8F00B00F1780109B27730C9007F
:100BC000FDE640F254539F4224D8930C03F17D0577
:100BD00003F17C0CEB009FE507F108014046CDE9ED
:100BE000012301F053FBA568029B6968D3F80090CC
:100BF000019A8FE6A9F108010BEB0100002664E6DB
:100C000040F2545188420BD8B00C00F17D01C9006C
:100C10007C30D4E64FF47E737F254FF07E0C7BE56D
:100C20004FF47E717E20CAE663686CE700380020CE
:100C3000886F0020014801F033B800BF806F0020AA
:100C4000014801F02FB800BF806F0020DFF80CC012
:100C50000A460146DCF8000000F002B838470020E0
:100C6000002900F09F802DE9F04383B00C460092EC
:100C70008046FFF7DFFF009901F10B03162B60D8C8
:100C80001023994260D854F804EC2EF003029A42E3
:100C9000A4F1080565DAB348806805EB020C6045ED
:100CA000DCF8046000F0908026F0010060444068A9
:100CB000C0076CD426F00306901983424CDD1EF069
:100CC000010F0FD154F8080C281A0746406820F08D
:100CD000030006441644B34240F3EF801618B342B3
:100CE00040F3C9804046CDE90023FFF7CDFCDDE9A4
:100CF00000230646002800F0178154F8041C21F058
:100D000001012944A0F1080C614500F0AE80043ACD
:100D1000242A00F2CE80132A00F29C800346224649
:100D2000116819605168596092689A60214640467E
:100D300001F0ACFA4046FFF783FF304603B0BDE850
:100D4000F08333F007039CD50C23C8F8003000264D
:100D5000304603B0BDE8F0830246DCE90201C16021
:100D600088606968D01A0F2801F0010105EB0206BE
:100D70001BD811436960736843F0010373604046F8
:100D8000FFF75EFF2646304603B0BDE8F0831EF055
:100D9000010FA7D154F8080C281A0746406820F024
:100DA00003009BE71146FFF76FBC19436960E91820
:100DB00040F001004860736843F00103083173603C
:100DC000404601F063FADAE726F00306B01803F1B3
:100DD000100C604580F28B801EF0010F82D154F818
:100DE000080C281A0746406820F003000644164401
:100DF000B445B1463FF772AF3E46F96856F8080F62
:100E0000043A242AC160886000F2A580132A40F2C7
:100E1000A0802168B9606168F9601B2A00F2A48093
:100E2000083407F110022168116061685160A168FF
:100E30009160F918A9EB03024A4D42F00102A96042
:100E40004A607A6802F00102134340467B60FFF774
:100E5000F7FE98E723680360636843601B2A3BD86A
:100E600004F1080200F108035AE750F8041C21F0CD
:100E700003010A4475E7043A3D46F96855F8080F3E
:100E8000242AC160886020D8132A1CD92168B9603F
:100E90006168F9601B2A3DD8083407F11002216807
:100EA000116061685160A16891602C4632463D46F0
:100EB00057E7214600F0FCFB38E7DCE90201043A81
:100EC000C1608860D8E72A46E9E7214628460093B2
:100ED00000F0EEFB009BE8E7A3688360E368C36073
:100EE000242A25D004F1100200F1100318E71D4A4E
:100EF0001D449560C21A42F001026A6054F8042C45
:100F000002F001021343404644F8043CFFF798FE08
:100F1000264638E7A1683961E1687961242A10D052
:100F2000103407F11802BAE74046FFF789FE0EE7D2
:100F3000236903616169416104F1180200F118033A
:100F4000EEE62269BA616269FA61183407F120029B
:100F5000A5E7324667E721463046009300F0A8FB3C
:100F6000009B66E7F8370020A1683961E168796184
:100F7000242A03D0103407F1180254E72269BA6119
:100F80006269FA61183407F120024CE7242B2DE93D
:100F9000F84F42D8012B884619463ED091464B4A1D
:100FA00082461E46C64670461EF8017BD35D13F08E
:100FB0000803F8D12D2F70D02B2F05BF9EF800709D
:100FC0009B469B4600F1020E6FF0004361BB302F41
:100FD0004DD00A2631460022B3FBF6F4104606FB3C
:100FE000143505E03CD006FB00C001221EF8017B51
:100FF000A7F1300CBCF1090F06D9A7F1410CBCF1E7
:10100000190F17D8A7F1370C61451CDD571CEDD01F
:101010008442E7D24FF0FF32E8E700F011FE1623DA
:1010200003600020BDE8F88F1029D4D1302F27D0DD
:101030000E46D0E7A7F1610CBCF1190F03D8A7F158
:10104000570C6145E2DC511C30D0BBF1000F0CD1D4
:10105000B9F1000FE6D0AABBC9F80080BDE8F88F4F
:101060006545C0DA4FF0FF32C0E74042F0E79EF836
:10107000002002F0DF02582A08D008263146AAE7ED
:101080009EF8002002F0DF02582AD1D110269EF8E7
:10109000017031460EF1020E9DE79EF800704FF090
:1010A000004300F1020E4FF0010B8FE72222CAF835
:1010B0000020B9F1000F07D00EF1FF381846C9F82B
:1010C0000080CBE70346F7E71846ABE7152F002073
:1010D00000B5DFF818E084461346DEF800005DF83E
:1010E00004EB0A466146FFF751BF00BF38470020B6
:1010F0002DE9F0471D464A4B16460C4682460A46E5
:10110000114612F801EB13F80EC01CF0080CF7D1D1
:10111000BEF12D0F5AD0BEF12B0F03BF92F800E0A5
:1011200063468A1C634645B9BEF1300F5CD00A2580
:101130003C4F4FF00509A8460AE0102D4BD04FF068
:10114000FF37B7FBF5F705FB07F96FEA0909A84672
:101150000021084605E02CD008FB00C0012112F850
:1011600001EBAEF1300CBCF1090F06D9AEF1410C28
:10117000BCF1190F0BD8AEF1370C654510DDB1F19C
:10118000FF3FECD0B842E6D94FF0FF31E7E7AEF1D0
:10119000610CBCF1190F03D8AEF1570C6545EEDCBC
:1011A0004D1C0BD003B140420EB169B93460BDE8AB
:1011B000F087CC45D0DD4FF0FF31D0E72223CAF8CD
:1011C00000300846002EF2D0541EEFE792F800E0FF
:1011D00001238A1CA7E7BEF1300F11D04FF00F0991
:1011E0006FF07047A846B3E7117801F0DF01582986
:1011F0000BD008254FF007096FF06047A846A7E716
:10120000117801F0DF015829E8D14FF0100892F869
:1012100001E04FF00F0902326FF07047454697E743
:10122000152F00209999991900B5DFF818E0844628
:101230001346DEF800005DF804EB0A466146FFF74E
:1012400057BF00BF38470020F0B5224E971E154605
:101250000C4686460FCE8BB0EC46ACE80F000FCEA6
:10126000ACE80F0096E803004CF8040B222F8CF832
:10127000001029D804F1FF3C66460020BEFBF5F2C1
:1012800005FB12E36B4401467545187806F8010F1B
:10129000964601F10100F1D90023235489B1601C65
:1012A00008440CF102021CF8015F10F8016D8CF883
:1012B0000060A4EB0C03013B121B0B449A42057027
:1012C000EFDB20460BB0F0BD0023184623700BB0B7
:1012D000F0BD00BF0029002013460A460146022047
:1012E00000F030BF024A0349034800F0C9B800BF0C
:1012F0002C47002045180200003C00200C4B4168A0
:10130000994210B5044601D003F032FDA168094BA3
:10131000994202D0204603F02BFDE168064B99422A
:1013200004D02046BDE8104003F022BD10BD00BF30
:10133000BC6F0020247000208C7000202DE9F84341
:10134000314A324C3249DFF8DC90DFF8DC80314F33
:101350001160002504232946082204F15C00C4E939
:1013600003352D4EA560C4E90055C4E905556566F1
:1013700000F030FA04F15800C4E90749C4E90987CC
:10138000E66200F089FC2946244B6367082204F1D9
:10139000C400C4E91A55C4E91E552567C4F8CC50E9
:1013A000C4F8805000F016FA04F1680304F1C0009C
:1013B000C4F88430C4E92298C4E9247600F06CFCB7
:1013C000174BC4F8DC30294604F596700822C4E9AE
:1013D0003455C4E93855C4F8D850C4F83451C4F869
:1013E000E85000F0F7F904F1D003C4E93D87C4F8F0
:1013F000F09004F59470C4F8FC60C4F8EC30BDE8DB
:10140000F84300F049BC00BFF4700020BC6F00201E
:10141000B9DD0100FDDF010021E00100090001004C
:101420001200020099DF0100BDDF010010B5044683
:101430000A4800F035FC636B23B9094B094A1B6865
:10144000626323B1BDE81040044800F02BBCFFF7F5
:1014500075FFBDE81040014800F024BC846F0020F7
:10146000F4700020D1DD0100014800F019BC00BF7C
:10147000846F0020014800F015BC00BF846F00207D
:101480002DE9F8430746884616464FF0000975686F
:10149000013D11D4B468A389012B08D9B4F90E30E9
:1014A00001332146384602D0C04749EA0009013DD0
:1014B0006B1C04F16804EED13668002EE7D1484673
:1014C000BDE8F88310B50C46B1F90E1000F07AFBB8
:1014D000002803DB236D0344236510BDA38923F497
:1014E0008053A38110BD00BF2DE9F0411F46B1F923
:1014F0000C301646DA050C4605460BD423F480530F
:10150000A381B4F90E103B4632462846BDE8F041AF
:1015100000F080BB0223B1F90E10002200F03CFB6A
:10152000B4F90C30EAE700BF10B50C46B1F90E1063
:1015300000F032FBB4F90C30421C0EBF23F4805390
:1015400043F480532065A38110BD00BFB1F90E1094
:1015500000F010BB70B5ADF5067D0E460093134646
:101560004FF40072059206A905AA054600F028F876
:1015700098B10246059B03903146284600F04AFB8D
:10158000039A059006AB9A4204D02846114600F013
:101590007DFE05980DF5067D70BD4FF0FF30F9E733
:1015A00000B5DFF818E084461346DEF800005DF869
:1015B00004EB0A466146FFF7CDBF00BF3847002065
:1015C00010B59AB021B1D2F800C0BCF1000F1CD107
:1015D00000214FF4227CADF80CC0199100910491C8
:1015E0004FF6FF7C02910591144669461A461C9BF2
:1015F000ADF80EC001F06EFB002814DB009B2060EC
:1016000000221A7004981AB010BD0091049161462E
:101610004FF4C16CADF80CC04FF0000CCDF864C0B5
:10162000DEDA8B23036000201AB010BD032A11D824
:10163000002A3BD0013A431E0139024401E09A429C
:1016400034D013F8010F11F801CF6045F7D0A0EBAB
:101650000C00704710B541EA0004A40784460B460D
:101660000FD0013A431E0139024401E09A421BD0D7
:1016700013F8010F11F801CF6045F7D0A0EB0C0073
:1016800010BDDCF80040D3F800E074451946604610
:1016900003F104030CF1040CE3D1043A032AF0D85B
:1016A00060461946002ADCD1002010BD002070479A
:1016B000884270B531D98B1883422ED9032A00EBAA
:1016C00002011DD941EA030C1CF0030F1D4618D17D
:1016D0004FEA920C0CF1FF36A1EB8C048C4653F8C8
:1016E00004ED4CF804EDA445F9D1C6EB867301EB8B
:1016F000830105EB830CACF10403043902F003020F
:1017000052B102F1FF3C6FEA0C0C9C4413F8012D1E
:1017100001F8012D6345F9D170BD032A50D941EA82
:1017200000039B074ED10F2A51D922F00F0301F17C
:10173000100601F1100C103B203100F1100E19447D
:101740005CF8104C4EF8104C5CF80C4C4EF80C4CFD
:101750005CF8084C4EF8084C5CF8044C4EF8044C0D
:101760000CF1100C8C450EF1100EE9D1F11812F0AD
:101770000C0F034402F00F0503F1100325D025F0F0
:10178000030CACF1040426461A1F1C198C465CF8A5
:1017900004EB42F804EFA242F9D10431043331449E
:1017A000334405F00302002AB6D0013A0132013B6E
:1017B0000A4411F801CB03F801CF9142F9D170BD71
:1017C0000346F0E7013A0346F0E72A46EBE7034613
:1017D0001546D4E730B584078646034606D0A2B343
:1017E00003F8011B980702F1FF32F8D1032A26D92A
:1017F0005FFA81FC0CEB0C2C0F2A0CEB0C402AD965
:1018000022F00F0C9C44C3E90000C3E9020010332E
:101810006345F8D112F00C0F02F00F0417D04FEA15
:10182000940C0CF1FF351A4603EB8C0C42F8040BB8
:101830006245FBD1043304F0030203EB850322B1BC
:101840001A4403F8011B9A42FBD1704630BD224670
:10185000002AF5D1F9E71446E1E700BF11F0FF01D6
:10186000034600F003023AD092BB026801EB012369
:1018700003EB034383EA020C10B51C46A2F10133CB
:1018800023EA0203ACF1013222EA0C02134313F003
:10189000803F0FD150F804CF8CEA040EACF1013335
:1018A000AEF1013223EA0C0322EA0E02134313F0D5
:1018B000803FEFD0037823B936E010F8013F002BCA
:1018C00032D09942F9D110BD8A4228D09A0729D046
:1018D0001A7818460133002AF6D110467047CAB963
:1018E0000268A2F1013323EA020313F0803F08D11A
:1018F00050F8042FA2F1013323EA020313F0803FD2
:10190000F6D003785BB110F8013F002BFBD1704794
:10191000990705D01A7818460133002AF8D1704784
:101920001846DDE71846A0E7184610BD90F800C03D
:10193000BCF1000F1FD010B50C788646A4B10A4642
:10194000234602E012F8013F23B16345FAD1AEEB22
:10195000000010BD1EF801CFBCF1000FEFD1F6E77B
:101960001EF8023F002BF2D09EF80130002BF7D179
:101970000EF1010EEBE76046704700BF84460B4650
:101980002AB908E013F8010B0CF8010B38B1013A41
:10199000F8D18CF8002013F8012B002AFBD1581A3B
:1019A000013870478AB340EA01039B0730B504460B
:1019B0008E4618D1032A07D815E0043A23D01CF02C
:1019C000803F20D1032A26D92368DEF80050A3F1F6
:1019D0000131AB4221EA030C2046714604F10404B4
:1019E0000EF1040EE9D003780C78A3420FD1013A2E
:1019F000024406E06BB110F8013F11F8014FA34219
:101A000005D19042F6D1002030BD10467047181B1A
:101A100030BD184630BD20467146E4E710B5044697
:101A20000843830701D1032A19D8A44601F1FF3ED8
:101A300007E01EF8011F03F8011B501E31B19C4640
:101A400002466346002AF4D1204610BD9444002883
:101A5000FAD003F8011B6345FBD1204610BD0B46AD
:101A6000A44618681946A0F1013323EA000313F0D5
:101A7000803F01F10403D9D1043A032A4CF8040B46
:101A8000EFD81946D2E700BF38B511F0FF040CD0EB
:101A90000346002501E0431C054621461846FFF792
:101AA000DDFE0028F7D1284638BD2146BDE8384084
:101AB000FFF7D4BE90F800C0BCF1000F13D010B5F2
:101AC0000C78864664B10A46234602E012F8013FCC
:101AD00033B19C45FAD11EF801CFBCF1000FF2D111
:101AE000AEEB000010BD6046704700BF024A1268AE
:101AF0000123503200F002B83847002030B51546B7
:101B000020B386464C1E7246A44612F8010B01E033
:101B1000884214D01CF8011F0029F9D1E0B1104609
:101B2000A44610F8011B00E063B11CF8013F994284
:101B3000FAD149B1002313702860704630BD73B1EB
:101B40009646E0E70246EAE70846F5E7D2F800E005
:101B5000BEF1000FD6D100E02860002030BD2A6021
:101B600070468EF80030E9E7014B93F81002704799
:101B7000D044002038B5074C0023054608462360B2
:101B8000F7F726F9431C00D038BD2368002BFBD0A3
:101B90002B6038BDF0AD002038B58C46084C11469E
:101BA00005461A46604600232360F7F71DF9431CDB
:101BB00000D038BD2368002BFBD02B6038BD00BFA0
:101BC000F0AD002038B58C46084C114605461A4643
:101BD000604600232360F7F7F9F8431C00D038BDB6
:101BE0002368002BFBD02B6038BD00BFF0AD002078
:101BF00038B5074C0023054608462360F7F7CEF8B2
:101C0000431C00D038BD2368002BFBD02B6038BDAF
:101C1000F0AD002038B58C46084C114605461A46F2
:101C2000604600232360F5F733FE431C00D038BD27
:101C30002368002BFBD02B6038BD00BFF0AD002027
:101C4000014B1868704700BF3847002070B50E4E32
:101C50000E4DAE4208D0761BB610002455F8043B5A
:101C600001349847A642F9D8094E0A4D05F056FFAF
:101C7000AE4208D0761BB610002455F8043B013460
:101C80009847A642F9D870BDA82A0060A82A00602B
:101C9000C02A0060A82A0060704700BF704700BFDC
:101CA000704700BF704700BF082802D14FF4805032
:101CB000704708B5FFF7C4FF162303604FF0FF30ED
:101CC00008BD00BF000000000000000002780B7893
:101CD000012A28BF9A4240F0D8806DE9044540EAC5
:101CE0000104CDE902676FF0000C4FEA44721AB3A9
:101CF00080EA010414F0070F6BD100F0070420F014
:101D0000070004F0030521F007014FEAC505F0E8DC
:101D1000042314F0040FF1E804670CFA05F462EAF6
:101D2000040266EA04060BD063EA0403624667EA2B
:101D30000407664604E000BFF0E80423F1E8046706
:101D400082FA4CF582EA0604A4FA8CF46CBB83FA9E
:101D50004CF583EA0705A5FA8CF595B950E90223FD
:101D600051E9026782FA4CF582EA0604A4FA8CF47F
:101D700083FA4CF583EA0705A5FA8CF52543DBD0F9
:101D80009CB92DBAB5FA85F424F0070427FA04F1BA
:101D9000DDE9026723FA04F303F0FF0001F0FF011D
:101DA000FDE80445A0EB0100704724BAB4FA84F4BE
:101DB00024F0070426FA04F1DDE9026722FA04F2AE
:101DC00002F0FF0001F0FF01FDE80445A0EB010077
:101DD000704714F0030F3CD110F0030428D150F8E1
:101DE000082B51F8083B82FA4CF582EA0305A5FA64
:101DF0008CF55DB950F8042C51F8043C82FA4CF58E
:101E000082EA0305A5FA8CF5002DE8D02DBAB5FAC3
:101E100085F424F0070423FA04F122FA04F202F014
:101E2000FF0001F0FF01FDE80445A0EB0100704751
:101E30004FEAC40420F0030050F8082B21F00301FE
:101E400051F8083B0CFA04F462EA040263EA040362
:101E5000C9E710F003041DD0A1EB040120F003003A
:101E6000E40750F8042B06D012D28B785FFAA2F464
:101E7000E41A06D12BB1CB785FFAB2F4E41A00D1A0
:101E800033B920465DF8104B7047A2EB0300704752
:101E900001F1040150F8042BCC0721F0030151F8A3
:101EA000043B48D824D222F07F4482FA4CF594EACD
:101EB0001325A5FA8CF50AD165B951F8043B84EADB
:101EC0000204B4EB036F0ED150F8042BEBE74FEA9A
:101ED000132355E035F07F454DD10878FDE80445E2
:101EE000C0F1000070474FEA126203F0FF0347E0C1
:101EF00002EA1C4482FA4CF594EA1345A5FA8CF5E3
:101F00000AD165B951F8043B84EA0204B4EB034FEB
:101F10000CD150F8042BEBE74FEA134330E015EAFD
:101F20001C4528D10B884FEA124229E04FEA1242A1
:101F300003EA1C4324E002F0FF0482FA4CF594EA21
:101F40001365A5FA8CF50AD165B951F8043B84EA0A
:101F50000204B4EB032F09D150F8042BEBE74FEA4E
:101F600013630DE015F0FF0F05D10B684FEA122245
:101F700023F07F4304E04FF00000FDE80445704784
:101F800012BA1BBA82FA4CF482EA0304A4FA8CF562
:101F9000B5FA85F402FA04F203FA04F34FEA126088
:101FA000FDE80445A0EB1360704700BF80EA010222
:101FB000844612F0030F4FD111F0030F32D14DF8C8
:101FC000044D11F0040F51F8043B0BD0A3F1013282
:101FD0009A4312F0803F04BF4CF8043B51F8043B95
:101FE00016D100BF51F8044BA3F101329A4312F00D
:101FF000803FA4F101320BD14CF8043BA24312F014
:10200000803F04BF51F8043B4CF8044BEAD0234610
:102010000CF8013B13F0FF0F4FEA3323F8D15DF8C2
:10202000044B704711F0010F06D011F8012B0CF88A
:10203000012B002A08BF704711F0020FBFD031F802
:10204000022B12F0FF0F16BF2CF8022B8CF8002089
:1020500012F47F4FB3D1704711F8012B0CF8012B0C
:10206000002AF9D1704700BF0000000030B490F89A
:1020700000F020F007016FF0000C10F0070491F859
:1020800020F040F048804FF000046FF00700D1E9E5
:10209000002391F840F000F1080082FA4CF2A4FA13
:1020A0008CF283FA4CF3A2FA8CF34BBBD1E90223F6
:1020B00082FA4CF200F10800A4FA8CF283FA4CF395
:1020C000A2FA8CF3E3B9D1E9042382FA4CF200F1CD
:1020D0000800A4FA8CF283FA4CF3A2FA8CF37BB9D1
:1020E000D1E9062301F1200182FA4CF200F1080047
:1020F000A4FA8CF283FA4CF3A2FA8CF3002BC6D02C
:10210000002A04BF04301A4612BAB2FA82F200EB77
:10211000D20030BC7047D1E9002304F00305C4F1BC
:1021200000004FEAC50514F0040F91F840F00CFAD6
:1021300005F562EA05021CBF63EA050362464FF03B
:102140000004AAE7F0B51D4C83B005462068019154
:1021500016461F46FFF7A4FD194A0199136823B3D9
:102160005A6820681F2A23DC4DB9541C02325C6077
:1021700043F82210FFF796FD002003B0F0BD03EBFB
:10218000820E0124CEF88860D3F88861944046EA34
:10219000040C022DC3F888C1CEF80871E5D1D3F83C
:1021A0008C512543C3F88C51DFE7064B1360D7E70A
:1021B000FFF778FD4FF0FF30DFE700BFC444002099
:1021C000E46D0020E86D00200148FFF769BD00BF05
:1021D0007C6F00200148FFF765BD00BF7C6F0020C9
:1021E000F8B5064608200C46FFF75EFD0746304668
:1021F000FEF720FD224A93685D6825F00305A5F1EE
:1022000011031C1B3C44B4FBF7F4013C07FB04F432
:10221000A74208DC00213046FFF7EAFC184A936821
:102220002B44984204D03046FEF70AFD0020F8BD4A
:1022300061423046FFF7DCFC0130114A0DD01149F4
:1022400093682D1B45F001055D600B6830461B1B34
:102250000B60FEF7F5FC0120F8BD00213046FFF7CA
:10226000C7FC074A9268831A0F2BDCDD43F0010399
:102270005360054B03491B68C01A0860D3E700BFD1
:10228000F8370020886F002024470020002965D0FF
:102290002DE9F0410C460746FEF7CCFC54F804EC5F
:1022A0007D49A4F1080C2EF001030CEB03028D68AC
:1022B0005068954220F003000EF0010600F08B807C
:1022C000151850606D6805F00105A846AEBB54F8BE
:1022D000084CACEB040C2344DCF8084001F1080E78
:1022E00074456BD0DCF80C50E560AC60B8F1000FC1
:1022F00000F08C8043F00100CCF804001360B3F5CB
:10230000007F35D2DA0848685C090132012312B235
:10231000A34003434B6051F83200CCF8080001EBB6
:10232000C203083BCCF80C3041F832C0C0F80CC0F6
:102330003846BDE8F041FEF783BC85B9034401F19E
:10234000080E9068704543F001047AD0D268C260EC
:102350009060CCF804404CF80330D0E770474EF062
:102360000102B3F5007F44F8042C4CF80330C9D3C4
:10237000B3F5206F4FEA53204AD2980900F1390291
:1023800012B200F13804D20088188A5808389042F6
:1023900003D15FE09268904204D0516821F00301BC
:1023A0009942F7D8D068CCE90220C0F808C0384676
:1023B000C2F80CC0BDE8F041FEF742BCA5BB184412
:1023C000D2E90223D3609A6040F00103CCF80430D4
:1023D0004CF80000ACE7184446B954F8083CACEBA4
:1023E000030C1844DCE90223D3609A6040F0010337
:1023F000CCF80430294BC1F808C01B68834297D839
:10240000274B38461968FFF7EBFE91E7034498E73E
:1024100014280FD9542824D8180B00F16F0212B2D7
:1024200000F16E04D200AFE743F00101CCF80410D4
:1024300013607DE700F15C0212B200F15B04D20090
:10244000A2E7C1E904CCCCE902EECCF804404CF898
:1024500003306DE7A4100123A3404C6823434B6075
:10246000A1E7B0F5AA7F07D8D80B00F1780212B225
:1024700000F17704D20087E740F25452904206D828
:10248000980C00F17D0200F17C04D2007CE74FF44F
:102490007E727E2478E700BFF837002028470020AE
:1024A000B86F002082B049B15AB16BB113780B609C
:1024B0001278101E18BF012002B0704701A9002A2F
:1024C000F3D1104602B070476FF00100F4E700BF8F
:1024D00030B5436C83B005460C4653B153F8240025
:1024E00088B1026843F824200023C0E9033303B015
:1024F00030BD21220421FEF715F803466864002848
:10250000ECD10020F3E7012101FA04F35A1D9200F7
:1025100028460193FEF706F80028F2D0019B44609C
:102520008360E1E731B1436C4A6853F822000860E8
:1025300043F82210704700BF2DE9F0410E6917469D
:102540000D461C4601F114024FF0000E11688BB2CB
:1025500007FB03434FEA134C090C07FB01CC0EF1B8
:10256000010E9BB203EB0C43764542F8043B4FEA65
:102570001C44EBDC3CB1AB68B34207DD05EB8603E2
:1025800001365C612E612846BDE8F0816968013141
:102590008046FFF79DFF0746B0B12A69023205F178
:1025A0000C0192000C30F6F7DFF8D8F844306A6876
:1025B00053F82210296043F822503D4605EB86036C
:1025C00001365C612E61DEE7024B03483A46BA21D0
:1025D00002F0A0FD6C29002080290020B0F5803F8A
:1025E000034636BF030400201020B3F1807F3CBFB8
:1025F0001B020830B3F1805F06D3B3F1804F0FD2D6
:102600009A0012D4033070471A01B2F1804F00F1E2
:10261000040006D29B0108D45B00F3D4202070474D
:102620001A46002AFBDB013070470230704700BFBA
:102630000368590708D0DA071FD499072AD55B0821
:1026400003600122104670479AB282B91B0CDAB2BD
:10265000B2B11022190701D104321B09990714D015
:10266000D90701D401325B08036010467047DAB223
:102670004AB11A0717D10422EFE70022104670472B
:1026800018221B0AE6E70822FBE7590707D50232A2
:102690009B08E9E79B080222036010467047DB08AD
:1026A00004D12022CEE7DB080322DDE70332DBE79B
:1026B00038B5436C04460D464BB15868B0B102685A
:1026C0005A6000220123C0E90323456138BD21225D
:1026D0000421FDF727FF034660640028EDD1094B74
:1026E0000948002240F2451102F014FD1C2201218C
:1026F0002046FDF717FF0028F1D001220223C0E990
:102700000123DEE76C290020802900202DE9F04F0D
:102710000F691569AF4285B00E46904605DB2A4623
:1027200043463D46884617461E46D8F80830D8F836
:102730000410EC19A342B8BF0131FFF7C9FE84466B
:10274000002800F09C80143000EB840E704505D208
:102750000346002143F8041B9E45FBD8143606EBC4
:10276000870296427CD208F1140707EB8505A5EB9A
:10277000080308F11508A845A3F11503CDE902E403
:102780004FEA930A8CBF002401249146E34605E0FA
:10279000090C34D1B14500F104005ED956F8041B90
:1027A0008AB2002AF4D0CDE90090B84686460023CC
:1027B00058F8041BDEF800001FFA81F94FEA114CAB
:1027C00081B202FB0911000C194402FB0C0000EB62
:1027D000114089B241EA004145454EF8041B4FEAD9
:1027E0001043E5D8DDE90090002C4FEA8A0208BFCB
:1027F00000220244536056F8041C090CCAD0036836
:10280000CDF800908846BC46864600221946BCF8A2
:10281000009008FB092909EB11499BB243EA0943DF
:102820004EF8043B5CF8043BDEF800101B0C8AB247
:1028300008FB032303EB194365454FEA1342E6D82F
:10284000002C4FEA8A02DDF8009008BF0022024403
:10285000B145536000F10400A0D8DDE902E4DC4694
:10286000002C02DC05E0013C03D05EF8043D002BA7
:10287000F9D06046CCF8104005B0BDE8F08F034BAE
:10288000034862464FF4B17102F044FC6C29002009
:1028900080290020F8B512F00303144607462FD113
:1028A0000E46A4102AD03D6C002D32D004F0010356
:1028B00064103BB92868B8B1054604F00103641000
:1028C000002BF7D02A4631463846FFF71FFF36B1B6
:1028D0007B6C716853F82120326043F8216074B139
:1028E000064628680028E7D12A4629463846FFF7D9
:1028F0000DFF0023286003600546DEE73046F8BD83
:10290000013B0F4A52F823200023FFF715FE06462D
:10291000C7E701213846FFF7DBFD054640B101233B
:1029200040F27122C0E90432002338640360BDE73D
:10293000044B05482A4640F2451102F0EBFB00BF6C
:10294000543300206C290020802900202DE9F04715
:102950000D4691462E69AB68496806EB6216741CF9
:102960009C4207464FEA621804DD5B009C4201F17D
:102970000101FADC3846FFF7ABFD844600284FD052
:10298000B8F1000F00F114000BDD08F105010CEBAC
:1029900081010346002243F8042B8B42FBD100EB5C
:1029A0008800296905F1140319F01F0803EB810E53
:1029B0002ED0C8F1200902464FF0000A196801FA2A
:1029C00008F141EA0A0142F8041B53F8041B9E4532
:1029D00021FA09FAF2D8AEEB0503153B23F0030305
:1029E00005F11502964538BF0023043340F803A0D3
:1029F000BAF1000F00D134467B6C6A68CCF8104005
:102A000053F822102960604643F82250BDE8F08751
:102A1000043853F8042B40F8042F9E45F9D8EAE710
:102A2000034B044862464FF4EF7102F073FB00BFA2
:102A30006C2900208029002003690A6900B5B3EBE6
:102A4000020E12D100F1140C14310CEB820301EBD5
:102A5000820101E09C4508D253F8040D51F8042D81
:102A60009042F7D003D24FF0FF3E704600BD4FF0CA
:102A7000010E704600BD00BF2DE9F04F17460A69F0
:102A80003B69A2EB0308B8F1000F83B00C4615D1E7
:102A9000143107F1140505EB830501EB830302E014
:102AA000994280F0858053F8046D55F8042D9642C4
:102AB000F6D080F08A804FF0010805E0FBDB3B4652
:102AC0004FF000080F461C467968FFF701FD00280B
:102AD00000F086803A692669C0F80C8007F1100181
:102AE00007F11408834600F1140704F1140008EB01
:102AF000820E944600EB86060023B946C2460A467B
:102B0000019450F8041B52F8045F8CB21FFA85F848
:102B1000A8EB0408090C9844C1EB154101EB2841CE
:102B20001FFA88F848EA0144864249F8044B4FEA04
:102B30002143E6D8A146019C301B1538153420F0FE
:102B40000300A64238BF00200AEB00010431C4197B
:102B50008E4562460846DC4698BF23461AD9A7EB45
:102B60000A070434C61950F8045B13FA85F82B449D
:102B70002D0C05EB28459BB243EA05498645C6F86E
:102B800000904FEA2543EDD80EF1FF335B1A23F096
:102B900003032344B9F1000F04D153F8041D013A93
:102BA0000029FAD06046CCF8102003B0BDE8F08FC1
:102BB0000021FFF78DFC844658B101220023C0E9B3
:102BC0000423604603B0BDE8F08F3B4627461C4611
:102BD0007AE7074B0748624640F2372102F09AFA3B
:102BE0000246034B034840F2452102F093FA00BF2E
:102BF0006C290020802900202DE9F043894683B00C
:102C0000012157EC106B9046FFF762FC0446002848
:102C100046D0C7F30A55C7F313030DB143F480132D
:102C20000193331E15D101A8FFF702FD019B6361DB
:102C300001212030216115B3A5F233450544C0F1CF
:102C40003500C9F80050C8F80000204603B0BDE8C0
:102C5000F08368460093FFF7EBFCDDE9002328B121
:102C6000C0F1200103FA01F10A43C340002B0CBF5D
:102C7000012102216261A3612161002DDCD104EBFD
:102C80008103A0F23240C9F800001869FFF7A6FCE2
:102C9000C0EB4110C8F80000204603B0BDE8F08347
:102CA000034B0448224640F20F3102F033FA00BFD2
:102CB0006C2900208029002049B1FF2A02D80A701F
:102CC000012070478A2303604FF0FF3070470846A9
:102CD000704700BF2DE9F04F2DED028BD1B00C46AF
:102CE000079190460993824602F076F903681193A2
:102CF0001846FFF7BBF908221090002120A8FEF724
:102D000069FDA389180603D52369002B01F06E80A5
:102D100000239FED728BCDE92533CDE9143327AA2B
:102D20000D932492174612931393059345462C4610
:102D30006C4BD3F8CC61FEF717FF20AA0346009234
:102D40001AA922465046B047002800F09880C0F2E9
:102D50008E801A9A252A034601D01C44E8E7B4EB7A
:102D60000508064640F08F8000234FF0FF328DF8B3
:102D70005F309B46069301342378049201349946D0
:102D8000A9F120035A2B00F2AF80DFE813F0FE0216
:102D9000AD00AD00FA02AD00AD00AD00DD02AD004A
:102DA000AD00A802B702AD00B302C002AD00BC0284
:102DB0005B005B005B005B005B005B005B005B003B
:102DC0005B00AD00AD00AD00AD00AD00AD00AD00ED
:102DD0002101AD009C01AC03210121012101AD00C5
:102DE000AD00AD00AD00A803AD00AD000803AD001F
:102DF000AD00AD007302AD006103AD00AD009807FA
:102E0000AD00AD00AD00AD00AD00AD00AD00AD005A
:102E10002101AD009C018701210121012101ED0368
:102E200087016C00AD000804AD00F8033D041304F5
:102E30006C00AD0073026A008303AD00AD00FB07B8
:102E4000AD006A00A9F13003002214F8019B02EBE7
:102E5000820203EB4202A9F13003092BF5D9069255
:102E60008EE723788AE723784BF0200B86E7082249
:102E7000002120A8FEF7AEFC01231C4458E7B4EB68
:102E80000508064610D02599269B013143440729A1
:102E9000C7E900582693259117DC0837059B434462
:102EA0000593002E7FF460AF269B002B41F0038337
:102EB000079B9B8903F04003002B41F0CF860598C8
:102EC00051B0BDEC028BBDE8F08F079924AA5046A3
:102ED00001F022FF0028EBD127AFDFE70000000060
:102EE00000000000D0440020B9F1000FDCD0002326
:102EF000CDE90B3301228DF8DC908DF85F3008931B
:102F00000A9204930E9337AD0292269A1BF0840323
:102F1000904600F005819DF85F1009B3DDF894C07C
:102F200000260CF1010101200132786007290DF122
:102F30005F00CDE92512386000F33E8408377EB18A
:102F4000DDF894C00CF1010118A80232386007299D
:102F50004FF00200CDE92512786000F32084083795
:102F6000802B00F06583049B0A995E1A002E00F303
:102F7000E8801BF4807F40F021810A9B7B601A442B
:102F8000259B3D600133072B2692259300F3BC83DC
:102F900008371BF0040F05D0069B02995D1A002D1F
:102FA00000F31884DDE9053102988142ACBF5B185B
:102FB0001B180593002A40F0778300232593089B74
:102FC0001BB108995046FFF761F927AF2546AEE6D9
:102FD000099B073323F00703B3EC028B9FEDA17B22
:102FE000B0EEC86BB4EE476BF1EE10FA099300F344
:102FF0003986B4EE488BF1EE10FA81F14685B9F1CD
:10300000610F01F07A83B9F1410F01F07084049BE4
:10301000013301F07F82B9F1670F18EE903A4BF45B
:10302000807801F0F584B9F1470F01F0F1840023B5
:10303000089318EE903A002BC1F20885B0EE487B59
:103040000026A9F14103252B01F2DD81DFE813F011
:10305000A50CDB09DB09DB09700ADD0ADB09DB09EA
:10306000DB09DB09DB09DB09DB09DB09DB09DB0940
:10307000DB09DB09DB09DB09DB09DB09DB09DB0930
:10308000DB09DB09DB09DB09DB09DB09DB09DB0920
:10309000A50CDB09DB09DB09700ADD0A1BF0200F38
:1030A00040F0DE85099A1BF0100F52F8046B41F0D6
:1030B0001C861BF0400F099201F08E8046F3C03849
:1030C000434636B21FE2B9F1430F03D01BF0100F95
:1030D00000F065860822002122A8FEF77BFB099AF2
:1030E00037AD126822AB2946504602F0DDFF0A9048
:1030F000013001F0AE850A9B23EAE3730293099B3A
:10310000269A043309930023CDE90B338DF85F3001
:10311000089304930E931BF0840390467FF4FBAE58
:103120000699029E8E1B002E00F321849DF85F10ED
:1031300000297FF4F3AE049B0A995E1A002E7FF7F4
:1031400018AF4A49259B0F91102E27DD39464FF0C5
:10315000100837462E462546079C04E0103F102FE6
:1031600001F1080116DD013340481032072BC1E997
:103170000008CDE92532F1DD24AA2146504601F0B0
:10318000CBFD002840F09882103F102FDDE925325A
:1031900027A9E8DC2C4635463E460F4601330F99F9
:1031A00039603244072BCDE925327E6000F3648418
:1031B0001BF4807F07F108073FF4DFAEB9F1650F1C
:1031C00040F3AC82B5EE408BF1EE10FA40F0528342
:1031D000259B27493960013301320121072B2692B3
:1031E0002593796000F37F870837199B0D998B42EF
:1031F00080F2EB84109B11991A44C7E90013259BB8
:1032000026920133072B259300F3D38508370D9BB6
:103210005D1E002D7FF7BDAE1449259B0F91102D2B
:1032200040F39787A146DDF81C8010260C4604E089
:103230000837103D102D40F38B8701331032072BD8
:10324000C7E90046CDE92532F2DD24AA41465046C1
:1032500001F062FD002840F02F82DDE9253227AF22
:10326000E7E700BFFFFFFFFFFFFFEF7FD43700203E
:10327000142A0020DDF8248058F8045B00238DF820
:103280005F30002D00F0A185B9F1530F00F03787B2
:103290001BF010030B9340F03287049B002BC1F20C
:1032A000FC801A460B99284601F0A0FE9DF85F307D
:1032B0000890002801F04884089A521B0A9222EADA
:1032C000E27202920BB1013202920B9BCDF8248084
:1032D00004930E930C9308934FF0730915E6099B22
:1032E00053F8042B0692002A80F27584069A0993FB
:1032F0005242069223784BF0040B3FE52B238DF8C6
:103300005F3023783AE523784BF0800B36E5214691
:1033100011F8019BB9F12A0F01F09084A9F1300353
:10332000092B98BF002201F2DD8211F8019B02EB0C
:10333000820203EB4202A9F13003092BF5D942EADC
:10334000E27304930C461BE5504601F045FE4368CA
:1033500013931846FEF78AFE15900646504601F074
:103360003BFE826823781492002E3FF407AD002ABA
:103370003FF404AD1278002A3FF400AD4BF4806BAB
:10338000FCE423784BF0010BF8E49DF85F202378F0
:10339000002A7FF4F3AC20228DF85F20EEE41BF0CE
:1033A000200F4BF0100000F02884099B073323F016
:1033B00007031A46596852F8083B099200228DF813
:1033C0005F20049A002A18DB53EA010220F4906B74
:1033D00015D1049A9AB910F001031A46029300F02D
:1033E000738630238DF83F31049B0A92CDE90B336D
:1033F0000E9308930DF23F1587E520F4806B50ADD6
:1034000003F00702DB0843EA4173C908303253EA8C
:103410000106284605F8012DF2D11BF0010F00F03E
:103420001582302A00F012823023049905F8013CFD
:10343000023850AB1B1A99424FF00002B8BF194630
:10344000CDE90B2208920A93054602910E925CE5A3
:103450001BF0200F4BF0100121D1099B1A1D099B75
:1034600004981B684FF0000840458DF85F801E46A9
:1034700059DB21F0800B002B40F08C85099200284D
:1034800040F0E983CDE90B000A900E90029008907D
:1034900050AD3AE51BF0200F00F0BE835946099B62
:1034A000073323F0070200238DF85F30049BD2F826
:1034B000048052F8086B0992002B35DB56EA0803AA
:1034C00021F0800B31D1049B002B40F0C483CDE967
:1034D0000B330A930E930293089350AD15E52378AE
:1034E0004BF0080B4AE41BF0200F4BF0100300F0E8
:1034F0007A83099A073222F007029B46536852F8F2
:10350000086B09929846002BC0F2C282049A002AE6
:103510000BDB56EA08032BF0800B06D1002A00F0E3
:103520004187302607E009928B460A2E78F1000386
:1035300080F0BF823036049A9DF85F308DF83F618D
:10354000012AB8BF0122029201220A920DF23F1510
:10355000002B01F06D83029B013302930023CDE920
:103560000B3308930E93D0E42378682B03BF637862
:103570004BF4007B01344BF0400BFFF7FFBB099A83
:103580001BF0200F02F1040300F0888312680599F4
:103590001160C917516009932546FFF7C8BB23780E
:1035A0006C2B03BF63784BF0200B01344BF0100BF6
:1035B000FFF7E4BB099A049E52F8041B002047F66B
:1035C00030038642ADF860308DF85F000B46C0F2E4
:1035D000DB832BF0800545F0020B002940F0D683F9
:1035E000002E00F0E686099230230122CDE90A215F
:1035F0000E918DF83F3102960DF23F154FF078098C
:103600008E4608910C91A5E31BF0200F40F0258316
:10361000099A1BF0100F52F8043B41F05E831BF037
:10362000400F00F0E9859BB2099258460021C5E69B
:10363000069B02995E1A002E7FF795AC8B49259B5D
:103640000F91102E24DD38464FF010082F461946F2
:103650002546864C04E0103E102E00F1080013DDD4
:10366000013110320729C0E90048CDE92512F2DD09
:10367000079924AA504601F04FFBE8B9103E102EDE
:10368000DDE9251227A8EBDC2C460B463D46074614
:1036900001330F9939603244072BCDE925327E6022
:1036A00000F3638508375EE4079924AA504601F0C9
:1036B00033FB00283FF481AC089B002B3FF4F8ABB0
:1036C00008995046FEF7E2FD079B9B8903F04003F3
:1036D000FFF7F2BB109B11991A44C7E90013259B11
:1036E00026920133072B259300F3068707F1080183
:1036F0000028C1F21E810D980D6001330244072B92
:10370000CDE92532486046DD079924AA504601F0EC
:1037100003FB0028D0D1269A27AF3AE40D98259BC9
:10372000012802F1010203F1010307F1080140F34E
:1037300064810120072BCDE925323D60786000F3DC
:103740002C821098119E01330244072BC1E90060BE
:10375000CDE9253200F32D8208310D98B5EE408B6E
:10376000F1EE10FA00F1FF3600F05F810133013510
:103770003244072BCDE925320D604E6000F34981BC
:1037800008311298486001330244072B1CA8CDE988
:1037900025320860B8DC01F10807FFF7FABB07998A
:1037A0000F9324AA504601F0B7FA002884D1269A34
:1037B0000F9B27AFFFF7D4BB07990F9324AA50465E
:1037C00001F0AAFA00287FF477AF269A0F9B27AF63
:1037D000FFF7B5BB102D259B41F3D580A046DDF842
:1037E0001C90234C102604E0103D102D07F1080713
:1037F00015DD01331032072BC7E90046CDE925322C
:10380000F2DD24AA4946504601F086FA00287FF4EA
:1038100053AF103D102DDDE9253227AFE9DC2146FD
:103820004446884601332A44072BC7E90085CDE981
:1038300025327FF7B7AB079924AA504601F06CFAFE
:1038400000287FF439AF269AFFF7ACBB049950AA41
:10385000521B91424FF00003B8BF1146CDE90B3324
:1038600008930A9202910E93FFF74FBBD4370020C2
:10387000183000201998002840F300840B9B0D9904
:103880008B42A8BF0B46002B98460ADD1A44C7E9B5
:103890000053259B26920133072B259300F3B48711
:1038A00008370B9EB8F1000FA8BFA6EB0806002E44
:1038B00000F3AB820B9B1BF4806F03EB050940F018
:1038C000CA82199B0D998B4203DB1BF0010F00F09C
:1038D0007D85109911980A44C7E90001259926921F
:1038E00001310729259100F39B8708370D996E1840
:1038F000A6EB0906CD1AAE42A8BF2E46002E0BDD60
:10390000259BC7F8009001333244072B7E60269236
:10391000259300F3D3870837002EA8BFAD1B002DD9
:103920007FF737ABB949259B0F91102D40F31184D8
:10393000A146DDF81C8010260C4604E00837103D37
:10394000102D40F3058401331032072BC7E90046E0
:10395000CDE92532F2DD24AA4146504601F0DCF9DA
:1039600000287FF4A9AEDDE9253227AFE7E72599E6
:10397000102E404640F361870F943A46A846079CB4
:10398000A34D1F4604E0103E102E02F1080216DD82
:103990000131103010230729CDE92510156053603F
:1039A000F1DD24AA2146504601F0B6F900287FF443
:1039B00083AE103E102EDDE9251027AAE8DC3B4639
:1039C0000F9C17462A464546904601F1010C3218D5
:1039D000BCF1070FCDE925C2C7F800807E6000F377
:1039E00036839DF85F100837002940F0F880002BDF
:1039F0003FF4B9AA0B46FFF7A5BA1BF0010F7FF4FD
:103A000098AE0120072BCDE925323D6078607FF725
:103A1000B8AE079924AA504601F07EF900287FF439
:103A20004BAEDDE9253227A9ABE60D9801287FF7DB
:103A3000A8AE112875480F9040F3B783A046079FA2
:103A40001025044604E00831103E102E40F3AC83EC
:103A500001331032072BC1E90045CDE92532F2DDF3
:103A600024AA3946504601F057F900287FF424AEC5
:103A7000DDE9253227A9E7E7079924AA504601F096
:103A80004BF900287FF418AE269A27AFFFF771BADA
:103A90002D238DF85F30049B764268EB4808002B9D
:103AA000FFF643AD0A2E78F100032BF0800BFFF4F4
:103AB00041AD0294CDF8289050A9DDF850900897B8
:103AC0004FF0000C0BF4806426E016EB080351481D
:103AD00043F10003A0FB032020F0030202EB90025D
:103AE0009B1AF31A4B484FF0CC32B646474602FBBE
:103AF00003F268F1000800FB0822A3FB0063BEF19B
:103B00000A0F13444FEA560677F10007294646EAA2
:103B1000C3764FEA53082DD33E4D16EB080343F10D
:103B20000003A5FB032020F0030202EB90029B1A86
:103B3000F31AA3FB053268F1000005FB00225B08C5
:103B400043EAC27303EB8303A6EB430330330CF168
:103B5000010C01F8013C4D1E002CB6D099F8003044
:103B60006345B2D1BCF1FF0FAFD00A2E78F100034C
:103B700080F0B3830499029CCDF8509050AB5A1B4F
:103B80009142B8BF1146DDF82890089F9DF85F303C
:103B9000CDF834C00A920291DAE4079924AA50467B
:103BA00001F0BAF800287FF487ADDDE9253227A9B6
:103BB000C7E5079924AA504601F0AEF800287FF423
:103BC0007BADDDE9253227A9C7E51BF0010F3FF4E6
:103BD000E0A9FFF70FBB09932378FFF7CFB81E4684
:103BE0000023FFF79EB9099A0432099909920E68D9
:103BF0004FEAE6789B46434685E4099B1A1D099BDC
:103C000009921B680021FFF7D9BB00BFD437002001
:103C100018300020CDCCCCCC099A1BF0100052F803
:103C2000043B41F057801BF0400100F0A8818DF863
:103C30005F009BB204994FF0000841451E46C0F258
:103C4000A9812BF0800B002B40F0A481049B0992EA
:103C5000002B3FF43CAC00266CE45846FFF7A5BBB4
:103C60005B4646E4B5EEC08BF1EE10FA2BF0800B0C
:103C700000F11E839DF85F30B9F1470FCCBFA44D12
:103C8000A44D002B40F052870322CDE90B3308935B
:103C90000A9204930E930292FFF737B91BF0100FAC
:103CA00040F07C821BF0400F40F0A7831BF4007FA4
:103CB00000F07482099A0599126811706BE4964EAF
:103CC0001BF0200F00F07D81099B073323F00703D1
:103CD0001A46586852F8083B09921BF0010140F05F
:103CE0005C81049A8DF85F10002AC0F28B8153EA40
:103CF00000022BF4906B00F0948103F00F02B25C91
:103D00008DF83F211B0943EA0073020953EA1010A2
:103D10000DF23F150BD003F00F001B09305C05F8C6
:103D2000010D43EA0273120953EA0200F3D1049A27
:103D300050AB4FF0000E5B1B9A42CDE90BEEB8BFC3
:103D40001A460A930292CDF820E0CDF838E0002917
:103D50003FF4DBA8029BDDE925C2023302931BF08E
:103D600084039046614604D1069E0298361A002EBE
:103D700006DCBEF1000F3FF4E5A80226FFF7D1B83C
:103D80000223F5E5654E9BE74BF0020B0992634E6B
:103D900003F00F020221B25C4FF07809B0E7099BF3
:103DA0001B688DF8DC30012302930A9337ADFFF7CF
:103DB000A6B9079924AA504600F0AEFF00287FF468
:103DC0007BAC269A27AFFFF722BA049B0895062BF7
:103DD00028BF062302930A932B460495CDE90B33A3
:103DE0004F4DCDF824800E93FFF78FB840215046F9
:103DF000FCF74AFC079B18601861002800F06087F8
:103E0000079A40235361FEF783BF102E259B40F392
:103E10002E874448DDF81C800F9039464FF010097A
:103E2000074604E00831103E102E40F32B82013388
:103E30001032072BC1E90079CDE92532F2DD24AA41
:103E40004146504600F068FF00287FF435ACDDE9BC
:103E5000253227A9E7E70D9BDDF83880CDF83CB087
:103E6000EB1804930C9BDDF81CB00B94002B4E4612
:103E70003946DDF85090159F0E9531DDB8F1000FF1
:103E800040F32B8108F1FF382598139B01303A4409
:103E90000728C1E900372692259000F39F8008315A
:103EA000049B99F800009D1B8542A8BF0546002D84
:103EB0000CDD259801302A440728C1E900652692C7
:103EC000259000F35E8199F800000831002DACBF09
:103ED000441B0446002C14DC06440C9B002BCDDC58
:103EE000B8F1000FCEDCDDE90D35EB189E42CDF8C0
:103EF00050900B9CDDF83CB0B1460F4628BF994668
:103F0000DFE4102C2598074B2BDD10250A9310E0D9
:103F100094280020DC290020F8290020E429002032
:103F20000C2A0020D4370020103C102C01F108018D
:103F300016DD0130AE4B10320728C1E90035CDE95E
:103F40002502F1DD24AA5946504600F0E5FE00287E
:103F50007FF4B2AB103C102CDDE9250227A9E8DC88
:103F60000A9B0B60013022440728CDE925024C60F2
:103F700000F3588399F8000008310644ADE71BF4BC
:103F8000007840F0328204998DF85F8000291E4647
:103F9000BFF657AE0992FFF7C8BA53EA000237D00E
:103FA00030228DF8602000228DF85F20049A8DF871
:103FB0006190002A23DB2BF4906242F0020B022175
:103FC0009BE6099A1BF0100F52F8043B099214D19A
:103FD0001BF0400F0DD09BB200207EE624AA59466C
:103FE000504600F099FE00287FF466AB269A27A978
:103FF00056E71BF4007F40F0F58100206DE64BF0A2
:10400000020B022103F00F022BF4806BB25C77E607
:10401000049B00218B428DF85F10C0F241812BF48C
:10402000906B049A002A00F0CB80012A33788DF837
:104030003F31B8BF0122002302920122CDE90B33A8
:1040400008930A920E930DF23F15FEF75EBF079993
:104050000F9324AA504600F05FFE00287FF42CAB9B
:104060009DF85F10269A0F9B002900F0AC801E4639
:10407000DDF894C0034627AFFEF753BF259B5D498B
:104080003960013301320121072B26922593796093
:1040900000F37C81083700287FF41CAB0D990BF0EE
:1040A00001030B433EF475AF109B11991A44C7E905
:1040B0000013259B26920133072B259300F31C82C6
:1040C00007F10801FFF717BB049B0A93CDE90B33F7
:1040D0000E93089350ADFEF718BF0C9B013B09F1FE
:1040E000FF390C93D0E6079924AA504600F014FE3D
:1040F00000287FF4E1AA269A27AFFFF776B80822B6
:10410000002122A81B95FDF765FB049B002B7DDB9E
:1041100000260294CDF82080344698460EE037A958
:10412000504601F0C1FF411C204400F094844045FA
:1041300009DC06F1040600F0008504461B9A92593A
:1041400022AB002AEBD10A94DDF82080029C6AE0C1
:104150004C4601330F9939602A44072B7D60CDE925
:1041600025327EF715AFFFF7CFBA079924AA50463C
:1041700000F0D2FD00287FF49FAA269A27AFFEF711
:10418000F2BE24AA5946504600F0C6FD00287FF42E
:1041900093AA99F80000269A27A997E6099A059903
:1041A00012681160FFF7F7B9444601330F980860B1
:1041B0003244072BCDE925324E607FF7E1AA28E48F
:1041C000049BFFF784B9002B00F00981DDF894C04F
:1041D0000B4627AFFEF7B6BE1BF4007F16BF46F3B3
:1041E000C0184FEAE67876B24346FFF78CB900BFB5
:1041F000D4370020142A00201BF4007100F0F9804D
:10420000DBB2099258460021FFF7D8B822AB0093E1
:1042100000231BAA1946504601F06EFF0A90013098
:1042200000F019841B950A9B002B00F09F80632BE4
:1042300000F34C810023089337AD0822002122A807
:10424000FDF7C8FA0A9E22AB00931BAA3346294603
:10425000504601F051FF864240F042850A9A002301
:10426000AB5422EAE27202929DF85F20049312B1ED
:10427000029A01320292CDE90B33CDF824800E93DD
:10428000FEF743BE0F4601330F9939603244072BC6
:10429000CDE925327E6000F323810837FFF70ABBA2
:1042A00033788DF83F312BF4806B0DF23F153EE5EE
:1042B0002D238DF85F30B9F1470F4FF000030893BD
:1042C000049340F3E6800322964D0A92CDE90B3326
:1042D0000E9304230293FEF718BE159A1399AD1A94
:1042E0002846FDF79BFB99F801300BB109F1010954
:1042F0008D4A16EB080343F10003A2FB030727F0E6
:10430000030000EB97001B1AF31A4FF0CC3168F151
:10431000000803FB01F102FB0811A3FB023001447A
:104320005B0843EAC1764FEA510816EB080343F1F4
:104330000003A2FB031020F0030101EB90015B1AC4
:10434000F31AA3FB023168F100005B0802FB0012C4
:1043500043EAC27303EB8303A6EB4303303305F850
:10436000013C4FF0010C013DFFF7F8BB9DF85F30B9
:10437000CDF82480003B18BF012302930A9B0493CD
:10438000CDE90B330E930893FEF7BFBD079924AA1E
:10439000504600F0C1FC00287FF48EA91998269A97
:1043A00027AF78E69DF85F3002920A9250ADFFF792
:1043B000CFB8049B0992CDE90A330E930C93029374
:1043C00050AD4FF078099E460893C3E46E18A6EBF3
:1043D0000906CD1AAE42A8BF2E46FFF79DBA27AFF9
:1043E000FEF7C1BDDBB2002077E48DF85F10DBB2D1
:1043F00020E409925846FEF7E1BF099A0599126830
:104400001180FFF7C8B822AB01931BAB0093B0EE4D
:10441000470B049A19AB022150468DED027B00F048
:104420002DFF9DED027B05461BF0010F40F05582EC
:10443000229B5A1B199B0D92D81C0B93C0F2018230
:1044400004999942C0F20B819A4200F392820B9B2D
:104450000A931BF4806F03D00B9B002B00F32D837A
:104460000A9B23EAE373C34602934FF067090023D4
:104470000E930C930BF00201002E00F0CA804FF057
:104480002D0E8DF85FE0029B01330293002304930D
:104490005DE40322254D0A9218E72846FDF7E6FD64
:1044A0009DF85F300A9020EAE0720292002B3EF401
:1044B0000CAFFEF708BF079C24AA2146504600F027
:1044C0002BFCA38903F04003FEF7F6BC591C5046B1
:1044D000FCF7DAF80546002800F0F6830890ACE611
:1044E000079924AA504600F017FC00287FF4E4A89E
:1044F000269A27AFFFF7DEB9079924AA504600F0A5
:104500000BFC00287FF4D8A8DDE92532199827A9EB
:10451000FFF7EEB800230893062304934BF480784A
:10452000FEF787BD94280020CDCCCCCCDC29002020
:10453000049B01330D93022122AB01931BAB00932B
:10454000B0EE470B19AB0D9A50468DED027B00F093
:1045500095FE0D9B29F0200CBCF1460F9DED027BD2
:10456000054600EB030100F09880B5EE407BF1EECC
:1045700010FA00F0D882229B994288BF4FF0450C78
:1045800040F2CF8230205A1C22921870229B8B421C
:10459000F9D35B1B0D93BCF1470F199B0B9356D0BE
:1045A000BCF1460F00F08F800B9B8DF87090013BA3
:1045B000002B1993C0F24C812B22092B8DF871200E
:1045C00000F34F8130228DF872200DF173023033E9
:1045D00002F8013B1CABD31A12930D9B129A012BCC
:1045E0001A440A9240F341820A9B109A13440A9398
:1045F0000A9A2BF4806343F4807B22EAE272002360
:10460000CDE90B330E93029234E7049B0D93032103
:1046100092E79DF85FE0BEF1000F7FF434AF04969F
:10462000FFF795BB24AA5946504600F075FB0028B9
:104630007FF442A899F80000269A27A906444CE482
:10464000199B0B934B1BBCF1470F0D933BD10B9B5D
:104650000333C0F2F680049B0B9A93420FDA0B9B54
:10466000013BA9F10209002B8DF870901993A3DA90
:104670000B9B2D22C3F101038DF87120A2E70D9B46
:104680000B9A934200F375811BF0010F0B9B00F016
:10469000B282109A13440A93DBE62B78302B00F099
:1046A0006182199B1944B5EE407BF1EE10FAC7D038
:1046B000229B8B42FFF466AF5B1B0D93BCF1470F4F
:1046C000199B0B93C3D00B99049A0BF0010300299B
:1046D00043EA020340F3CF82002B40F01A820B9B87
:1046E0000A934FF066091BF4806F40F0E8810A9B43
:1046F00023EAE373C3460293B9E647F63003ADF805
:104700006030049B632B4BF0020B00F35C8118EECE
:10471000903A002BC0F23B81B0EE480B19A800F094
:10472000B5FCB4EE007B20EE077BB5EE407BF1EEEE
:1047300010FA40F0408201230026199337AD089605
:10474000AE480499B3EE004B2B4606E0B5EE407B35
:10475000F1EE10FA00F00F82114627EE047BFDEE19
:10476000C76B4A1E16EE90CA10F80CE0B8EEE65B76
:104770009C4637EE457B03F801EB0029E6D1B6EE07
:10478000005BB4EEC57BF1EE10FA08DCB4EE457BBD
:10479000F1EE10FA1ED116EE902AD2071AD5CDF8F6
:1047A00088C013F8011C90F80FC08C451A460AD136
:1047B0004FF0300E02F801EC229A511E229112F8AD
:1047C000011C6145F6D0392916BF0131817AC9B281
:1047D00002F8011C199A5B1B0D93B9F1610F02F1EC
:1047E000FF33199300F01F8250214FF04109002B35
:1047F0008DF87010C0F20E822B22092B8DF87120DB
:104800002FDC0DF17202E2E6079924AA504600F06F
:1048100083FA00287EF450AF269A27AFFFF741B8FD
:10482000079924AA504600F077FA00287EF444AF96
:10483000199B269A27AFFFF759B8DFF8CC81FFF70D
:10484000C4B80B9BA9F10209013B8DF87090199334
:104850000B9A2D238DF87130C2F101030832BFF697
:10486000B1AE0DF17F0CDFF8A4E162461046AEFB5D
:104870000312D20802EB8201A3EB41013031632B1A
:1048800000F8011C134600F1FF32EFDC303302F870
:10489000013C831E634580F0C8810DF1710213F85D
:1048A000011B02F8011F6345F9D103F5A0736B44A6
:1048B000CC3B1B1A1CAA9B1A12938EE6079924AABA
:1048C000504600F029FA00287EF4F6AE199D0D9BA3
:1048D000269A5D1B27AFFFF71FB8049B4FF0470CCC
:1048E000E918E0E600230C460493FEF749BA45F6C2
:1048F0003003ADF86030049B632B4BF0020B62DC9D
:1049000018EE903A002B42DBB0EE480B19A800F0ED
:10491000BDFBB4EE007B20EE077BB5EE407BF1EEF5
:1049200010FA01D10123199300263548089637ADB6
:1049300007E74642103033480F9052DA102780467E
:1049400003E00831103E102E4BDD01331032072BEF
:10495000C1E90087CDE92532F3DD079924AA504645
:1049600000F0DAF900287EF4A7AEDDE9253227A9A8
:10497000E8E70D9B109A9A180B9B0A92002B79DDA1
:104980004FF06709AFE6DFF88080FEF74BBF0023EA
:10499000089337AD2D26B1EE487BB0EE470B19A832
:1049A00000F074FBB4EE007B20EE077BB5EE407B9D
:1049B000F1EE10FA04BF01231993B9F1610F3FF42E
:1049C000BFAE0F48BDE6049B5046591CFBF75CFE8A
:1049D0000546002800F03D8108904BF48078FEF7F2
:1049E00028BB01330F9808603244072BCDE92532EC
:1049F0004E6000F302810831FEF77DBEE4290020FD
:104A0000F8290020D437002018300020CDCCCCCCA1
:104A1000049A002A00F0D480002BC0F22481B0EE6A
:104A2000487B002622AB01931BAB0093B0EE470BF3
:104A300019AB049A022150468DED027B00F01EFC5A
:104A400000239DED027B05460893EDE42D26B1EE93
:104A5000487BFEF7F6BA079B9B890022089243F039
:104A60004003079A9381FEF727BE1BF0010F3FF426
:104A7000BFADB9E5C3F101031A4422EAE273C346AC
:104A80000A9202934FF06709F1E418EE903A13F09E
:104A900000432BF0800B0B9300F09A802D238DF8B0
:104AA0005F30B9F1470F4FF000030893049340F3D0
:104AB000F8800322944D0A9208E44FF06709149994
:104AC0000B78FF2B00F0F88000200B9A0E908446A4
:104AD00003E001300131FF2B09D0934207DAD21AEB
:104AE0004B78002BF5D10B780CF1010CF3E7CDE9F5
:104AF0000B201491CDF838C00C9A0E9B15991344D5
:104B00000A9A01FB03230A9323EAE373C346029341
:104B1000B0E4109B02EB01094B440A934FF0660985
:104B2000E1E55B1B0D93199B0B933DE500230322ED
:104B300008930A920493FFF7C9BB049B029CDDF81B
:104B400020800A93FFF76FBBCDF824801BB3049B32
:104B50000A935A1C029204900E900C904FF0730925
:104B6000FEF7D3B9B5EE407BF1EE10FA1ED1199BDA
:104B70000B93194466E5002A0491FFF62BAE0499C5
:104B8000302001EB030C194601F8010B6145FBD104
:104B90001A44531C1EE6049B0A930293089B0E932F
:104BA0000C9304934FF07309FEF7AFB90D9BC3F15B
:104BB0000103199376E500265448089637ADC0E501
:104BC000934273DBB0EE487B0123049E049329E7F4
:104BD0009DF85F30B9F1470FCCBF4B4D4C4D002BCA
:104BE00040F08680032204930A920E930C9308935C
:104BF0000292FEF78AB90A932BE4079924AA504639
:104C000000F08AF800287EF457ADDDE9253227A9A7
:104C1000FEF771BD2D238DF87130C2F1010308320A
:104C2000FFF61FAEEDE57021E1E502231293D4E417
:104C3000CDE90B3308930E93FEF767B9099A6378B1
:104C40000C4652F8041B099241EAE1710491FEF707
:104C500095B8079A938943F0400393814FF0FF334F
:104C60000593FEF72CB92D26B1EE487BDAE62949EB
:104C70000F91FFF708BBC34633B9012302934FF0EE
:104C800066090A93FFF7F3BB109B03F10109049B2C
:104C90004B440A9323EAE37302934FF06609FFF74C
:104CA000E6BB03221A4D0A92FFF710BB01232D2603
:104CB0000493B1EE487BB5E600230E930C931BE7FB
:104CC0000C23CAF80030C9E7079B08909B8943F082
:104CD0004003C6E65946FEF7C2BB5846FEF78FBFF3
:104CE000079B9B8943F04003BBE65B46FEF77DBF15
:104CF000002304930E930C93089303230A93042335
:104D00000293FEF702B900BF90280020E42900209A
:104D1000E0290020D43700202DE9F04115469268A3
:104D200002B32C6807468846083401E00834C9B14C
:104D30006B68581E002B1146686013DD54F8046C34
:104D4000002EF3D0334654F8082C4146384602F082
:104D500069FB431C07D0AA68921B1146AA6008345D
:104D60000029E5D100200023C5E90133BDE8F08129
:104D700070B5002941D006460C4610B1436B002B9C
:104D80003ED0FCF771FB636EB4F90C20DD0730D424
:104D9000900538D52146304600F04CF8E36A0546C8
:104DA00033B1E169304698470028B8BF4FF0FF356E
:104DB000A3891A0639D4216B41B104F14003994209
:104DC00002D03046FDF762FA00232363616C21B103
:104DD0003046FDF75BFA00236364636E0022DB0755
:104DE000A2811ED5A06DFCF759FFFCF743FB2846B6
:104DF00070BD002ACED1FCF73DFB0025284670BDD2
:104E0000FCF714FBBDE7A06DFCF74AFFB4F90C30CA
:104E1000002BBFD1636ED907EDD4A06DFCF742FF24
:104E2000E9E7A06DFCF73EFFDCE721693046FDF7BE
:104E30002DFAC0E7B1F90C202DE9F04180461007AA
:104E40000C4650D4496842F400630029A38164DD14
:104E5000A66A002E44D0002112F48052D8F80050E7
:104E6000C8F8001065D1E16901234046B047411CF4
:104E700002466CD0B4F90C30A66A5B0705D56368AE
:104E8000D21A236B0BB1E36BD21A0023E1694046BF
:104E9000B047471CB4F90C304DD1D8F800101D298B
:104EA00040D8304ACA40D6073CD52269226023F454
:104EB0000062A281D9044FF00002626003D5D8F8E5
:104EC0000030002B41D0216BC8F8005041B104F1F3
:104ED0004003994202D04046FDF7D8F900232363EE
:104EE0000020BDE8F0810E69002EF9D00D680E603B
:104EF00092070CBF4B690023AD1B8B600AE02B4669
:104F00003246E169676A4046B8470028A5EB0005CC
:104F1000064406DD002DF2DCE2E7E16B002997DCB8
:104F2000DEE7A38943F04003A3814FF0FF30BDE8E3
:104F3000F081226DA1E72269226023F40062A28140
:104F4000DB044FF000026260BDD52065BBE7D8F8F6
:104F50000030002B8ED01D2B01D0162BE1D1C8F8CC
:104F60000050BDE70100402000B5034683B008B102
:104F7000426B52B3B1F90C0098B14A6ED20701D41A
:104F8000820512D518460091FFF754FF00994A6E2A
:104F90000346D00702D48A8992050ED5184603B07D
:104FA00000BD0346184603B000BD886D0193009113
:104FB000FCF776FEDDE90013E4E7886D0093FCF76B
:104FC00071FE009B184603B000BDCDE90001FCF75F
:104FD0002DFADDE90031CDE700487047A8460020F2
:104FE00000000000000000000000000001F0FF01D0
:104FF000102A2BDB10F0070F08D010F8013B013A04
:105000008B422DD010F0070F42B3F6D1F0B441EA35
:10501000012141EA014122F007047FF0000700234B
:10502000F0E80256083C85EA010586EA010685FAA1
:1050300047F5A3FA87F586FA47F6A5FA87F68EB9FB
:10504000EED1F0BC01F0FF0102F0070232B110F81E
:10505000013B013A83EA010313B1F8D10020704704
:1050600001387047002D06BF35460338073815F064
:10507000010F07D1013015F4807F02BF013015F414
:10508000C03F0130F0BC0138704700BF4DF804BD8F
:1050900083B08DED000B019ADFF870C022F0004361
:1050A00000216345016025D8DDF800C053EA0C0CEF
:1050B00020D0DFF85CC002EA0C0CBCF1000F0AD172
:1050C0009FED107B20EE077B8DED007B019A6FF04A
:1050D000350122F00043DDE900BC6FF31E5242F0BF
:1050E0007F5C1B154CF4001CA3F2FE33CDE900BC21
:1050F0000B4403609DED000B03B05DF804BB7047EB
:10510000AFF300800000000000005043FFFFEF7F7E
:105110000000F07F00B50B4C2468864685B0E0683F
:105120009C460C4652B108490094CDE901127346E1
:105130000649624600F0ECFFF3F75CFE04490A46BC
:10514000F2E700BF38470020182A0020282A002054
:105150008C2800202DE9F04F03690C69A34283B02D
:10516000C0F28880013C01F1140500F1140855F8E3
:10517000243058F82420013308EB84069A42009624
:105180004FEA840B05EB8407B2FBF3F63AD3002316
:105190000191C64629469C4651F8042BDEF8009042
:1051A0001FFA82FA06FB0A334FEA134A120C06FB77
:1051B00002A29BB21FFA89FAAAEB030363441FFA07
:1051C00082FCCCEB234C0CEB194C9BB243EA0C4316
:1051D0008F424EF8043B4FEA2C4C4FEA1243DBD28D
:1051E00058F80B3001996BB9009B043B984504D3E8
:1051F00007E0984504F1FF3403D21A68043B002A03
:10520000F7D004618146FDF717FC00282EDB01363C
:105210004146002255F8040BD1F800C01FFA80FE69
:105220001FFA8CF3A3EB0E031344020CC2EB2342D0
:1052300002EB1C429BB243EA0243AF4241F8043BFB
:105240004FEA2242E6D258F8242008EB84036AB9D8
:10525000043B984504D307E0984504F1FF3403D29A
:105260001A68043B002AF7D0C9F81040304603B052
:10527000BDE8F08F002003B0BDE8F08F2DE9F04FBE
:1052800093B08DED000B0491816B1C9D069257EC41
:10529000106B0446089341B1C26B4A6001239340EE
:1052A0008B60FDF73FF90023A363B7F10008B4BF9B
:1052B000012300232B60A34BBCBF28F00048CDF88E
:1052C000048033EA080300F092809DED007BB5EE88
:1052D000407BF1EE10FA0DD1089A012313601D9B5B
:1052E00013B11D9A984B1360984B0293029813B018
:1052F000BDE8F08F10AAB0EE470B11A920468DED46
:10530000027BFDF779FC5FEA18539DED027B109A52
:10531000834640F08280119B134403F232412029DE
:1053200040F3E281C1F1400108FA01F803F21241B1
:1053300026FA01F148EA010106EE101AB8EE466BB2
:10534000013B16EE901A4FF00108A1F1F8719FEDA4
:10535000772BB7EE081B9FED775B9FED784B06EE42
:10536000901A03EE903A36EE416BB8EEE33BA6EEB0
:10537000025BB0EE456BA3EE046BFDEEC65BB5EED3
:10538000C06BF1EE10FACDED055A00F1C080059921
:10539000D21A162902F1FF3A00F2A4806C4B03EBFB
:1053A000C10393ED006BB4EEC67BF1EE10FA00F191
:1053B000A281002A40F3C0840027CDE90A178A445D
:1053C00000230993049B092B3DD8052BC4BF043B44
:1053D0000493049BA3F10203CCBF00250125032BFA
:1053E00033D8DFE813F0FA01F701ED019201089AD2
:1053F000C8F3130842F20F7358EA060813601BD172
:105400001D9B002B00F04286524B029308331D9ADD
:105410000298136013B0BDE8F08F17EE901AB0EE4B
:10542000476BC1F3130141F07F51A3F2FF3341F405
:1054300040114FF000088AE71D9B002B40F061816E
:10544000454B029352E7002304930025E563294668
:1054500020468DED067BFDF73BF89DED067B029027
:10546000002800F0B485119A029BA363002A75DB23
:1054700005990E2972DC364B03EBC10393ED003B1B
:1054800087EE036BBDEEC66B029916EE103A303311
:1054900001F8013B4FF0FF39B8EEC65BA5EE437B48
:1054A0000123B2EE044B11E087EE036BBDEEC66B39
:1054B000013316EE102A4B4502F13002B8EEC65BFE
:1054C00001F8012BA5EE437B00F0A38427EE047BBB
:1054D000B5EE407BF1EE10FAE6D1059B0133049363
:1054E0000D46ECE001230B93059BBAF1000FBABF08
:1054F000C2F101074FF0000A0027002B80F2F18073
:10550000059BFF1A5B42099300230A935AE7B8EE02
:10551000E55BB4EE465BF1EE10FA3FF438AF059967
:105520000139059133E700BFAFF3008061436F633A
:10553000A787D23FB3C8608B288AC63FFB799F50AC
:105540001344D33F0000F07F152A0020142A0020C6
:10555000580D0020582A0020642A00204FF0FF39FF
:105560000695CDF83090B8F1000F00F0E984DDF831
:10557000248002F23342012120469244BD18FDF7F7
:1055800097F80646002F40F09F82099B002B00F001
:105590009383B8F1000F40F077835946099A20466B
:1055A000FDF778F901238346099301212046FDF791
:1055B0007FF80A9B8046002B40F04582049B012B1C
:1055C00040F3AA820120504410F01F0000F008812F
:1055D0001B2800F3D582C0F11C0005440744824417
:1055E000002D05DD59462A462046FDF7AFF98346D2
:1055F000BAF1000F05DD414652462046FDF7A6F9F7
:1056000080460B9B002B40F00082B9F1000F40F365
:10561000D781099B002B40F02481059B0133049323
:10562000029F012507E0594600230A222046FCF785
:1056300083FF0135834641465846FFF78BFD4D45B4
:1056400000F1300A07F801ABEDDB029BB9F1000F66
:1056500003F1010209F1FF394FF00003D8BF4FF009
:10566000000991440093594601222046FDF76EF946
:1056700041468346FDF7E0F9002840F32083029A73
:1056800002E0914500F026834D4609F1FF3915F8F7
:10569000013C392BF5D0013389F8003041462046D2
:1056A000FCF740FF5EB1009B2BB1B34203D019461B
:1056B0002046FCF737FF31462046FCF733FF5946BA
:1056C0002046FCF72FFF00232B70089B049A1A60DA
:1056D0001D9B002B3FF40AAE02981D6013B0BDE87D
:1056E000F08F9A440A936BE6C1F1200106FA01F1AA
:1056F00006EE101A22E6059B013B059300230B934F
:10570000F2E6AC4B0293033381E601230D93DDE90E
:105710000523134403F101094E46012E0C93B8BF33
:105720000126172E40F39C84012204235B0003F121
:105730001400B042114602F10102F7D9E16320469C
:105740008DED0E7BFCF7C4FE0290002800F03F8434
:10575000B9F10E0F9DED0E7BA06346D8002D44D00D
:105760000599002940F3F182934B01F00F0203EBFE
:10577000C203CD0593ED006B4FEA211340F18A83FC
:105780008E4A92ED085B03F00F03032187EE054B71
:10579000002B00F0FB81894A01E05B100832D8073A
:1057A00003D45B100832DE07F7D592ED005B5B1087
:1057B00001F1010126EE056B00F0E8810832F2E705
:1057C00001230D93069B002B40F38B81069E0C96C4
:1057D000B146A6E700230D9399E700230D93F1E767
:1057E0001C20054407448244FAE6119A002AC0F2BC
:1057F0004081059B0E2B00F33C816F4B059A03EB18
:10580000C20393ED003B069B002B80F2ED82B9F1C1
:10581000000F00F3E98240F08682B1EE046B23EEC4
:10582000066BB4EEC67BF1EE10FA494640F27C827C
:10583000029D312305F8013B2046FCF773FE059BD2
:10584000023304933BE7314600230A222046FCF74B
:1058500073FE0C9B002B064640F3FA83DDF8309074
:105860000595002F05DD31463A462046FDF76EF8D6
:1058700006460A9B002B40F0F6823746029D6B1EBF
:105880004B440A93009B03F001030C934146584696
:10589000FFF760FC31460B9000F1300A5846FDF7E7
:1058A000CBF8414681463A462046FDF7E5F8C36805
:1058B0000146002B36D109905846FDF7BDF80999ED
:1058C00006902046FCF72EFE069A002A5AD1049B29
:1058D0001BB90C9B002B00F0A483B9F1000F43DB34
:1058E0000A9BA9469D4209F801AB00F0D7825946B0
:1058F00000230A222046FCF71FFEBE4283463146A3
:105900004FF000034FF00A02204635D0FCF714FE9A
:105910003946064600230A222046FCF70DFE4D4676
:105920000746B3E72046FCF7FDFDB9F1000F08DBA1
:10593000009B03F00102049B49EA030952EA0902B1
:105940002ED1594601222046FDF700F841468346F4
:10595000FDF772F8002840F34183BAF1390F00F0E7
:1059600024830B9B03F1310A05F801AB059B0096DC
:10597000013304933E4691E6FCF7DEFD4D460646B4
:10598000074683E7B9F1000FC0F28483049B49EA1C
:1059900003090C9B53EA090900F07C83002A9FDD70
:1059A000BAF1390F00F001830AF1010305F8013B58
:1059B000DCE700BF642A0020580D0020300D0020D5
:1059C000049B022B7FF725AEB9F1000F40F0008257
:1059D00041464B4605222046FCF7AEFD0146804677
:1059E0005846FDF729F8484540F3F281029D3123DE
:1059F00005F8013B41462046FCF794FD059B023328
:105A00000493002E7FF457AE59E641465846FDF701
:105A100013F80028BFF6F9AD594600230A222046A4
:105A2000059DFCF789FD099B013D8346002B7FF412
:105A30000AAF0C9B002B40F3FE82059BDDF83090F3
:105A400004930595ECE51A4601462046FCF722FF33
:105A5000049B012B804640F3F98100230A93D8F878
:105A6000103008EB83031869FCF7B8FDC0F1200083
:105A7000A9E50D9B73B9002F67D1099B002B74D149
:105A80001D461E4691E5119A002A03DB05990E2951
:105A90007FF7B4AE049B012B7FF765AD099B09F13D
:105AA000FF384345C0F27781B9F1000FA3EB080836
:105AB00080F2BE82A7EB0903012120460D93FCF77B
:105AC000F7FD3D460D9F0646BAF1000F7FF75DAD2D
:105AD00057453B46A8BF5346ED1AFF1AAAEB030AE7
:105AE00053E50021E16320468DED067BFCF7F0FCD9
:105AF0009DED067B0290002800F06982029BA36363
:105B0000002D40F09F81119AAA42C0F27C820123AD
:105B10000C93994606936CE6009B002B7FF452ADE4
:105B2000019BC3F31303002B7FF44CAD019B23F0C7
:105B300000431B0D1B05002B3FF444AD0123013531
:105B40000AF1010A0A9318463DE5BAF1000F00F088
:105B5000FE8157453B46099EA8BF5346FD1AAAEB56
:105B6000030A2F46002E3FF420AD5946099A2046DD
:105B7000FCF790FE0023834609933D461E4614E53C
:105B80001C283FF42DADC0F13C002AE684EE065BF4
:105B90000B9B3BB1B7EE006BB4EEC65BF1EE10FAB7
:105BA00000F1E081B1EE0C4B06EE901AB8EEE66B18
:105BB000A6EE054B14EE901A53EC142BA1F1507382
:105BC000B9F1000F00F09B80DDF814C0484643ECAB
:105BD000142BB64B029DFDEEC53B03EBC00212ED4C
:105BE000022B13EE902A02F1300E0D9A691CB8EECA
:105BF000E36B0E4635EE466B002A00F05B81B6EE95
:105C0000003B83EE025B35EE445BB4EEC65BF1EE27
:105C100010FA85F800E000F32782B7EE001BB2EE21
:105C2000043B002518E001358542BFF62CAF26EE77
:105C3000036B25EE035BFDEEC64B14EE902AB8EE27
:105C4000E42B303236EE426BB4EEC56BF1EE10FA57
:105C500001F8012B00F1DF8131EE464BB4EEC54B6C
:105C6000F1EE10FADFD5029A0CF1010C02E091423C
:105C700000F097810D4611F8013D392BF7D0013323
:105C80000B70CDF810C01AE5314642462046FCF7AD
:105C900001FE5A46014606462046FCF737FD5946A6
:105CA0000D902046FCF73EFC099BDDF834B0B3EBC9
:105CB000080309937FF471AC0123099375E403D1C0
:105CC0001AF0010F7FF4DBAC4D4619F8013D302B83
:105CD000FAD0E3E4059B029A023304933123137054
:105CE000DCE406EE901AB1EE0C4BB8EEE66BA5EED6
:105CF000064B14EE901A53EC142BA1F1507343ECA5
:105D0000142BB1EE046B35EE466BB4EEC46BF1EEC2
:105D100010FA00F35681B1EE444BB4EEC46BF1EED1
:105D200010FA7FF562AD00212046FCF7FBFB069BD5
:105D3000029D5B420493C2E4059B0A939A460023AA
:105D4000C2F101070B93FFF73BBB00F00781059AF7
:105D5000564B524202F00F0103EBC10393ED005B7F
:105D6000131127EE055B00F07981514A022101E011
:105D70005B100832DD0703D45B100832D807F7D573
:105D800092ED006B5B1001F1010125EE065B3FF423
:105D9000FFAE0832F2E7099B0A9AA8EB03031A4404
:105DA000012120460A92FCF783FCCA4407EB09054F
:105DB0000646CDF82480002F3FF4EFAB57453B4615
:105DC000A8BF5346ED1AFF1AAAEB030AFFF7E5BB7B
:105DD00041462046FCF7A6FB069B029D5B420493CE
:105DE000002E7FF468AC6AE4029B5E1C87EE036BB6
:105DF000BDEEC66B029A16EE103AB9F1010F03F12F
:105E00003003B8EEC65B31461370A3EE457B7FF4DA
:105E100047AB37EE077BB4EEC37B059BF1EE10FA80
:105E200003F1010304939C4608DCB4EE437BF1EEDE
:105E300010FA05D116EE103ADB0701D5029A19E7E0
:105E40000D463CE40C95A946069589E4009B002B81
:105E50007FF403AEDDE90012C2F31303002B00F060
:105E6000C4800A91FBE571682046FCF731FB0546CA
:105E7000002800F00481336902339A0006F10C0116
:105E80000C30F2F771FC294601222046FCF75EFD3A
:105E90000746F3E40221B0EE474B79E4059B0096F8
:105EA00001333E460493FFF7DEBB00BF580D0020D0
:105EB000300D0020029A24EE022B012882F800E027
:105EC00014D0B2EE043B029A151826EE036BFDEED9
:105ED000C65B15EE902A303201F8012BA942B8EECC
:105EE000E54B36EE446BF0D1711E0144B6EE005B1B
:105EF00032EE054BB4EEC64BF1EE10FA3FF5B3AE01
:105F000035EE425BB4EEC65BF1EE10FA0DDC119A91
:105F1000002AFFF6B0AD059A0E2A3FF7ACAD059A00
:105F200003EBC20393ED003B60E70D46013915F822
:105F3000013C302BF9D00CF101030493FFF7BFBBF8
:105F4000109ADDF82480C2F13602FFF714BB099ED7
:105F5000002E7FF40AAE3D46FFF727BB0221B0EECC
:105F6000475B15E6B9F1000F3FF4BBAE0C98002873
:105F70007FF73BACB2EE043BB1EE0C4B013106EEC9
:105F8000901A25EE035B059BB8EEE66BA5EE064B7B
:105F900014EE901A03F1FF3C53EC142BA1F1507353
:105FA00015E60CF1010C31236AE6A946392309F8FC
:105FB000013B059B00960133029A04933E46FFF78E
:105FC00063BB029D312305F8013B002134E4334BD0
:105FD0003348002240F2AF11FFF79CF87FF4C4ACC5
:105FE0001AF0010F7FF4B9ACBEE4019B23F000432B
:105FF0001B0D1B05002B3FF431AD012301350AF1C8
:10600000010A0A932BE50D9B002B33D101230C933E
:10601000994606932FE50CF1010304930D46FFF713
:106020004EBBBAF1390FC0D091453FF79AAC9BE413
:106030004A46FFF7A0BA049A022A05DC059A0492A0
:1060400099460595FFF7ECBA0595DDF83090BBE46D
:10605000049A0595022AF8DC994602E4022197E5A4
:106060000021E163FFF76BBB0CF1010304930D46C4
:10607000FFF725BB0D9B069399460C930EE5074B46
:1060800007482A4640F2EF21FFF744F8054B0293F8
:10609000FFF72CB9002A3FF754AC65E46C290020C7
:1060A000682A0020582A002030B5044687B05BB12A
:1060B00010480193D0F8C85171B12046A847421C3E
:1060C000019B10D007B030BD00F5827309480193E1
:1060D000D0F8C8510029F0D10A46204603A9A847A4
:1060E000421C019BEED100218A221960226007B078
:1060F00030BD00BFD044002010B582B0049CCDE973
:1061000000344FF0FF3301F055FC02B010BD00BF6A
:106110000EB400B582B003ABDFF81CC053F8042BFB
:1061200001930146DCF8000000F008F802B05DF8C9
:1061300004EB03B0704700BF384700202DE9F04F53
:10614000C5B00DF1500A834604911646002108227D
:1061500050461C460B93FBF73DFBBBF1000F04D0F0
:10616000DBF83430002B00F04987049B5A6EB3F9FA
:106170000C30D00740F14181990400F1A9850499C0
:1061800043F4005322F400528B814A66930401F1D8
:10619000AE80049BB3F90C301D0740F1BD80049A1A
:1061A0001269002A00F0B88003F01A020A2A00F0EF
:1061B000C2800023CDE91933CDE90E331BAADFF8E5
:1061C0006C980D93189217460793B0464546D9F838
:1061D000CC41FBF7C9FCCDF800A003462A4612A922
:1061E0005846A047002800F0C580C0F2BB80129A34
:1061F000252A034601D01D44E9E7B5EB080604460D
:1062000040F0BC80002319468DF8433008934FF0CE
:10621000FF326B78059205F10108039108F101083E
:106220001946A1F120035A2B00F2F280DFE813F0A7
:10623000E603F000F000DF03F000F000F000BF0321
:10624000F000F00007025302F00012020004F00018
:10625000F1035B005B005B005B005B005B005B00CD
:106260005B005B00F000F000F000F000F000F000D8
:10627000F000F000F000D8019F03F000F000F00003
:10628000F000F000F000F000F000F000F000190263
:10629000F000F000F000AA01F000FB02F000F000B6
:1062A000BA05F000F000F000F000F000F000F0009F
:1062B000F000F000F000D8016801F000F000F000FC
:1062C000950368016D00F0008B03F0007D036A0305
:1062D00020036D00F000AA016A005902F000F000EE
:1062E000FB05F0006A00A1F13003002218F8011B41
:1062F00002EB820203EB4202A1F13003092BF5D934
:1063000008928EE798F8003088E7039B43F020035B
:10631000039398F8003081E7049D5846294601F020
:106320005FFA002840F0F687B5F90C3003F01A0246
:106330000A2A7FF43EAF0499B1F90E20002AFFF635
:1063400038AF4A6ED20702D49F0540F19087049976
:1063500023463246584601F015F80790079845B095
:10636000BDE8F08F082200215046FBF733FA0123E5
:106370001D442CE7B5EB0806044610D01A9B3344A5
:106380001A93199B0133072BC7E90086199310DC78
:106390000837079B33440793002C7FF433AF1A9BD5
:1063A000002B40F06E87049B0022B3F90C30199249
:1063B00018E0049918AA584601F024F878B91BAFE0
:1063C000E7E7049918AA584601F01CF8002800F0E5
:1063D0008380099B1BB109995846FBF757FF049B23
:1063E000B3F90C30049A526ED0077FD55B0600F1EA
:1063F0006687079845B0BDE8F08F9F0540F114818E
:106400009D047FF5BCAE90047FF5C6AE00F071BF71
:106410000029C4D0002301228DF8AC108DF8433040
:1064200009930A9205932BAD0692DDE919C0039CEE
:1064300014F084060146624626D1089B069C1C1B6C
:10644000002C00F3ED839DF8433003B300260C9637
:106450000132012301317B60072A0DF14303CDE9AD
:1064600019213B6000F3868308370C9B63B101322E
:1064700011AB02313B60072A4FF00203CDE919212D
:106480007B6000F36B830837802E00F0EE82059B63
:106490000A981C1A002C00F326830A9B3D600132E7
:1064A0001944072ACDE919217B6000F34C83083792
:1064B000039B5C0705D5089B069A9C1A002C00F3E9
:1064C0006583DDE9073206988242ACBF9B181B1832
:1064D000079300297FF475AF00231993099B1BB123
:1064E00009995846FBF7D2FE1BAF6FE69A053FF5B8
:1064F0007DAF049CA06DFBF7D5FBB4F90C3075E7BC
:10650000039B980640F13C840B9B073323F0070262
:10651000536852F8084B0B921E46002BC0F238828B
:10652000059A002A07DB039B23F08003039354EAB8
:10653000060300F08C840A2C76F1000380F0F780CB
:106540003034059A9DF843308DF80F41012AB8BFC9
:1065500001220692002B00F0AF83069B0133002539
:1065600006930123CDE909530DF20F15DDE9192139
:10657000039B13F08406084694463FF45EAF002365
:106580000C9365E70B9E00238DF8433056F8043BCF
:106590000993002B00F05585532900F07284039B6A
:1065A00013F0100440F06D84059A002AC0F21385A0
:1065B00009982146FEF71AFD9DF84330099D0028F1
:1065C00000F08B86421B0A9222EAE2720692002BAE
:1065D00000F00E850132059406920B960994C5E7EA
:1065E000432903D0039BDD0640F1278408220021C4
:1065F00016A8FBF7EFF80B9A2BAD126816AB2946DD
:106600005846FFF751FD0A90013000F04F860A9B73
:1066100023EAE37306930B9B04330B9300238DF85B
:1066200043300993059300E7049DA86DFBF738FB01
:10663000B5F90C306A6E99043FF5A8AD9FE50B9B48
:1066400053F8042B0892002A80F23D83089A0B939A
:1066500052420892039B43F00403039398F80030DE
:10666000DCE5039B43F010009B0640F14E830B9B3F
:10667000073323F007031A46596852F8083B0B9278
:1066800000228DF84320059A002AC0F2118320F4DD
:106690009062039253EA010200F01E8344AD03F0BE
:1066A0000702DB0843EA4173C908303253EA0104A8
:1066B000284605F8012DF2D1039B13F0010340F0A9
:1066C0009E82059A099344AB5B1B9A42B8BF1A4657
:1066D0000A930692A9E62B238DF8433098F80030F0
:1066E0009CE503998E0600F1A48003990B9A11F0A2
:1066F000100052F8043B40F02783039911F0400149
:1067000000F0CA848DF843009BB205990026B1427F
:106710001C4606DB039921F080010391002B00F059
:106720007B850A2C76F100030B92FFF409AF039BE3
:1067300009970020CDF830B044A9DDF834B00690B8
:1067400003F48067CDF8288025E00690A319B548AA
:1067500043F10003A0FB032C2CF0030202EB9C028C
:106760009B1AE31A4FF0CC32A046B64602FB03F266
:1067700066F1000600FB0622A3FB0043B8F10A0FF6
:1067800013444FEA54047EF1000E294644EAC374D0
:106790004FEA53062ED3069BA24A01330693A31950
:1067A00043F100031046A2FB032525F0030202EB90
:1067B00095029B1AE31AA3FB003266F1000500FB69
:1067C00005225B0843EAC27303EB8303A4EB430394
:1067D000303301F8013C4D1E002FB7D006989BF8CE
:1067E00000308342B1D1FF28AFD00A2C76F10003EC
:1067F00080F0AF8405999DF84330CDF834B044AAB9
:10680000521B9142B8BF1146DDE90978DDF830B07E
:106810000A920691002B00F0EE83069B013306934B
:1068200000230993A2E6039B43F010019B0640F16D
:1068300089820B9B073323F0070200238DF8433036
:10684000059B566852F8084B0B92002BC0F2EE8263
:1068500021F08003039354EA06037FF46CAE059B9A
:10686000002B40F0DE840A930693099344ADDCE5E7
:10687000059C0B990398002247F630039442ADF82B
:1068800044308DF8432051F8043BC0F2D28220F00E
:10689000800040F002000390002B00F0E58303F03D
:1068A0000F0461481B09045D8DF80F410B9100F046
:1068B0005685022106910DF20F1503F00F011B09F9
:1068C000415C05F8011D43EA0273120953EA020113
:1068D000F3D144AB5A1B059B0A929342B8BF1346AF
:1068E000069A002A00F03985DDE91921039C02335C
:1068F00014F0840606930846944600F0E9820023CB
:106900000993B4E5039886063FF5B1AE03990B9A57
:10691000CD0652F8043B00F114850398440640F17B
:10692000C8839BB20B920021AAE603990B9A8C06AE
:1069300002F1040340F1F081126807991160C91750
:1069400051600B9342E498F800306C2B00F08F827A
:10695000039A42F01002039260E498F80030682B2A
:1069600000F07B82039A42F04002039256E4039ABD
:10697000940642F0100300F100820B9A04320B9946
:1069800003930C680B92E6173346002BBFF6C8AD95
:106990002D238DF84330059B644266EB4606002BA1
:1069A000FFF6C9AD039B23F080030393C3E558466C
:1069B000FEF712FB43680F931846FBF757FB0E9048
:1069C00004465846FEF708FB826898F800300D929E
:1069D000002C3FF423AC002A3FF420AC1278002AAC
:1069E0003FF41CAC039A42F48062039216E4039BCA
:1069F00043F00103039398F800300FE49DF843201F
:106A000098F80030002A7FF409AC20228DF843204A
:106A100004E4039B43F08003039398F80030FFF7EE
:106A2000FDBB00BFCDCCCCCCE4290020D04400205D
:106A3000404610F8011B2A2900F07784A1F13003A9
:106A4000092B98BF002200F2178410F8011B02EBFB
:106A5000820203EB4202A1F13003092BF5D942EA8D
:106A6000E27305938046FFF7DCBB089B06981C1A6F
:106A7000002C7FF70CAD102C40F3268438460C9583
:106A8000AE4F049D102604E0103C102C00F10800CD
:106A900015DD01321031072AC0E90076CDE9192150
:106AA000F2DD18AA2946584600F0ACFC00287FF415
:106AB00090AC103C102CDDE919211BA8E9DC0C9DE1
:106AC0003B46074601322144072ACDE919213B60A4
:106AD0007C6000F3A482059B0A981C1A002C07F125
:106AE00008077FF7DAAC102C40F3ED823846102609
:106AF000924F04E0103C102C00F1080016DD01322A
:106B00008E4B1031072AC0E90036CDE91921F1DD9D
:106B1000049918AA584600F075FC00287FF459AC77
:106B2000103C102CDDE919211BA8E8DC3B46074688
:106B300001322144072ACDE919213B607C6000F332
:106B4000AA800837A9E4049918AA584600F05AFC0C
:106B500000287FF43EAC1A991BAFA9E4049918AA47
:106B6000584600F04FFC00287FF433ACDDE91921D2
:106B70001BAF89E4049918AA584600F043FC00288A
:106B80007FF427ACDDE919211BAF6EE4102C199BB3
:106B900040F381833A46049E694F102504E0103C7F
:106BA000102C02F1080215DD01331031072BC2E968
:106BB0000075CDE91931F2DD18AA3146584600F0CA
:106BC00021FC00287FF405AC103C102CDDE91931C4
:106BD0001BAAE9DC3E46174601332144072BC7E9CF
:106BE0000064CDE919317FF76CAC049918AA5846B6
:106BF00000F008FC00287FF4ECAB1A9961E4302A1D
:106C000000F001823023059A05F8013C023844ABBC
:106C10001B1A9A42B8BF1A460A9306920546EFE03D
:106C200000230C93102C464E624623DD3946102378
:106C30002F46049D04E0103C102C01F1080117DDE3
:106C400001321030072AC1E90063CDE91920F2DDD5
:106C500018AA2946584600F0D5FB00287FF4B9ABA6
:106C6000103C102CDDE919201BA94FF01003E7DCC4
:106C70003D460F4601322118072ACDE919213E6011
:106C80007C6000F37A819DF843600837002E36D08F
:106C90000026FFF7DDBB049918AA584600F0B2FBA6
:106CA00000287FF496ABDDE919211BAFFFF7F5BB98
:106CB00020F480620392F1E4099301230A930DF218
:106CC0000F15FFF7B2BB0B9398F80030FFF7A6BA89
:106CD00092047FF561AAF2E2059A002A7FF4DEAC05
:106CE00010F00102069200F0428130238DF80F313E
:106CF000059B0A9209930DF20F15FFF796BB0C9BAB
:106D0000002B7FF4B4ABFFF7C2BB0B9B1A1D0B9B90
:106D10000B921B680021B3E4039AD00600F18C812A
:106D2000039A510600F19582039A920540F18481FD
:106D30000B9A07991268117003E600BFE437002030
:106D4000283000200B9B1A1D0B9B05981B68002602
:106D5000B0428DF843601C4667DB21F0800103914F
:106D6000002B7FF4DEAC0B92002840F05A820A9090
:106D70000690099044ADFFF758BB0393FFF7C4BBDF
:106D8000039B0B9AD90652F8044B3FF5F8AD039BD1
:106D90005E0640F1768144F3C0360B9224B233464E
:106DA000FFF7BBBBAD48039B9D0640F1B5800B9B35
:106DB000073323F007031A465C6852F8083B0B922E
:106DC000039A12F00102069240F08C808DF8432065
:106DD000059A002AC0F2B780039A22F490620392C7
:106DE00053EA040240F0F380059A002A00F0F6818D
:106DF00003788DF80F31012306920A930DF20F15D7
:106E0000DDE91921039B13F084060846944600F03F
:106E1000A1829DF84330002B00F0AB820023099340
:106E20000C93FFF715BB8E48BDE70B920391FFF75C
:106E300082BB40F00200039031E50B9B1B688DF88C
:106E4000AC30012306930A932BADFFF7E4BB002A75
:106E500000F0D4813024FFF774BB039B43F400732C
:106E6000039308F1010898F80030FFF7D7B9039BA6
:106E700043F02003039308F1010898F80030FFF76E
:106E8000CDB9099B13930822002116A8FAF7A2FC9A
:106E9000059B002BC0F219810024069725461F464A
:106EA0000EE02BA95846FFF7FFF8411C284400F0DC
:106EB000FD81B84209DC04F1040400F008820546B3
:106EC000139A125916AB002AEBD1069F05950AE1D9
:106ED000089C069B0996E41A002C7FF7C8AA022397
:106EE0000C939FE653EA04025ED100238DF84330F1
:106EF000059B002BC0F22181039B23F49063039335
:106F000000F0878103788DF80F31069B0A93059B6B
:106F100006930DF20F1573E70B9A52F8043B0B9290
:106F2000039AD40608D4520602D59BB2002447E740
:106F3000039A960500F18181002441E742F00202A4
:106F4000039202220692039A22F48062039203F0D3
:106F50000F02825C8DF80F211B0943EA047322099A
:106F600053EA14147FF4A7AC0DF20F15B1E4059B9E
:106F700044ADCDE90933FFF758BA049918AA584629
:106F800000F040FA064600287FF423AA9DF843301B
:106F9000DDE91921002B40F089800C9B1BAF002BF1
:106FA0007FF465AAFFF773BA30228DF844200022DF
:106FB0008DF84320059A8DF84510002A039ABDDB11
:106FC00022F4906242F0020203920222069203F03F
:106FD0000F02825CBEE7099D2846FBF747F89DF843
:106FE00043300A9020EAE0720692002B7FF4F2AA66
:106FF000099D05930B960993FFF717BA5846FAF7C0
:1070000015FAFFF7B2B8059A44AB5B1B9A42B8BFBA
:107010001A460A93002306920993FFF706BA0499C9
:1070200018AA584600F0EEF900287FF4D2A9DDE94D
:1070300019211BAFFFF72BBA0B9A07991268116041
:107040007FE4059B074D0B96062B28BF062306936E
:107050000A93099B0593FFF7E8B900BFF8290020C0
:10706000E42900200C2A00200B91002C00F0DC8089
:10707000302301228DF80F310DF20F1523460A92AD
:1070800032E4039B0B929D054ABF44F3C016E617FA
:1070900064B23346FFF741BA039810F4007600F06B
:1070A000CF808DF84310DBB2FFF72FBB1BAFFFF78C
:1070B000CFB9039810F4007100F0BB80DBB20B92E3
:1070C0000021FFF7DDBAAC4B32E516AB009300238D
:1070D00013AA19465846FFF70FF80590013000F043
:1070E000E580099B1393059B002B7CD0632B00F359
:1070F000B680002309932BAD0822002116A8FAF7C9
:1071000069FB059C16AB009313AA234629465846F3
:10711000FEF7F2FF844240F01681059900236B547C
:1071200021EAE17206929DF84320002A40F0B580E2
:10713000CDE90A160592FFF778B903788DF80F317B
:10714000039B23F480630393069B0A930DF20F15B0
:1071500056E60E9A0F99AD1A2846FAF75FFC9BF88F
:1071600001300BB10BF1010B844AA31943F1000369
:10717000A2FB030C2CF0030000EB9C001B1AE31A8B
:107180004FF0CC3166F1000603FB01F102FB061162
:10719000A3FB023001445B0843EAC1744E08A31903
:1071A00043F10003A2FB031020F0030101EB900167
:1071B0005B1AE31AA3FB023166F1000002FB001226
:1071C0005B0843EAC27303EB8303A4EB430330334E
:1071D00005F8013C0120013DFFF701BB059B0A9327
:1071E00044A805460CE69DF84330099D0B96003BEC
:1071F00018BF01230693059B0A9301E69DF84330CF
:107200003BB1059BCDE90933012344AD0693FFF75C
:10721000ADB9059BFFF727BB059B0B92002B3FF4F5
:1072200022AB0024FFF78CB9059B0A9344ADFFF70E
:107230005BBB03980B92FFF723BADBB20024BFE5D8
:1072400005998DF8436000291C46BFF663AAFFF735
:1072500068BA0B9A079912681180FFF772BB591C24
:107260005846F9F711FA054600B3099044E7886DCE
:10727000FAF718FDFFF76BB8002380460593FEF779
:10728000D0BF049918AA584600F0BCF800283FF473
:107290008AA8FFF7A4B83A4E9EE4059A0A92069A85
:1072A0000B96013206920593FFF760B90498B0F986
:1072B0000C30426E43F04001D207818109D54FF076
:1072C000FF330793FFF795B82B4BFFF7FBBB069FE8
:1072D00009E79905F3D4FFF70CB99BB1059B0B9611
:1072E0005A1C06920A9305900990FFF73FB9D707F9
:1072F000E5D4049B9B899E05E1D4049B986DFAF725
:10730000D1FCDCE7059A0993CDE905320B960A9288
:10731000FFF78BB8049A536ED807D0D49389990598
:10732000CDD4906DFAF7BEFCC9E70B9A98F80130FE
:1073300052F8041B0B9241EAE17180460591FEF779
:107340006DBF0846E3E4049A938943F040039381B8
:10735000FFF73FB80996FFF770B8069350E5059B15
:107360000122012BB8BF01230DF20F150A92FFF77E
:10737000BBBA0993FFF788B8E4370020CDCCCCCC5A
:1073800028300020F0B50D46ADF2744D16468989BF
:107390006A6E1B92EA89ADF8162021F00201EA69B3
:1073A000ADF8141009921CA96A6A02910746069169
:1073B0000B924FF48061002218A801930491079169
:1073C0000892FAF769FC3246019B02A93846FEF79B
:1073D000B5FE061E07DB02A93846FDF7C5FD0028ED
:1073E00018BF4FF0FF36BDF814305B0603D5AB89EC
:1073F00043F04003AB811898FAF750FC30460DF289
:10740000744DF0BD936810B514461BB9184600239F
:10741000636010BD00F068F80023A3600023636080
:1074200010BD00BF2DE9F0438E681D46AE420B68CB
:1074300083B00C4690463AD8B1F90CC01CF4906F5A
:107440000FD13546184641462A46FAF731F9A36866
:107450009E1B2368A6602B440020236003B0BDE878
:10746000F0834A69096902EB42025E1A02EBD272AA
:107470006B1C52103344934294BF17461F469342ED
:1074800088BF1A461CF4806F814612D01146F9F766
:10749000FBF8F0B1324621690190F1F765F9A28954
:1074A000019B22F4906242F08002A28105E02E4608
:1074B000C8E7F9F7D5FB034638B123613344BE1B57
:1074C000A660676123602E46BCE721694846FAF74B
:1074D000DDFEA3890C2243F04003C9F800204FF0E1
:1074E000FF30A381BAE700BF9368002B00F0B7809C
:1074F0002DE9F04FB1F90CC01CF0080F83B00C4619
:10750000804617462DD00B695BB31CF002033E6822
:1075100033D04FF0000ADFF8C4B25546B9465D4596
:107520002B46524628BF5B464046B5B1E169676AC3
:10753000B847002840F38B80D9F808301B1A8244E2
:10754000C9F80830002B79D02D1A5D452B465246DC
:1075500028BF5B464046002DE8D1D6E900A5083695
:10756000DDE72146404600F03BF9002874D1B4F92C
:107570000CC03E681CF00203CBD11CF0010A70D194
:10758000236800975546002D54D01CF4007FD4F892
:107590000890184600F0AB80A945CB4600F2E48085
:1075A0001CF4906F34D021696269A3EB010902EBEE
:1075B000420202EBD27209F1010352102B449342B2
:1075C00094BF93469B46934288BF1A461CF4806F33
:1075D00000F0E98011464046F9F756F8002800F01F
:1075E000F7804A4621690190F1F7BEF8A289019B14
:1075F00022F4906242F08002A28103EB0900236131
:10760000ABEB0903C4F814B0A3602060A946AB46F5
:1076100051465A46FAF74CF8A2682368A2EB0902D1
:10762000A260009A91685B44491B2360916029B174
:10763000B4F90CC0D6E900A50836A4E7002003B0D1
:10764000BDE8F08F21464046FDF78EFC68B3B4F9E3
:107650000C3043F04003A3814FF0FF30EFE70020F0
:1076600070471D469A461846B946009365B30028F0
:1076700031D05246D4E904132068AA4228BF2A46D2
:10768000884204D9A16803EB010B5A457CDC934284
:107690006DDCE169009A676A4046B847B0F1000BBB
:1076A000D5DDBAEB0B0ACDD00120D9F80830A3EB19
:1076B0000B03C9F80830002BC0D0009BA5EB0B05CD
:1076C0005B440093002DD2D1756833460836002DF7
:1076D000FAD01B680093009F2A460A213846FDF71E
:1076E00085FC002871D00130A0EB070AC1E72269B0
:1076F0009A4221D36269AA421ED86FF00043AB427E
:1077000028BF2B46E16993FBF2F3676A02FB03F3A0
:1077100040465246B847B0F1000998DD009A936898
:10772000A3EB0903A5EB09059360002B86D0B4F900
:107730000CC02368CA4426E7A94528BFA9461846B5
:107740004A465146F9F7B4FFA2682368A2EB090242
:107750004B44A2602360002AE0D121464046FDF759
:1077600003FC0028DAD072E7A946AB4650E700993F
:107770000192F9F79DFF019AA3689B1AA360236801
:107780001344236093468CE700995A46F9F790FF1B
:1077900023685B44236021464046FDF7E5FB002853
:1077A0003FF47FAF53E74046F9F75AFA0346002803
:1077B0007FF423AF21694046FAF768FDA3890C22C4
:1077C000C8F8002023F0800343E76A1C924651E783
:1077D0000C22B4F90C30C8F800203AE700FCFF7F17
:1077E00010B5354B0446186882B00B4610B1426B99
:1077F000002A53D0B3F90C20110711D51869C8B16C
:10780000B3F90C2012F0010126D059694FF0000C99
:107810004942C3F808C0996120B3002002B010BDEE
:10782000D00640D5510723D4186942F008029A8146
:107830000028E5D19A8902F42072B2F5007FDFD0EA
:1078400019462046019300F0C9F8019BB3F90C20BA
:10785000186912F00101D8D1940758BF596999608D
:107860000028DAD11106D9D542F040029A811FE0F2
:10787000196B61B103F14000814206D020460193AB
:10788000FAF704FD019BB3F90C2000211963186974
:107890000021C3E9000122F02402C6E70191F9F7B3
:1078A000C5FD019BA6E7092142F0400221609A81B3
:1078B0004FF0FF30B2E700BF384700202DE9F04F0E
:1078C0008BB0DDE91589149F02901C46B8F1000FBA
:1078D00057D0166801960029C34608BF4FF0FF37FE
:1078E000002588460391924606E0019B53F8040B5D
:1078F0000193002837D06546AF423ED9002C3CD0DA
:10790000DBF800300493DBF804300593019B029808
:107910001A68D9F8C8615B4606A9B047431C33D042
:1079200000EB050CBC453AD8039B013C002BDCD096
:1079300000280DDD08F1FF32019E06A900EB020EC2
:1079400011F8013B02F8013F7245F9D101968044DC
:10795000019BDAF8002053F8040B01930432CAF8B3
:1079600000200028C7D10399D84609B1CAF8000001
:107970000022C8F800200CF1FF3528460BB0BDE806
:10798000F08F00F58678A4E7029B05468A21002245
:1079900028461960CBF800200BB0BDE8F08FD84620
:1079A000DDF810A0DDF814B02846C8E900AB0BB034
:1079B000BDE8F08F00B585B0DFF81CC006980090D8
:1079C0000798019003480068CDF808C0FFF776FFDC
:1079D00005B000BD38470020D0440020B1F90C208C
:1079E000930706D501F143030122C1E904320B607C
:1079F000704730B50B46B1F90E10002999B0044616
:107A000032DB02AA009300F05BF80028009B29DB20
:107A10004FF4806120460093039DF8F735FE009BEC
:107A2000B3F90C20002839D005F4704142F08002EF
:107A300018601861B1F5005F4FF480609A81586159
:107A40003AD1B3F90E100093204600F04DF8009B98
:107A5000B3F90C2080B322F0030242F001024FF48C
:107A6000006117E0B3F90C20019312F0800F0CBFF6
:107A70004FF48061402120460091F8F705FE019BFC
:107A80000099B3F90C2048B1C3E9040142F0800227
:107A9000186000210A439A8119B030BD9105FBD4CA
:107AA00022F0030203F1430142F002020120C3E984
:107AB00004109A811960EFE74FF40061EAE700BF14
:107AC00038B5084C00230546084611462360F1F7F7
:107AD00083F9431C00D038BD2368002BFBD02B60FA
:107AE00038BD00BFF0AD002038B5074C0023054677
:107AF00008462360F1F776F9431C00D038BD2368AF
:107B0000002BFBD02B6038BDF0AD00205FF800F0FB
:107B1000552900605FF800F0151600605FF800F06E
:107B2000CD2900605FF800F0CD1E00605FF800F026
:107B3000E52700605FF800F0ED2200605FF800F0DC
:0C7B4000851D00605FF800F0D921006096
:047B4C00F8B500BFC9
:107B500008B10181B0B0008400000000C942FF7F7D
:107B60008408B101B0B0B000FF100D010402060896
:107B7000010100000000000008B10181B0B00084E4
:107B80000000000008B10181B0B0008400000000D6
:107B90009542FF7FB0A80100FFFF010008B10181FD
:107BA000B0B00084000000007D42FF7FB0AF16003F
:107BB000FF1019011122D6050000B60604F00801D5
:107BC000F406880200000100000000005942FF7F17
:107BD000B0AF0200FF1019010F320A3C01840136D8
:107BE000C00100C801040000010000000000000006
:107BF00008B10181B0B000840000000008B101812B
:107C0000B0B0008400000000A838FF7F0100000031
:107C1000E438FF7F3CFFFF7FFC38FF7F010000005E
:107C2000483BFF7F38FFFF7F503BFF7F0100000094
:107C30005C3BFF7F44FFFF7F5C3BFF7F48FFFF7F94
:107C4000683BFF7F01000000803BFF7F00840280D3
:107C5000C43BFF7F01000000003CFF7FB0B0AA8062
:107C60002C3CFF7FB0B0A880943CFF7F0100000057
:107C70007C3DFF7FB0B0AC80A03DFF7F01000000E5
:107C8000CC3DFF7FB0AA0380F83DFF7F01000000DC
:107C9000BC3EFF7FFCFEFF7F3C3FFF7F01000000FA
:107CA000D03FFF7FB0B0AA808C40FF7FF0FEFF7F07
:107CB000CC40FF7FB0A902806C41FF7FECFEFF7FCC
:107CC000E845FF7F01000000EC45FF7FB0AB02807C
:107CD0009446FF7F01000000B847FF7FF0FEFF7F62
:107CE0008848FF7F010000000079FF7FB0A8038073
:107CF0009479FF7FB0B0A880E479FF7F0100000095
:107D0000EC79FF7FB0B0AA80207AFF7FAF76B28097
:107D1000EC7AFF7FAB3F3A80547BFF7F010000008D
:107D20005C7BFF7FB0B0AA80987BFF7F01000000E2
:107D3000507CFF7FAC0FB280D47CFF7FB0AF088057
:107D4000607FFF7F01000000707FFF7FAC3F0380FA
:107D50006482FF7F010000002C84FF7F0084048088
:107D60003C84FF7F010000003884FF7FB0AC0580B9
:107D70003887FF7F008404806087FF7F74FEFF7F69
:107D80006487FF7F78FEFF7F7087FF7F0100000020
:107D900000000000000000000000000000000000E3
:107DA00000000000000000000000000000000000D3
:107DB00000000000000000000000000000000000C3
:107DC00000000000000000000000000000000000B3
:107DD00000000000000000000000000000000000A3
:107DE0000000000000000000000000000000000093
:107DF0000000000000000000000000000000000083
:107E00000000000000000000000000000000000072
:107E10000000000000000000000000000000000062
:107E20000000000000000000000000000000000052
:107E30000000000000000000000000000000000042
:107E40000000000000000000000000000000000032
:107E50000000000000000000000000000000000022
:107E60000000000000000000000000000000000012
:107E70000000000000000000000000000000000002
:107E800000000000000000000000000000000000F2
:107E900000000000000000000000000000000000E2
:107EA00000000000000000000000000000000000D2
:107EB00000000000000000000000000000000000C2
:107EC00000000000000000000000000000000000B2
:107ED00000000000000000000000000000000000A2
:107EE0000000000000000000000000000000000092
:107EF0000000000000000000000000000000000082
:107F00000000000000000000000000000000000071
:107F10000000000000000000000000000000000061
:107F20000000000000000000000000000000000051
:107F30000000000000000000000000000000000041
:107F40000000000000000000000000000000000031
:107F50000000000000000000000000000000000021
:107F60000000000000000000000000000000000011
:107F70000000000000000000000000000000000001
:107F800000000000000000000000000000000000F1
:107F900000000000000000000000000000000000E1
:107FA00000000000000000000000000000000000D1
:107FB00000000000000000000000000000000000C1
:107FC00000000000000000000000000000000000B1
:107FD00000000000000000000000000000000000A1
:107FE0000000000000000000000000000000000091
:107FF0000000000000000000000000000000000081
:108000000000000000000000000000000000000070
:108010000000000000000000000000000000000060
:108020000000000000000000000000000000000050
:108030000000000000000000000000000000000040
:108040000000000000000000000000000000000030
:108050000000000000000000000000000000000020
:108060000000000000000000000000000000000010
:108070000000000000000000000000000000000000
:1080800000000000000000000000000000000000F0
:1080900000000000000000000000000000000000E0
:1080A00000000000000000000000000000000000D0
:1080B00000000000000000000000000000000000C0
:1080C00000000000000000000000000000000000B0
:1080D00000000000000000000000000000000000A0
:1080E0000000000000000000000000000000000090
:1080F0000000000000000000000000000000000080
:10810000000000000000000000000000000000006F
:10811000000000000000000000000000000000005F
:10812000000000000000000000000000000000004F
:10813000000000000000000000000000000000003F
:10814000000000000000000000000000000000002F
:10815000000000000000000000000000000000001F
:10816000000000000000000000000000000000000F
:1081700000000000000000000000000000000000FF
:1081800000000000000000000000000000000000EF
:1081900000000000000000000000000000000000DF
:1081A00000000000000000000000000000000000CF
:1081B00000000000000000000000000000000000BF
:1081C00000000000000000000000000000000000AF
:1081D000000000000000000000000000000000009F
:1081E000000000000000000000000000000000008F
:1081F000000000000000000000000000000000007F
:10820000000000000000000000000000000000006E
:1082100000000040FB21F93F000000002D44743EA7
:10822000000000809846F83C0000006051CC783B8C
:1082300000000080831BF0390000004020257A38C0
:10824000000000802282E336000000001DF3693543
:10825000FE822B6547156740000000000000384390
:108260000000FAFE422E76BF3A3B9EBC9AF70CBD48
:10827000BDFDFFFFFFFFDF3F3C5455555555C53F42
:10828000912B17CF5555A53F17D0A4671111813FEA
:10829000000000000000C842EF39FAFE422EE63F1F
:1082A00024C482FFBDBFCE3FB5F40CD7086BAC3FF2
:1082B000CC5046D2ABB2833F843A4E9BE0D7553F79
:1082C0000000000000000000000000000000F03F7F
:1082D0006EBF881A4F3B9B3C3533FBA93DF6EF3F01
:1082E0005DDCD89C136071BC6180773E9AECEF3FF7
:1082F000D16687107A5E90BC857F6EE815E3EF3F0C
:1083000013F6673552D28C3C748515D3B0D9EF3F44
:10831000FA8EF92380CE8BBCDEF6DD296BD0EF3FE1
:1083200061C8E6614EF7603CC89B751845C7EF3FD2
:1083300099D3335BE4A3903C83F3C6CA3EBEEF3FC0
:108340006D7B835DA69A973C0F89F96C58B5EF3F1A
:10835000FCEFFD921AB58E3CF747722B92ACEF3FC3
:10836000D19C2F703DBE3E3CA2D1D332ECA3EF3F57
:108370000B6E908934036ABC1BD3FEAF669BEF3F44
:108380000EBD2F2A525695BC515B12D00193EF3F80
:1083900055EA4E8CEF8050BCCC316CC0BD8AEF3FAB
:1083A00016F4D5B923C991BCE02DA9AE9A82EF3F4E
:1083B000AF555CE9E3D3803C518EA5C8987AEF3F76
:1083C0004893A5EA151B80BC7B517D3CB872EF3FFA
:1083D0003D32DE55F01F8FBCEA8D8C38F96AEF3FD5
:1083E000BF53133F8C898B3C75CB6FEB5B63EF3FC7
:1083F00026EB11769CD996BCD45C0484E05BEF3FFD
:10840000602F3A3EF7EC9A3CAAB968318754EF3FA7
:108410009D3886CB82E78FBC1DD9FC22504DEF3FA3
:108420008DC3A644416F8A3CD68C62883B46EF3FA1
:108430007D04E4B0057A803C96DC7D91493FEF3FB6
:1084400094A8A8E3FD8E963C3862756E7A38EF3FAB
:108450007D4874F2185E873C3FA6B24FCE31EF3FA5
:10846000F2E71F982B47803CDD7CE265452BEF3F10
:108470005E08713F7BB896BC8163F5E1DF24EF3F76
:1084800031AB096DE1F7823CE1DE1FF59D1EEF3F48
:10849000FABF6F1A9B213DBC90D9DAD07F18EF3F0D
:1084A000B40A0C7282378B3C0B03E4A68512EF3FB3
:1084B0008FCBCE8992146E3C562F3EA9AF0CEF3F66
:1084C000B6ABB04D754D833C15B7310AFE06EF3F94
:1084D0004C74ACE20142863C31D84CFC7001EF3F59
:1084E0004AF8D35D39DD8F3CFF1664B208FCEE3FDD
:1084F000045B8E3B80A386BCF19F925FC5F6EE3F86
:1085000068504BCCED4A92BCCBA93A37A7F1EE3F6D
:108510008E2D511BF80799BC66D8056DAEECEE3F69
:10852000D236943EE8D171BCF79FE534DBE7EE3FED
:10853000151BCEB3191999BCE5A813C32DE3EE3F63
:108540006D4C2AA7489F853C2234124CA6DEEE3F94
:108550008A69287A601293BC1C80AC0445DAEE3F2D
:108560005B8917488FA758BC2A2EF7210AD6EE3F01
:108570001B9A49679B2C7CBC97A850D9F5D1EE3F3C
:1085800011ACC260ED63433C2D89616008CEEE3FC3
:10859000EF64063B0966963C57001DED41CAEE3F6D
:1085A0007903A1DAE1CC6E3CD03CC1B5A2C6EE3F66
:1085B00030120F3F8EFF933CDED3D7F02AC3EE3F3D
:1085C000B0AF7ABBCE90763C272A36D5DABFEE3FE5
:1085D00077E054EBBD1D933C0DDDFD99B2BCEE3F41
:1085E0008EA3710034948FBCA72C9D76B2B9EE3F58
:1085F00049A393DCCCDE87BC4266CFA2DAB6EE3F5D
:108600005F380FBDC6DE78BC824F9D562BB4EE3F5F
:10861000F65C7BEC461286BC0F925DCAA4B1EE3FBD
:108620008ED7FD180535933CDA27B53647AFEE3FB8
:10863000059B8A2FB7987B3CFDC797D412ADEE3FC0
:1086400009541CE2E163903C295448DD07ABEE3F3E
:10865000EAC6195085C7343CB746598A26A9EE3F69
:1086600035C0642BE632943C4821AD156FA7EE3F30
:108670009F7699614AE48CBC09DC76B9E1A5EE3FAE
:10868000A84DEF3BC5338CBC85553AB07EA4EE3F78
:10869000AEE92B89785384BC20C3CC3446A3EE3F8B
:1086A00058585678DDCE93BC2522558238A2EE3F2D
:1086B00064197E80AA10573C73A94CD455A1EE3F93
:1086C00028225EBFEFB393BCCD3B7F669EA0EE3FFA
:1086D00082B93487AD126ABCBFDA0B7512A0EE3FC7
:1086E000EEA96DB8EF6763BC2F1A653CB29FEE3FF1
:1086F0005188E0543DDC80BC849451F97D9FEE3F6D
:10870000CF3E5A7E641F78BC745FECE8759FEE3FE5
:10871000B07D8BC04AEE86BC7481A5489A9FEE3F1F
:108720008AE6551E321986BCC9674256EB9FEE3F5A
:10873000D3D4095ECB9C903C3F5DDE4F69A0EE3FF9
:108740001DA54DB9DC327BBC8701EB7314A1EE3F54
:108750006BC06754FDEC943C32C13001EDA1EE3F9B
:10876000556CD6ABE1EB653C624ECF36F3A2EE3FE3
:1087700042CFB32FC5A188BC121A3E5427A4EE3FA6
:1087800034373BF1B66993BC13CE4C9989A5EE3FC3
:108790001EFF193A845E80BCADC723461AA7EE3F80
:1087A0006E5772D850D494BCED92449BD9A8EE3F3A
:1087B000008A0E5B67AD903C99668AD9C7AAEE3FE6
:1087C000B4EAF0C12FB78D3CDBA02A42E5ACEE3F06
:1087D000FFE7C59C60B665BC8C44B51632AFEE3F72
:1087E000445FF35983F67B3C36771599AEB1EE3F83
:1087F000833D1EA71F0993BCC6FF910B5BB4EE3FE0
:10880000291E6C8BB8A95DBCE5C5CDB037B7EE3F6E
:1088100059B9907CF9236CBC0F52C8CB44BAEE3FD7
:10882000AAF9F422434392BC504EDE9F82BDEE3F34
:108830004B8E66D76CCA85BCBA07CA70F1C0EE3FD2
:1088400027CE912BFCAF713C90F0A38291C4EE3FF8
:10885000BB730AE135D26D3C2323E31963C8EE3FB5
:108860006322622204C587BC65E55D7B66CCEE3F72
:10887000D531E2E3861C8B3C332D4AEC9BD0EE3F96
:1088800015BBBCD3D1BB91BC5D253EB203D5EE3F39
:10889000D231EE9C31CC903C58B330139ED9EE3F90
:1088A000B35A736E8469843CBFFD79556BDEEE3F2D
:1088B000B49D8E97CDDF82BC7AF3D3BF6BE3EE3FDE
:1088C0008733CB92771A8C3CADD35A999FE8EE3F11
:1088D000FAD9D14A8F7B90BC66B68D2907EEEE3F60
:1088E000BAAEDC56D9C355BCFB154FB8A2F3EE3F68
:1088F00040F6A63D0EA490BC3A59E58D72F9EE3FC4
:108900003493AD38F4D668BC475EFBF276FFEE3F99
:10891000358A586BE2EE91BC4A06A130B005EF3FB4
:10892000CDDD5F0AD7FF743CD2C14B901E0CEF3FE8
:10893000AC9892FAFBBD91BC091ED75BC212EF3F07
:10894000B30CAF30AE6E733C9C5285DD9B19EF3F8C
:1089500094FD9F5C32E38E3C7AD0FF5FAB20EF3F0B
:10896000AC5909D18FE0843C4BD1572EF127EF3F12
:10897000671A4E38AFCD633CB5E706946D2FEF3FD5
:108980006819926C2C6B673C6990EFDC2037EF3FE5
:10899000D2B5CC83188A80BCFAC35D550B3FEF3F3C
:1089A0006FFAFF3F5DAD8FBC7C89074A2D47EF3FD3
:1089B00049A97538AE0D90BCF2890D08874FEF3F7D
:1089C000A7073DA685A3743C87A4FBDC1858EF3F9E
:1089D0000F2240209E9182BC9883C916E360EF3F2E
:1089E000AC92C1D5505A8E3C8532DB03E669EF3F2D
:1089F0004B6B01AC593A843C60B401F32173EF3FF7
:108A00001F3EB40721D582BC5F9B7B33977CEF3F31
:108A1000C90D473BB92A89BC29A1F5144686EF3F09
:108A2000D3883A6004B6743CF63F8BE72E90EF3F54
:108A300071729D51ECC5833C834CC7FB519AEF3F4B
:108A4000F091D38F12F78FBCDA90A4A2AFA4EF3FBE
:108A50007D7423E298AE8DBCF1678E2D48AFEF3F59
:108A60000820AA41BCC38E3C275A61EE1BBAEF3FD7
:108A700032EBA9C3942B843C97BA6B372BC5EF3FDD
:108A8000EE85D131A9648A3C40456E5B76D0EF3FDC
:108A9000EDE33BE4BA378EBC14BE9CADFDDBEF3F8B
:108AA0009DCD914D3B89773CD8909E81C1E7EF3FAA
:108AB00089CC6041C105533CF1718F2BC2F3EF3F6C
:108AC0000080E03779C34143176E05B5B5B89346CA
:108AD000F5F93FE9034F384D321D30F94877825A96
:108AE0003CBF737FDD4F1575000000000000F03FB4
:108AF0000000000000002440000000000000594079
:108B00000000000000408F40000000000088C340CB
:108B100000000000006AF8400000000080842E4140
:108B200000000000D01263410000000084D797418C
:108B30000000000065CDCD41000000205FA0024292
:108B4000000000E876483742000000A2941A6D4207
:108B5000000040E59C30A2420000901EC4BCD642FA
:108B600000003426F56B0C430080E03779C34143A5
:108B700000A0D8855734764300C84E676DC1AB431B
:108B8000003D9160E458E143408CB5781DAF154439
:108B900050EFE2D6E41A4B4492D54D06CFF0804414
:108BA000F64AE1C7022DB544B49DD9794378EA4429
:108BB0000038FAFE422EE63F3067C79357F32E3D4A
:108BC000000000000000E0BF605555555555E5BF59
:108BD000060000000000E03F4E5559999999E93F81
:108BE0007AA429555555E5BFE945489B5B49F2BF35
:108BF000C33F268B2B00F03F0000000000A0F63F93
:108C0000000000000000000000C8B9F2822CD6BFAE
:108C10008056372824B4FA3C000000000080F63F5C
:108C20000000000000000000000858BFBDD1D5BF03
:108C300020F7E0D808A51CBD000000000060F63F4A
:108C40000000000000000000005845177776D5BFEF
:108C50006D50B6D5A46223BD000000000040F63F71
:108C6000000000000000000000F82D87AD1AD5BFFD
:108C7000D567B09EE484E6BC000000000020F63F0B
:108C80000000000000000000007877955FBED4BFB0
:108C9000E03E2993691B04BD000000000000F63F80
:108CA000000000000000000000601CC28B61D4BF07
:108CB000CC844C482FD8133D0000000000E0F53F65
:108CC000000000000000000000A886863004D4BF29
:108CD0003A0B82EDF342DC3C0000000000C0F53F9F
:108CE0000000000000000000004869554CA6D3BFFA
:108CF00060945186C6B1203D0000000000A0F53F01
:108D000000000000000000000080989ADD47D3BFFB
:108D10009280C5D44D59253D000000000080F53FEC
:108D200000000000000000000020E1BAE2E8D2BF2D
:108D3000D82BB7991E7B263D000000000060F53F50
:108D400000000000000000000088DE135A89D2BF36
:108D50003FB0CFB614CA153D000000000060F53FDB
:108D600000000000000000000088DE135A89D2BF16
:108D70003FB0CFB614CA153D000000000040F53FDB
:108D800000000000000000000078CFFB4129D2BFA6
:108D900076DA5328245A16BD000000000020F53F63
:108DA0000000000000000000009869C198C8D1BF11
:108DB0000454E768BCAF1FBD000000000000F53F91
:108DC000000000000000000000A8ABAB5C67D1BF52
:108DD000F0A88233C61F1F3D0000000000E0F43FF2
:108DE00000000000000000000048AEF98B05D1BF74
:108DF000665A05FDC4A826BD0000000000C0F43F6F
:108E00000000000000000000009073E224A3D0BF27
:108E10000E03F47EEE6B0CBD0000000000A0F43FDA
:108E2000000000000000000000D0B4942540D0BF36
:108E30007F2DF49EB836F0BC0000000000A0F43F87
:108E4000000000000000000000D0B4942540D0BF16
:108E50007F2DF49EB836F0BC000000000080F43F87
:108E6000000000000000000000405E6D18B9CFBF98
:108E7000873C99AB2A570D3D000000000060F43F8D
:108E800000000000000000000060DCCBADF0CEBFB1
:108E900024AF869CB7262B3D000000000040F43F25
:108EA000000000000000000000F02A6E0727CEBF7F
:108EB00010FF3F544F2F17BD000000000020F43F6B
:108EC000000000000000000000C04F6B215CCDBF1F
:108ED0001B68CABB91BA213D000000000000F43FAE
:108EE000000000000000000000A09AC7F78FCCBF70
:108EF00034849F684F79273D000000000000F43F54
:108F0000000000000000000000A09AC7F78FCCBF4F
:108F100034849F684F79273D0000000000E0F33F54
:108F2000000000000000000000902D7486C2CBBF3E
:108F30008FB78B31B04E193D0000000000C0F33FE9
:108F4000000000000000000000C0804EC9F3CABF4E
:108F50006690CD3F634EBA3C0000000000A0F33F96
:108F6000000000000000000000B0E21FBC23CABFE8
:108F7000EAC146DC648C25BD0000000000A0F33F80
:108F8000000000000000000000B0E21FBC23CABFC8
:108F9000EAC146DC648C25BD000000000080F33F80
:108FA00000000000000000000050F49C5A52C9BFAD
:108FB000E3D4C104D9D12ABD000000000060F33F12
:108FC000000000000000000000D02065A07FC8BFA6
:108FD00009FADB7FBFBD2B3D000000000040F33FDE
:108FE000000000000000000000E0100289ABC7BFD5
:108FF000584A537290DB2B3D000000000040F33FC5
:10900000000000000000000000E0100289ABC7BFB4
:10901000584A537290DB2B3D000000000020F33FC4
:10902000000000000000000000D019E70FD6C6BF06
:1090300066E2B2A36AE410BD000000000000F33F46
:1090400000000000000000000090A77030FFC5BFC6
:109050003950109F439E1EBD000000000000F33FEA
:1090600000000000000000000090A77030FFC5BFA6
:109070003950109F439E1EBD0000000000E0F23FEB
:10908000000000000000000000B0A1E3E526C5BF1D
:109090008F5B07908BDE20BD0000000000C0F23F18
:1090A00000000000000000000080CB6C2B4DC4BF0E
:1090B0003C783561C10C173D0000000000C0F23F54
:1090C00000000000000000000080CB6C2B4DC4BFEE
:1090D0003C783561C10C173D0000000000A0F23F54
:1090E000000000000000000000901E20FC71C3BFC3
:1090F0003A54274D8678F13C000000000080F23F92
:10910000000000000000000000F01FF85295C2BFF0
:1091100008C47117308D24BD000000000060F23FCC
:10912000000000000000000000602FD52AB7C1BF7A
:1091300096A31118A4802EBD000000000060F23F2D
:10914000000000000000000000602FD52AB7C1BF5A
:1091500096A31118A4802EBD000000000040F23F2D
:1091600000000000000000000090D07C7ED7C0BF4F
:10917000F45BE88896690A3D000000000040F23F79
:1091800000000000000000000090D07C7ED7C0BF2F
:10919000F45BE88896690A3D000000000020F23F79
:1091A000000000000000000000E0DB3191ECBFBFD8
:1091B000F233A35C547525BD000000000000F23FAF
:1091C000000000000000000000002B6E0727BEBF5B
:1091D0003C00F02A2C342A3D000000000000F23F41
:1091E000000000000000000000002B6E0727BEBF3B
:1091F0003C00F02A2C342A3D0000000000E0F13F42
:10920000000000000000000000C05B8F545EBCBF87
:1092100006BE5F58570C1DBD0000000000C0F13FA6
:10922000000000000000000000E04A3A6D92BABF62
:10923000C8AA5BE83539253D0000000000C0F13FB9
:10924000000000000000000000E04A3A6D92BABF42
:10925000C8AA5BE83539253D0000000000A0F13FB9
:10926000000000000000000000A031D645C3B8BFD8
:1092700068562F4D297C133D0000000000A0F13FEF
:10928000000000000000000000A031D645C3B8BFB8
:1092900068562F4D297C133D000000000080F13FEF
:1092A00000000000000000000060E58AD2F0B6BFB8
:1092B000DA7333C9379726BD000000000060F13F24
:1092C00000000000000000000020063F071BB5BFA3
:1092D000575EC6615B021F3D000000000060F13F69
:1092E00000000000000000000020063F071BB5BF83
:1092F000575EC6615B021F3D000000000040F13F69
:10930000000000000000000000E01B96D741B3BF42
:10931000DF13F9CCDA5E2C3D000000000040F13F85
:10932000000000000000000000E01B96D741B3BF22
:10933000DF13F9CCDA5E2C3D000000000020F13F85
:1093400000000000000000000080A3EE3665B1BF01
:1093500009A38F765E7C143D000000000000F13F01
:109360000000000000000000008011C0300AAFBF04
:10937000918E36839E592D3D000000000000F13F84
:109380000000000000000000008011C0300AAFBFE4
:10939000918E36839E592D3D0000000000E0F03F85
:1093A000000000000000000000801971DD42ABBF2A
:1093B0004C70D6E57A821C3D0000000000E0F03FD2
:1093C000000000000000000000801971DD42ABBF0A
:1093D0004C70D6E57A821C3D0000000000C0F03FD2
:1093E000000000000000000000C032F65874A7BF63
:1093F000EEA1F23446FC2CBD0000000000C0F03F9E
:10940000000000000000000000C032F65874A7BF42
:10941000EEA1F23446FC2CBD0000000000A0F03F9D
:10942000000000000000000000C0FEB9879EA3BF3E
:10943000AAFE26F5B702F53C0000000000A0F03FB0
:10944000000000000000000000C0FEB9879EA3BF1E
:10945000AAFE26F5B702F53C000000000080F03FB0
:1094600000000000000000000000780E9B829FBFFB
:10947000E4097E7C268029BD000000000080F03FCA
:1094800000000000000000000000780E9B829FBFDB
:10949000E4097E7C268029BD000000000060F03FCA
:1094A00000000000000000000080D5071BB997BF36
:1094B00039A6FA93548D28BD000000000040F03F0B
:1094C00000000000000000000000FCB0A8C08FBF3A
:1094D0009CA6D3F67C1EDFBC000000000040F03FDD
:1094E00000000000000000000000FCB0A8C08FBF1A
:1094F0009CA6D3F67C1EDFBC000000000020F03FDD
:1095000000000000000000000000106B2AE07FBF98
:10951000E440DA0D3FE219BD000000000020F03FFA
:1095200000000000000000000000106B2AE07FBF78
:10953000E440DA0D3FE219BD000000000000F03FFA
:10954000000000000000000000000000000000001B
:109550000000000000000000000000000000F03FDC
:1095600000000000000000000000000000000000FB
:1095700000000000000000000000000000C0EF3FFD
:109580000000000000000000000089751510803FF9
:10959000E82B9D996BC710BD000000000080EF3FD5
:1095A0000000000000000000008093585620903F0B
:1095B000D2F7E2065BDC23BD000000000040EF3F75
:1095C00000000000000000000000C9282549983F65
:1095D000340C5A32BAA02ABD000000000000EF3F50
:1095E00000000000000000000040E7895D41A03F4E
:1095F00053D7F15CC011013D0000000000C0EE3FF8
:10960000000000000000000000002ED4AE66A43F61
:1096100028FDBD7573162CBD000000000080EE3FD4
:10962000000000000000000000C09F14AA94A83FA2
:109630007D265AD0957919BD000000000040EE3F0C
:10964000000000000000000000C0DDCD73CBAC3F87
:109650000728D847F2681ABD000000000020EE3F3E
:10966000000000000000000000C006C031EAAE3F6C
:109670007B3BC94F3E110EBD0000000000E0ED3FF6
:109680000000000000000000006046D13B97B13FA1
:109690009B9E0D565D3225BD0000000000A0ED3FF1
:1096A000000000000000000000E0D1A7F5BDB33FBE
:1096B000D74EDBA55EC82C3D000000000060ED3FEA
:1096C000000000000000000000A0974D5AE9B53FDF
:1096D0001E1D5D3C06692CBD000000000040ED3FF2
:1096E000000000000000000000C0EA0AD300B73FFD
:1096F00032ED9DA98D1EEC3C000000000000ED3F06
:1097000000000000000000000040595D5E33B93FDA
:10971000DA47BD3A5C11233D0000000000C0EC3F79
:1097200000000000000000000060AD8DC86ABB3F73
:10973000E568F72B809013BD0000000000A0EC3F0F
:1097400000000000000000000040BC015888BC3F41
:10975000D3AC5AC6D146263D000000000060EC3F65
:10976000000000000000000000200A8339C7BE3F4F
:10977000E045E6AF68C02DBD000000000040EC3FB2
:10978000000000000000000000E0DB3991E8BF3F6E
:10979000FD0AA14FD63425BD000000000000EC3FBB
:1097A000000000000000000000E027828E17C13F8B
:1097B000F2072DCE78EF213D0000000000E0EB3FE6
:1097C000000000000000000000F0237E2BAAC13F33
:1097D000349938448EA72C3D0000000000A0EB3FD8
:1097E00000000000000000000080860C61D1C23F34
:1097F000A1B481CB6C9D033D000000000080EB3FD5
:109800000000000000000000009015B0FC65C33FA0
:1098100089724B23A82FC63C000000000040EB3F9C
:10982000000000000000000000B033833D91C43F01
:1098300078B6FD547983253D000000000020EB3F01
:10984000000000000000000000B0A1E4E527C53FD3
:10985000C77D69E5E833263D0000000000E0EA3FEF
:10986000000000000000000000108CBE4E57C63FF4
:10987000782E3C2C8BCF193D0000000000C0EA3F41
:1098800000000000000000000070758B12F0C63F61
:10989000E1219CE58D1125BD0000000000A0EA3FFC
:1098A0000000000000000000005044858D89C73F83
:1098B0000543917010661CBD000000000060EA3F87
:1098C0000000000000000000000039EBAFBEC83F00
:1098D000D12CE9AA543D07BD000000000040EA3F3A
:1098E00000000000000000000000F7DC5A5AC93FE9
:1098F0006FFFA05828F2073D000000000000EA3F7B
:10990000000000000000000000E08A3CED93CA3F28
:1099100069215650437228BD0000000000E0E93F75
:10992000000000000000000000D05B57D831CB3FA2
:10993000AAE1AC4E8D350CBD0000000000C0E93F2F
:10994000000000000000000000E03B3887D0CB3F63
:10995000B6125459C44B2DBD0000000000A0E93FD1
:1099600000000000000000000010F0C6FB6FCC3FBC
:10997000D22B96C572ECF1BC000000000060E93FFC
:1099800000000000000000000090D4B03DB1CD3FC9
:1099900035B015F72AFF2ABD000000000040E93F5E
:1099A00000000000000000000010E7FF0E53CE3F53
:1099B00030F441602712C23C000000000020E93F63
:1099C00000000000000000000000DDE4ADF5CE3F27
:1099D000118EBB651521CABC000000000000E93FE4
:1099E000000000000000000000B0B36C1C99CF3FE5
:1099F00030DF0CCAECCB1B3D0000000000C0E83F8C
:109A0000000000000000000000584D603871D03F99
:109A1000914EED16DB9CF83C0000000000A0E83FF2
:109A20000000000000000000006061672DC4D03F0E
:109A3000E9EA3C168B18273D000000000080E83F53
:109A4000000000000000000000E827828E17D13FD0
:109A50001CF0A5630E212CBD000000000060E83F53
:109A6000000000000000000000F8ACCB5C6BD13FB0
:109A70008116A5F7CD9A2B3D000000000040E83F7D
:109A8000000000000000000000685A6399BFD13F49
:109A9000B7BD4751EDA62C3D000000000020E83F77
:109AA000000000000000000000B80E6D4514D23F19
:109AB000EABA46BADE870A3D0000000000E0E73F50
:109AC00000000000000000000090DC7CF0BED23FEF
:109AD000F404504AFA9C2A3D0000000000C0E73F11
:109AE00000000000000000000060D3E1F114D33F4B
:109AF000B83C21D37AE228BD0000000000A0E73F77
:109B000000000000000000000010BE76676BD33F2D
:109B1000C877F1B0CD6E113D000000000080E73F36
:109B200000000000000000000030337752C2D33F35
:109B30005CBD06B6543B183D000000000060E73FE6
:109B4000000000000000000000E8D523B419D43F55
:109B50009DE090EC36E4083D000000000040E73F47
:109B6000000000000000000000C871C28D71D43FE9
:109B700075D66709CE272FBD000000000020E73F03
:109B800000000000000000000030179EE0C9D43F34
:109B9000A4D80A1B89202EBD000000000000E73F6A
:109BA000000000000000000000A03807AE22D53FF2
:109BB00059C7648170BE2E3D0000000000E0E63F02
:109BC000000000000000000000D0C853F77BD53F24
:109BD000EF405DEEEDAD1F3D0000000000C0E63F30
:109BE0000000000000000000006059DFBDD5D53F37
:109BF000DC65A4082A0B0ABD000000000000F03F4D
:109C0000000000000000F0BF000000000000F0BFF6
:109C1000000000000000F03F83C8C96D305F644160
:109C2000182D4454FB21F93F000000000000F03FD4
:109C30001C620CFDFFFFDFBF198F06E15355A53FE6
:109C40009D359AE887C056BFC3F87B024393F93E1F
:109C500003A695595455C5BFC40B23057610813F03
:109C600024CF7437EB9429BF000000000000F03FC0
:109C7000000000000000F0BF000000000000F0BF86
:109C8000000000000000F03F83C8C96D305F6441F0
:109C9000182D4454FB21F93F000000000000F0BFE4
:109CA0001C620CFDFFFFDF3F198F06E15355A5BF76
:109CB0009D359AE887C0563FC3F87B024393F9BEAF
:109CC00003A695595455C5BFC40B23057610813F93
:109CD00024CF7437EB9429BFFFFFFFFFFFFFFFFF87
:109CE0000B00000009000000070000000600000053
:109CF000080000000A000000000000000200000050
:109D00000400000005000000030000000100000046
:109D10000000240348066A098C0CAB0FC812E21538
:109D2000F9180B1C1A1F2322282526281F2B112E59
:109D3000FB30DF33BA368C39563C173FCE417A447C
:109D40001C47B4493F4CBF4E33519B53F5554258C5
:109D5000825AB35CD75EEB60F162E864CF66A668B6
:109D60006D6A236CC96D5E6FE2705472B5730475D1
:109D700041766B77847889797C7A5C7B297CE37C7B
:109D8000897D1D7E9C7E097F617FA67FD87FF57FC0
:109D9000FF7FF57FD87FA67F617F097F9C7E1D7E38
:109DA000897DE37C297C5C7B7C7A897984786B77FC
:109DB00041760475B5735472E2705E6FC96D236CA1
:109DC0006D6AA668CF66E864F162EB60D75EB35C4B
:109DD000825A4258F5559B533351BF4E3F4CB449BC
:109DE0001C477A44CE41173F563C8C39BA36DF3394
:109DF000FB30112E1F2B2628282523221A1F0B1C6F
:109E0000F918E215C812AB0F8C0C6A094806240336
:109E10000000DCFCB8F996F674F355F038ED1EEA54
:109E200007E7F5E3E6E0DDDDD8DADAD7E1D4EFD114
:109E300005CF21CC46C974C6AAC3E9C032BE86BBD1
:109E4000E4B84CB6C1B341B1CDAE65AC0BAABEA768
:109E50007EA54DA329A1159F0F9D189B31995A9757
:109E60009395DD933792A2901E8FAC8D4B8CFC8A1C
:109E7000BF8995887C8777868485A484D7831D8352
:109E80007782E3816481F7809F805A8028800B80ED
:109E900001800B8028805A809F80F7806481E38155
:109EA00077821D83D783A484848577867C87958871
:109EB000BF89FC8A4B8CAC8D1E8FA2903792DD93AC
:109EC00093955A973199189B0F9D159F29A14DA3E2
:109ED0007EA5BEA70BAA65ACCDAE41B1C1B34CB651
:109EE000E4B886BB32BEE9C0AAC374C646C921CC59
:109EF00005CFEFD1E1D4DAD7D8DADDDDE6E0F5E35E
:109F000007E71EEA38ED55F074F396F6B8F9DCFC75
:109F10000000000006020501040003000B04090212
:109F20000700050000000000000000010000000024
:109F30000001020000000001020300000001020312
:109F400004000001020304050600000000000605ED
:109F500000000000060504000000060504030000E0
:109F600006050403020006050403020107050508AF
:109F700007070500000102030405010203040506AA
:109F80000002040507090B00000204070900000095
:109F9000000203070A000000000204050708090B7D
:109FA0000002030507080A000002030507080B006A
:109FB000000203070A00000000070209040B050A5B
:109FC0000308010605050505050806080808070732
:109FD000070707000002040709000000000204064A
:109FE00009000000000305070A0000000002040742
:109FF0000A00000000030507090000000001030437
:10A000000607090A00020406080A00000002040507
:10A010000708090B000203050708090B00020304E7
:10A020000607090B0002040507090B0000020305DF
:10A0300007090A000002040607090B0000020405D4
:10A0400007090A000002030507080A001F1C1F1E5B
:10A050001F1E1F1F1E1F1E1F00000000000000000B
:10A0600000000000000000000000000000000000F0
:10A0700000000000000000000000000000000000E0
:10A0800000000000000000000000000000000000D0
:10A0900000000000000000000000000000000000C0
:10A0A00000000000000000000000000000000000B0
:10A0B00000000000000000000000000000000000A0
:10A0C0000000000000000000000000000000000090
:10A0D0000000000000000000000000000000000080
:10A0E0000000000000000000000000000000000070
:10A0F0000000000000000000000000000000000060
:10A10000000000000000000000000000000000004F
:10A11000000000000000000000000000000000003F
:10A12000000000000000000000000000000000002F
:10A13000000000000000000000000000000000001F
:10A14000000000000000000000000000000000000F
:10A15000000000000000000000000000F93F0100C6
:10A16000FD3F01000140010005400100464F3A3A21
:10A1700020736574206174747269627574652063FC
:10A1800072656174696F6E206661696C6564000058
:10A19000464F3A3A2073657420617474726962752F
:10A1A0007465206D6F646966696564206661696CB9
:10A1B000656400005570646174696E67206672653D
:10A1C0007175656E6369657300000000302C0000D6
:10A1D0002C0000004C6F61646564207072657365CB
:10A1E000743A20004E6F207072657365742C20776E
:10A1F000726974696E6720666163746F7279206436
:10A20000656661756C7400004572726F723A204920
:10A210006E76616C69642062616E6B5F6E756D62F3
:10A22000657220256420696E20736176655F636FB7
:10A230006E6669670A000000706F7420736574753C
:10A240007020646F6E65000057726974696E6720D4
:10A250007468652064656661756C742066696C65F8
:10A2600000000000536176696E6720637572726545
:10A270006E742073657474696E67730053617665DC
:10A2800064207072657365743A2000005265706FC7
:10A290007274696E6720616C6C2064617461000087
:10A2A000576970696E67206D656D6F727900000087
:10A2B000536176696E6720746F2062616E6B3A201D
:10A2C000000000004C6F6164696E672062616E6B14
:10A2D0003A200000526563656976656420696E7393
:10A2E0007472756374696F6E206F6E20616472653D
:10A2F00073733A0020776974682076616C75653AEB
:10A3000000000000537461727420726563656976A1
:10A3100065640000496E697469616C6973696E6790
:10A3200020617564696F20706172616D657465721A
:10A3300073000000496E697469616C6973696E67C6
:10A340002066696C6573797374656D0050726F6710
:10A3500072616D20666C617368204449534B000044
:10A360004572726F72207374617274696E67202512
:10A37000730A00004C6F6164696E67207468652021
:10A380007072657365740000496E697469616C6907
:10A39000736174696F6E20636F6D706C65746500B6
:10A3A000427574746F6E207075736865643A20002E
:10A3B000537769746368696E67206D6F6465000028
:10A3C0005570646174696E67207468652042504DF1
:10A3D00020746F3A200000004C6F6E672070757318
:10A3E000682C20737769746368696E672072687976
:10A3F00074686D206D6F64650000000053746172B5
:10A4000074696E672072687974686D2074696D650F
:10A410007273000053746F7070696E672072687990
:10A4200074686D2074696D65727300005377697488
:10A430006368696E6720746F206E6578742070722F
:10A440006573657400000000537769746368696E12
:10A450006720746F206C617374207072657365740B
:10A460000000000054726967676572696E67206357
:10A47000686F7264206E6F7465730000612E74786B
:10A4800074000000622E747874000000632E7478EB
:10A4900074000000642E747874000000652E7478D7
:10A4A00074000000662E747874000000672E7478C3
:10A4B00074000000682E747874000000692E7478AF
:10A4C000740000006A2E7478740000006B2E74789B
:10A4D000740000006C2E74787400000046443A3A10
:10A4E0002073657420617474726962757465206D7F
:10A4F0006F646966696564206661696C6564000003
:10A5000046443A3A207365742061747472696275C6
:10A510007465206372656174696F6E206661696C31
:10A5200065640000617474656D7074696E67207491
:10A530006F206D6F756E74206578697374696E67CE
:10A54000206D656469610000636F756C646E2774CB
:10A55000206D6F756E74206D656469612C20617467
:10A5600074656D70696E6720746F20666F726D61BF
:10A5700074000000617474656D7074696E67207496
:10A580006F206D6F756E742066726573686C7920CC
:10A59000666F726D6174746564206D6564696100D5
:10A5A0006D6F756E7420616674657220666F726D72
:10A5B0006174206661696C6564203A2800000000BF
:10A5C0002F0000002E2E00006C6974746C65667399
:10A5D000000000002E00000048617270206E6F7451
:10A5E00020636F6D6D756E69636174696E670000DD
:10A5F000526563616C6962726174696E672048615B
:10A60000727000004F7665722063757272656E74A9
:10A61000206465746563746564210A0A00000000A3
:10A620006E616E00696E66006F7666006261645FDF
:10A6300066756E6374696F6E5F63616C6C000000B9
:10A64000474C49424358585F54554E41424C45533C
:10A65000000000006F626A5F73697A6500000000A5
:10A660006F626A5F636F756E74000000676C696289
:10A670006378782E65685F706F6F6C007374643AEE
:10A680003A6261645F657863657074696F6E00003B
:10A690003031323334353637383961626364656658
:10A6A0006768696A6B6C6D6E6F70717273747576C2
:10A6B0007778797A000000004C435F434F4C4C415F
:10A6C000544500004C435F4354595045000000007E
:10A6D0004C435F4D4F4E4554415259004C435F4EE1
:10A6E000554D4552494300004C435F54494D450088
:10A6F0004C435F4D455353414745530042616C6C99
:10A700006F632073756363656564656400000000B2
:10A710002F646174612F6A656E6B696E732F776F3A
:10A72000726B73706163652F474E552D746F6F6C3C
:10A73000636861696E2F61726D2D31352F7372639D
:10A740002F6E65776C69622D63796777696E2F6EFE
:10A7500065776C69622F6C6962632F7374646C69CE
:10A76000622F6D707265632E63000000494E4600D3
:10A770004E414E003031323334353637383961622C
:10A78000636465660000000030313233343536379B
:10A79000383941424344454600000000286E756C3C
:10A7A0006C290000300000002C2066756E6374690F
:10A7B0006F6E3A2000000000617373657274696FF8
:10A7C0006E2022257322206661696C65643A2066DA
:10A7D000696C6520222573222C206C696E6520250A
:10A7E00064257325730A0000496E66696E69747981
:10A7F000000000004E614E002F646174612F6A6595
:10A800006E6B696E732F776F726B73706163652FF8
:10A81000474E552D746F6F6C636861696E2F61725E
:10A820006D2D31352F7372632F6E65776C69622DD4
:10A8300063796777696E2F6E65776C69622F6C69D3
:10A8400062632F7374646C69622F64746F612E632A
:10A8500000000000CC2D0020142B0020F82D00203B
:10A86000342B00200C2B0020CC2D0020582B002056
:10A87000F82D00207C2B0020CC2A0020F82D002071
:10A88000A42B0020042B0020F82D0020B82B002042
:10A89000042B0020CC2D0020D02B0020CC2D00201C
:10A8A000E02B00204E31305F5F637878616269761B
:10A8B0003131355F5F666F726365645F756E7769AE
:10A8C0006E6445004E31305F5F637878616269760F
:10A8D0003131375F5F636C6173735F747970655F8B
:10A8E000696E666F450000004E31305F5F637878B7
:10A8F000616269763131395F5F666F726569676E73
:10A900005F657863657074696F6E45004E31305FC6
:10A910005F637878616269763132305F5F73695F57
:10A92000636C6173735F747970655F696E666F45A0
:10A9300000000000537431336261645F65786365C1
:10A940007074696F6E000000537431376261645F28
:10A9500066756E6374696F6E5F63616C6C00000096
:10A96000537439657863657074696F6E0000000018
:10A97000537439747970655F696E666F000000000A
:10A980000000000000000000F5BB00000000000017
:10A9900000000000C5580100000000000000000099
:10A9A000DD050000110600009504000069010000AB
:10A9B00039040000F1000000890400007104000067
:10A9C000C50100002104000009040000ED010000A1
:10A9D000F9000000F10300000D010000A1020000D9
:10A9E000950200001D020000590200005D050000F4
:10A9F000F90400000000000000000000BDB90000E4
:10AA0000000000000000000071BB0000000000001A
:10AA1000000000003DBE000000000000000000003B
:10AA200011660100000000000000000081B000007D
:10AA30000000000000000000650100002982000005
:10AA4000250A000001D4000055D5000005D50000FE
:10AA5000EDD30000D9D4000021D40000F9D10000CA
:10AA6000E5D60000F1D10000F5D100001DD30000B3
:10AA7000000000000000000069420100956C010028
:10AA8000916C01008D6C0100896C0100856C0100E6
:10AA9000816C01007D6C01000000000000000000DE
:10AAA000D5C50000000000000000000085B20000D5
:10AAB0000000000000000000D5B40000000000000D
:10AAC0000000000021D00000000000000000000095
:10AAD000C5C00000000000000000000071B50000CB
:10AAE0000000000000000000892A010000000000B2
:10AAF00000000000FDB700000000000000000000A2
:10AB0000B5C900000000000000000000D5000000F2
:10AB10006D00000069000000950000007900000051
:10AB2000A1000000850000004D060000890600001D
:10AB3000000000000000000085900100B5900100B9
:10AB400069000000819001003D90010049900100E2
:10AB50006990010000000000CC2A002061850100FE
:10AB600075850100F1840100F1840100F585010083
:10AB700021850100D58501009185010055850100E1
:10AB800000000000E02A0020D1830100E5830100DD
:10AB9000F1840100F1840100F585010021850100A7
:10ABA000C184010041840100018401000000000013
:10ABB000EC2A00201D82010029820100218201006F
:10ABC00000000000F82A0020997F0100AD7F0100FD
:10ABD000917F0100190100001D0100002501000006
:10ABE0002D010000E10400003101000035010000EA
:10ABF00039010000BD190000D90400004501000022
:10AC000049010000C9190000DD0400004D010000E9
:10AC100051010000D5190000B104000055010000E9
:10AC200059010000B1190000D50400003D010000E9
:10AC300041010000D8399D270054EA2A00A4781F5A
:10AC4000007B9A17A2000000F9A2000083F9A2007D
:10AC50006E83F9A24E6E83F9444E6E8315444E6E98
:10AC60002915444EFC29154427FC29155727FC2992
:10AC7000D15727FCF5D1572734F5D157DD34F5D11D
:10AC8000C0DD34F5DBC0DD3462DBC0DD9562DBC0E6
:10AC9000999562DB3C999562433C999590433C9928
:10ACA0004190433C002020202020202020202828E4
:10ACB000282828202020202020202020202020207C
:10ACC00020202020208810101010101010101010BC
:10ACD00010101010100404040404040404040410EC
:10ACE000101010101010414141414141010101017A
:10ACF0000101010101010101010101010101010144
:10AD0000101010101010424242424242020202024F
:10AD10000202020202020202020202020202020213
:10AD200010101010200000000000000000000000C3
:10AD30000000000000000000000000000000000013
:10AD40000000000000000000000000000000000003
:10AD500000000000000000000000000000000000F3
:10AD600000000000000000000000000000000000E3
:10AD700000000000000000000000000000000000D3
:10AD800000000000000000000000000000000000C3
:10AD900000000000000000000000000000000000B3
:10ADA00000000000000000002020202020202020A3
:10ADB0002020202020202020202020202020202093
:10ADC0002020202020202020000000000000000083
:10ADD0000000000000000042C8801F40B8821F40F1
:10ADE0000800000000000042C4801F40B4821F40E1
:10ADF0000400000000C0004224801F4014821F4055
:10AE00001000000000C0004228801F4018821F4030
:10AE10002000000000C000422C801F401C821F4008
:10AE20004000000000C0004234801F4024821F40C8
:10AE3000000100000040004264811F4054831F4015
:10AE4000000400000040004280811F4070831F40CA
:10AE500000000200004000427C811F406C831F40C4
:10AE6000000001000040004268811F4058831F40DD
:10AE700000080000004000423C811F402C831F401E
:10AE8000010000000040004244811F4034831F4005
:10AE9000040000000040004240811F4030831F40FA
:10AEA000020000000040004248811F4038831F40DC
:10AEB000080000000000004204811F40F4821F408F
:10AEC000000004000000004208811F40F8821F407B
:10AED000000008000000004218811F4008831F4046
:10AEE000000080000000004214811F4004831F40C6
:10AEF000000040000000004200811F40F0821F401F
:10AF00000000020000000042FC801F40EC821F4055
:10AF1000000001000000004224811F4014831F40F4
:10AF2000000000040000004228811F4018831F40D9
:10AF300000000008000000421C811F400C831F40DD
:10AF4000000000010000004220811F4010831F40CC
:10AF50000000000200000042EC801F40DC821F4025
:10AF60000010000000000042F0801F40E0821F40FF
:10AF7000002000000000004234811F4024831F4055
:10AF8000000000400000004238811F4028831F401D
:10AF9000000000800080004294801F4084821F4097
:10AFA0000000040000C0004290801F4080821F40CB
:10AFB0000000008000800042A8801F4098821F404F
:10AFC0000000800000800042A4801F4094821F4047
:10AFD00000004000004000426C811F405C831F4025
:10AFE0000010000000C0004230801F4020821F403F
:10AFF0008000000000800042C8811F40B8831F40CD
:10B000000080000000800042C4811F40B4831F40C4
:10B010000040000000800042C0811F40B0831F40FC
:10B020000020000000800042BC811F40AC831F4014
:10B030000010000000800042D0811F40C0831F40EC
:10B040000000020000800042CC811F40BC831F40F2
:10B0500000000100020000000300000004000000E6
:10B0600006000000FB21F93FFB2109407CD912407A
:10B07000FB2119407A6A1F407CD92240BBFD254044
:10B08000FB2129403A462C407A6A2F405C473140E8
:10B090007CD932409C6B3440BBFD3540DB8F374060
:10B0A000FB2139401BB43A403A463C405AD83D4017
:10B0B0007A6A3F404C7E40405C4741406C104240C1
:10B0C0007CD942408CA243409C6B4440AC34454008
:10B0D000BBFD4540CBC64640DB8F4740EB58484060
:10B0E000FB21494005000000190000007D00000020
:10B0F00007080C0B06050F000D0E010283840708DC
:10B100000C0B06050F000D0E0102838401010004E3
:10B1100001000004013201010132020101100101AC
:10B1200001110101011201020103020601030106DE
:10B1300001120202020000010202000102010001EC
:10B1400002100001022200010223000100000000A1
:10B1500000000000022100010220000100000000A8
:10B160000000000001300101013101010102000471
:10B1700001030004000000000000000001210201A2
:10B18000012101010000000000000000000000009B
:10B19000011002010101020101010101010002018E
:10B1A0000100010101020201010201010000000091
:10B1B0006410B71DC8206E3BAC30D9269041DC76B8
:10B1C000F4516B6B5861B24D3C7105502083B8ED62
:10B1D00044930FF0E8A3D6D68CB361CBB0C2649B86
:10B1E000D4D2D38678E20AA01CF2BDBD00A019A07B
:10B1F0001AA01BA01CA01EA020A022A024A026A054
:10B2000027A027A027A025A021A01DA017A010A03F
:10B2100007A0FD9FF29FE69FDA9FCD9FC19FB59F3C
:10B22000A99F9F9F969F8F9F8B9F899F8A9F8D9F8E
:10B23000949F9E9FAB9FBA9FCD9FE19FF79F0FA0CA
:10B2400028A041A05AA071A087A09BA0ADA0BAA041
:10B25000C4A0CAA0CBA0C7A0BEA0B0A09EA087A03B
:10B260006BA04DA02BA007A0E19FBB9F959F709F57
:10B270004D9F2E9F129FFC9EEA9EDF9EDA9EDD9ED2
:10B28000E69EF69E0D9F2B9F4F9F789FA69FD79F70
:10B290000AA03FA074A0A8A0D9A006A12EA151A1E8
:10B2A0006CA17FA18AA18BA183A172A157A134A116
:10B2B00008A1D4A09AA05BA018A0D39F8D9F489FFF
:10B2C000069FC79E8F9E5E9E369E189E049EFD9D85
:10B2D000019E129E2F9E589E8C9ECA9E119F609F1B
:10B2E000B49F0CA067A0C1A018A16BA1B8A1FCA13C
:10B2F00035A263A282A294A296A288A26AA23DA2CB
:10B3000000A2B7A160A100A196A027A0B39F3F9F74
:10B31000CC9E5E9EF79D9A9D499D079DD59CB69CAF
:10B32000AA9CB29CCE9CFF9C449D9C9D049E7C9EAE
:10B33000009F8D9F22A0B9A050A1E4A16FA2F0A20E
:10B3400062A3C3A30FA444A460A462A44AA415A446
:10B35000C6A35EA3DDA247A29EA1E5A022A0579F9F
:10B360008A9EBF9DFC9C459C9F9B0F9B989A409AF0
:10B37000089AF399049A3A9A979A199BBF9B869CCC
:10B380006A9D689E7A9F9AA0C3A1ECA211A428A5E9
:10B390002AA612A7D6A772A8E0A81AA91CA9E4A8F1
:10B3A0006FA8BEA7D1A6AAA54DA4C0A209A12F9F90
:10B3B0003D9D3D9B399940975C959D931192C4901A
:10B3C000C58F228FE78E208FD98F1A91ED925795D6
:10B3D0005E98049C4BA032A5B4AACEB077B7A7BEA6
:10B3E00052C66DCEE7D6B3DFBFE8F9F150FBB0042B
:10B3F00083F9A200444E6E00FC291500D1572700A6
:10B40000DD34F50062DBC0003C99950041904300BB
:10B410006351FE00BBDEAB00B761C5003A6E24008D
:10B42000D24D42004906E00009EA2E001C92D100EC
:10B43000EB1DFE0029B11C00E83EA700F535820097
:10B4400044BB2E009CE98400B4267000417E5F005E
:10B45000D6913900538339009CF439008B5F840006
:10B4600028F9BD00F81F3B00DEFF97000F9805008C
:10B47000112FEF000A5A8B006D1F6D00CF7E360032
:10B4800009CB2700464FB7009E663F002DEA5F00BC
:10B49000BA277500E5EBC7003D7BF100F7390700DF
:10B4A00092528A00FB6BEA001FB15F00085D8D00BD
:10B4B000300356007BFC4600F0AB6B0020BCCF0095
:10B4C00036F49A00E3A91D005E619100081BE600B6
:10B4D00085996500A0145F008D40680080D8FF004A
:10B4E00027734D0006063100CA561500C9A873001F
:10B4F0007BE260006B8CC0000001000088600020CF
:10B500001200000000060000303400600A00000055
:10B5100000020000B8320060750100000007000062
:10B520004031006075010000000300003C31006004
:10B5300000000000010309049462002000000000E4
:10B5400002030904A86200200000000003030904AC
:10B55000BC620020000000000000000000000000AD
:10B56000000000003030303030303030303030309B
:10B5700030303030303030303030303030303030CB
:10B5800030303030000000000000000000000000FB
:10B59000F8370020F837002000380020003800205D
:10B5A000083800200838002010380020103800200B
:10B5B00018380020183800202038002020380020BB
:10B5C000283800202838002030380020303800206B
:10B5D000383800203838002040380020403800201B
:10B5E00048380020483800205038002050380020CB
:10B5F000583800205838002060380020603800207B
:10B60000683800206838002070380020703800202A
:10B6100078380020783800208038002080380020DA
:10B62000883800208838002090380020903800208A
:10B630009838002098380020A0380020A03800203A
:10B64000A8380020A8380020B0380020B0380020EA
:10B65000B8380020B8380020C0380020C03800209A
:10B66000C8380020C8380020D0380020D03800204A
:10B67000D8380020D8380020E0380020E0380020FA
:10B68000E8380020E8380020F0380020F0380020AA
:10B69000F8380020F8380020003900200039002058
:10B6A0000839002008390020103900201039002006
:10B6B00018390020183900202039002020390020B6
:10B6C0002839002028390020303900203039002066
:10B6D0003839002038390020403900204039002016
:10B6E00048390020483900205039002050390020C6
:10B6F0005839002058390020603900206039002076
:10B700006839002068390020703900207039002025
:10B7100078390020783900208039002080390020D5
:10B720008839002088390020903900209039002085
:10B730009839002098390020A0390020A039002035
:10B74000A8390020A8390020B0390020B0390020E5
:10B75000B8390020B8390020C0390020C039002095
:10B76000C8390020C8390020D0390020D039002045
:10B77000D8390020D8390020E0390020E0390020F5
:10B78000E8390020E8390020F0390020F0390020A5
:10B79000F8390020F8390020003A0020003A002053
:10B7A000083A0020083A0020103A0020103A002001
:10B7B000183A0020183A0020203A0020203A0020B1
:10B7C000283A0020283A0020303A0020303A002061
:10B7D000383A0020383A0020403A0020403A002011
:10B7E000483A0020483A0020503A0020503A0020C1
:10B7F000583A0020583A0020603A0020603A002071
:10B80000683A0020683A0020703A0020703A002020
:10B81000783A0020783A0020803A0020803A0020D0
:10B82000883A0020883A0020903A0020903A002080
:10B83000983A0020983A0020A03A0020A03A002030
:10B84000A83A0020A83A0020B03A0020B03A0020E0
:10B85000B83A0020B83A0020C03A0020C03A002090
:10B86000C83A0020C83A0020D03A0020D03A002040
:10B87000D83A0020D83A0020E03A0020E03A0020F0
:10B88000E83A0020E83A0020F03A0020F03A0020A0
:10B89000F83A0020F83A0020003B0020003B00204E
:10B8A000083B0020083B0020103B0020103B0020FC
:10B8B000183B0020183B0020203B0020203B0020AC
:10B8C000283B0020283B0020303B0020303B00205C
:10B8D000383B0020383B0020403B0020403B00200C
:10B8E000483B0020483B0020503B0020503B0020BC
:10B8F000583B0020583B0020603B0020603B00206C
:10B90000683B0020683B0020703B0020703B00201B
:10B91000783B0020783B0020803B0020803B0020CB
:10B92000883B0020883B0020903B0020903B00207B
:10B93000983B0020983B0020A03B0020A03B00202B
:10B94000A83B0020A83B0020B03B0020B03B0020DB
:10B95000B83B0020B83B0020C03B0020C03B00208B
:10B96000C83B0020C83B0020D03B0020D03B00203B
:10B97000D83B0020D83B0020E03B0020E03B0020EB
:10B98000E83B0020E83B0020F03B0020F03B00209B
:10B9900000000000BC6F0020247000208C7000208C
:10B9A0000000000000000000000000000000000097
:10B9B0000000000000000000000000000000000087
:10B9C0000000000000000000000000000000000077
:10B9D0000000000000000000000000000000000067
:10B9E0000000000000000000000000000000000057
:10B9F0000000000000000000000000000000000047
:10BA00000000000000000000000000000000000036
:10BA10000000000000000000000000000000000026
:10BA20000000000000000000010000000000000015
:10BA30000E33CDAB34126DE6ECDE05000B000000DA
:10BA400000000000000000000000000000000000F6
:10BA500000000000000000000000000000000000E6
:10BA600000000000000000000000000000000000D6
:10BA700000000000000000000000000000000000C6
:10BA800000000000000000000000000000000000B6
:10BA900000000000000000000000000000000000A6
:10BAA0000000000000000000000000000000000096
:10BAB0000000000000000000000000000000000086
:10BAC0000000000000000000000000000000000076
:10BAD0000000000000000000000000000000000066
:10BAE0000000000000000000000000000000000056
:10BAF0000000000000000000000000000000000046
:10BB00000000000000000000000000000000000035
:10BB10000000000000000000000000000000000025
:10BB20000000000000000000000000000000000015
:10BB30000000000000000000000000000000000005
:10BB400000000000000000000000000000000000F5
:10BB500000000000000000000000000000000000E5
:10BB600000000000000000000000000000000000D5
:10BB700000000000000000000000000000000000C5
:10BB800000000000000000000000000000000000B5
:10BB9000E4D7002094E4002044F10020F4FD0020CC
:10BBA0001CD80020CCE400207CF100202CFE0020DA
:10BBB000ECE300209CF000204CFD0020FC0901205B
:10BBC00024E40020D4F0002084FD0020340A012069
:10BBD00000000000320032000002000200020100FA
:10BBE00000000000C000640031006400B800640080
:10BBF0009D00640000000000000000000000000044
:10BC000000000000000000000000430000000000F1
:10BC10000000000000000000000000000000000024
:10BC2000000010000000080008000C002A00930427
:10BC30000100A701140046000300230053003B004D
:10BC4000620A010000000000000000000000000087
:10BC5000000001000100010064000100010000007B
:10BC600001000100010001000E000000000046007C
:10BC7000000000000000640000000600000000005A
:10BC8000F302C30017003D001D000000000000008B
:10BC90000000A20000000000000000000000000002
:10BCA0000000000000000000000000000000000094
:10BCB0000000000000000000000000000000000084
:10BCC00002000D000800640010000000C800000021
:10BCD000000032000000320012002000320000009C
:10BCE00000000A00420061014100E3030100390243
:10BCF00010008D00200053001C00300036000100B1
:10BD00000000000000003800000085010000140061
:10BD10000000000000000000010001000100000020
:10BD2000010001000000010001000100010000000D
:10BD30000000000046000000000000006400000059
:10BD40002600000000005000100004005E00F10218
:10BD5000DA01460005006400640064000000000091
:10BD600000000000000000000000000000000000D3
:10BD700000000000000000000000000000000000C3
:10BD80000000000000000000100000000600060097
:10BD90002000000006000000100000000600060061
:10BDA000200000000600000000000000000000006D
:10BDB0000000000000000000000000000000000083
:10BDC0000000000000000000000000000000000073
:10BDD00040A8002020A9002058A9002090A90020F8
:10BDE000C8A9002000AA002038AA002070AA0020BC
:10BDF000A8AA002078A80020B0A80020E8A8002069
:10BE0000A0A5002080A60020B8A60020F0A6002053
:10BE100028A7002060A7002098A70020D0A7002016
:10BE200008A80020D8A5002010A6002048A60020C1
:10BE300050AB002030AC002068AC0020A0AC00204B
:10BE4000D8AC002010AD002048AD002080AD00200F
:10BE5000B8AD002088AB0020C0AB0020F8AB0020BC
:10BE60000029DE07007B9A17E82C00200000000064
:10BE7000E803000000000000A82D002000000000E2
:10BE8000E80300000000000000003F40DC340060D8
:10BE900000000000000000000000000000000000A2
:10BEA0000000000000000000000000000000000092
:10BEB0000000000000000000000000000000000082
:10BEC0000000000000000000000000000000000072
:10BED0000000000000000000000000000000000062
:10BEE0000000000000000000000000000000000052
:10BEF0000000000000000000000000000000000042
:10BF00000000000000000000000000000000000031
:10BF10000000000000000000000000000000000021
:10BF20000000000000000000000000000000000011
:10BF30000000000000000000000000000000000001
:10BF400000000000000000000000000000000000F1
:10BF500000000000000000000000000000000000E1
:10BF600000000000000000000000000000000000D1
:10BF700000000000000000000000000000000000C1
:10BF800000000000000000000000000000000000B1
:10BF900000000000000000000000000000000000A1
:10BFA0000000000000000000000000000000000091
:10BFB0000000000000000000A82D0020000000008C
:10BFC000E80300000000000000803F408C34006067
:10BFD0000000000000000000000000000000000061
:10BFE0000000000000000000000000000000000051
:10BFF0000000000000000000000000000000000041
:10C000000000000000000000000000000000000030
:10C010000000000000000000000000000000000020
:10C020000000000000000000000000000000000010
:10C030000000000000000000000000000000000000
:10C0400000000000000000000000000000000000F0
:10C0500000000000000000000000000000000000E0
:10C0600000000000000000000000000000000000D0
:10C0700000000000000000000000000000000000C0
:10C0800000000000000000000000000000000000B0
:10C0900000000000000000000000000000000000A0
:10C0A0000000000000000000000000000000000090
:10C0B0000000000000000000000000000000000080
:10C0C0000000000000000000000000000000000070
:10C0D0000000000000000000000000000000000060
:10C0E0000000000000000000000000000000000050
:10C0F0000000000000000000A82D0020000000004B
:10C10000E80300000000000000C03F403C34006035
:10C11000000000000000000000000000000000001F
:10C12000000000000000000000000000000000000F
:10C1300000000000000000000000000000000000FF
:10C1400000000000000000000000000000000000EF
:10C1500000000000000000000000000000000000DF
:10C1600000000000000000000000000000000000CF
:10C1700000000000000000000000000000000000BF
:10C1800000000000000000000000000000000000AF
:10C19000000000000000000000000000000000009F
:10C1A000000000000000000000000000000000008F
:10C1B000000000000000000000000000000000007F
:10C1C000000000000000000000000000000000006F
:10C1D000000000000000000000000000000000005F
:10C1E000000000000000000000000000000000004F
:10C1F000000000000000000000000000000000003F
:10C20000000000000000000000000000000000002E
:10C21000000000000000000000000000000000001E
:10C22000000000000000000000000000000000000E
:10C230000000000000000000395201004D820100A2
:10C2400000000000000000007F000000FFFFFFFF73
:10C2500005000000786F0020A00B272000000000E0
:10C26000430000000000000000000000000000008B
:10C2700000000000000000000000000000000000BE
:10C28000430000000000000000000000000000006B
:10C29000000000000000000000000000000000009E
:10C2A000430000000000000000000000000000004B
:10C2B000000000000000000000000000000000007E
:10C2C000430000000000000000000000000000002B
:10C2D000000000000000000000000000000000005E
:10C2E000430000000000000000000000000000000B
:10C2F000000000000000000000000000000000003E
:10C3000043000000000000000000000000000000EA
:10C31000000000000000000000000000000000001D
:10C3200043000000000000000000000000000000CA
:10C3300000000000000000000000000000000000FD
:10C3400043000000000000000000000000000000AA
:10C3500000000000000000000000000000000000DD
:10C3600000000000000000000000000000000000CD
:10C3700000000000000000000000000000000000BD
:10C3800000000000000000000000000000000000AD
:10C39000000000000000000000000000000000009D
:10C3A000000000000000000000000000000000008D
:10C3B000000000000000000000000000000000007D
:10C3C000000000000000000000000000000000006D
:10C3D000000000000000000000000000000000005D
:10C3E000000000000000000000000000000000004D
:10C3F000000000000000000000000000000000003D
:10C40000000000000000000000000000000000002C
:10C41000000000000000000000000000000000001C
:10C4200000000000000000008DF7010079EF01001E
:10C4300000000000142F0020442800208C28002039
:10C440008C2800208C2800208C2800208C2800209C
:10C450008C2800208C2800208C2800208C2800208C
:10C46000FFFFFFFFFFFFFFFFFFFFFFFFFFFF0000DA
:10C470000100415343494900000000000000000052
:10C4800000000000000000000000000000000000AC
:10C490000000415343494900000000000000000033
:10C4A000000000000000000000000000000000008C
:10C4B00000000000FFFFFFFF00000200000000007E
:10C4C00003000000BC6F0020003C002000040702B5
:10C4D00005090B000004080C02050900EC260020E9
:10C4E000F4260020FC260020042700200C27002032
:10C4F000142700201C270020242700202C270020A0
:10C50000342700203C270020442700205CCF024332
:10C51000286100204C610020C061002018610020CB
:10C520003C6100209C6000204447002020610020E6
:10C5300044610020A8600020B060002078620020E4
:10C5400080620020C861002030610020546100201A
:10C550003C470020D461002090D8002040E5002016
:10C56000F0F10020A0FE0020F0D80020A0E500207F
:10C5700050F2002000FF002010D90020C0E500206C
:10C5800070F2002020FF0020A4DC002054E90020ED
:10C5900004F60020B402012038E00020E8EC00207E
:10C5A00098F9002048060120000102030405060A4C
:10C5B0000B0C0D0E0F100A0B0C0D0002030A0B0CD6
:10C5C0000D0205060A0B0C0D020F10141516171894
:10C5D000191A00005CE400200CF10020BCFD0020D2
:10C5E0006C0A012054D8002004E50020B4F100209A
:10C5F00064FE0020B8D8002068E5002018F2002072
:10C60000C8FE0020010101010000000080000000C0
:10C610000000803F2861002000000000320032004E
:10C62000000200020002000000000000C0006400E0
:10C6300031006400B80064009D0064000000000048
:10C6400000000000000000002B0000003200250068
:10C650002600430000000000000000000000000071
:10C6600000000000000000000000100000000800B2
:10C6700008000C002A0093040100A70114004600E2
:10C680000300230053003B00620A01000000000089
:10C690000000000000000000000001000100010097
:10C6A0006400010001000000010001000100010020
:10C6B0000E000000000046000000000000006400C2
:10C6C0000000060000000000F302C30017003D0058
:10C6D0001D000000000000000000A2000000020099
:10C6E000000000000000000000000000000000004A
:10C6F000000000000000000000000000000000003A
:10C70000000000000000000002000D0008006400AE
:10C7100010000000C80000000000320000003200DD
:10C72000120020003200000000000A0042006101F7
:10C730004100E3030100390210008D002000530086
:10C740001C0030003600010000000000000038002E
:10C75000000085010000140000000000000000003F
:10C7600001000100010000000100010000000100C3
:10C770000100010001000000000000004600000070
:10C7800000000000640000004000000000005000B5
:10C79000100004005E00F102DA01460005006400AA
:10C7A00064006400020000000000000000000000BF
:10C7B0000000000000000000000000000000000079
:10C7C0000000000000000000000000000000000069
:10C7D0001000000006000600200000000600000017
:10C7E0001000000006000600200000000600000007
:10C7F0000000000000000000000000000000000039
:10C800000000000000000000000000000000000028
:10C8100000000000000000000000000032003200B4
:10C82000000200020002000000000000C2006400DC
:10C83000550064003C0064003D00640000000000FE
:10C840000A000100000000000000000000000000DD
:10C850000000640000000000000000000000000074
:10C8600000000000000000000400190008000300A0
:10C870001D0012004100E80103009F00190046005E
:10C880000500120004001A00060001004D0000001F
:10C890004B0220000000860100004C000100010056
:10C8A000640001000100440011000E001600140095
:10C8B00000005401920646003000000000006400B1
:10C8C000120036000000000020034600390064001A
:10C8D00064000000000000000000C700000002002B
:10C8E0000000000000000000000000000000000048
:10C8F0000000000000000000000000000000000038
:10C9000000000000000000000400070000006400B8
:10C9100000000000640006000800C80002003200A9
:10C9200024004B0032001C00000003000100010045
:10C930005000C20402007B062600720013000800AB
:10C94000200050000100010000001E000000000057
:10C9500000000000000000000000180000000300BC
:10C9600001000100010064000100010064000100F9
:10C970000100010001001F0000000000460000004F
:10C980000000000064000000210002000100A2007D
:10C9900010000400640064009C057600640032000E
:10C9A00020006B00020000000000000000000000FA
:10C9B0000000000000000000000000000000000077
:10C9C0000000000000000000000000000000000067
:10C9D00007000000000000000D000000040000003F
:10C9E00007000000000002000D000000000002002F
:10C9F0000000000000000000000000000000000037
:10CA00000000000000000000000000000000000026
:10CA100000000000000000000000000032003200B2
:10CA2000000200020002000000000000C0006400DC
:10CA300031006400B80064009D0064000000000044
:10CA40001E00000001000100570021003E000C0004
:10CA50005000430000000000000000000000000043
:10CA600000000000000000000000060003000800B5
:10CA700008000C002A003F0701002A001400D9001A
:10CA80000300230053003B00620A0100B9000000CC
:10CA90001A010E000000F7000B0001000100010068
:10CAA000640001000100000001000100010001001C
:10CAB0000E000000000046000000000000006400BE
:10CAC0000000170000000000F302C30052003D0008
:10CAD0001D000000000000000000A2000000020095
:10CAE0000000000000000000000000000000000046
:10CAF0000000000000000000000000000000000036
:10CB0000000000000000000001000D0000006400B3
:10CB100017000800C80000000000320000003200CA
:10CB2000120020003200000000000A0042006101F3
:10CB30002C00AC050100390210008D0020005300CC
:10CB40001C003000360001000000BA02520038001C
:10CB50000000430200001C00000000000000000074
:10CB6000010001000100000001000100640001005B
:10CB7000010001000100000000000000460000006C
:10CB8000000000006400000064000000000050008D
:10CB9000100004005E00F102DA01460005006400A6
:10CBA00064006400020000000000000000000000BB
:10CBB0000000000000000000000000000000000075
:10CBC0000000000000000000000000000000000065
:10CBD0001000000006000600200000000600000013
:10CBE0001000000006000600200000000600000003
:10CBF0000000000000000000000000000000000035
:10CC00000000000000000000000000000000000024
:10CC100000000000000000000000000032003200B0
:10CC2000000200020002000000000000C4004C00EE
:10CC30005C006400B800640055006400000000005F
:10CC40003C000000010000000E0000000000000099
:10CC50002A002E000000000000000000000000007C
:10CC6000000000000000000003000A0008000B00A4
:10CC70002A001E003D00590801006A0016008C00C1
:10CC80000400230053001800A40701008B000000DB
:10CC90001A0100000000F7000A0001000100010075
:10CCA000640001000100000001000100010001001A
:10CCB00000000000000046000000000000006400CA
:10CCC00000003900000001005A03460042006400E1
:10CCD000640000000000000000007F00000002006F
:10CCE0000000000000000000000000000000000044
:10CCF0000000000000000000000000000000000034
:10CD00000000000000000000000011000800C80042
:10CD10000B00000086000A000000640007003200DB
:10CD20003B000F00320000000F000A000A002D0037
:10CD30003D00D10501008C021000540020001500B8
:10CD40000F002100130001000000EA0100006D0047
:10CD50000000FC00000008000000F40001003100A9
:10CD60000100010001000F0001000100640001004A
:10CD70000100010001001A00DF018B0746000000DE
:10CD800032000000640028004E0015000000A200E0
:10CD9000100004006400E8037F028C0064002F0090
:10CDA00064005500020000000000000000000000C8
:10CDB0000000000000000000000000000000000073
:10CDC0000000000000000000000000000000000063
:10CDD000410000000C00000000000C0000000000FA
:10CDE00041000000060000000000060000000000F6
:10CDF0000000000000000000000000000000000033
:10CE00000000000000000000000000000000000022
:10CE100000000000000000000000000032003200AE
:10CE20000002000200020000000000009200640006
:10CE30004C00640055004F00B80064000000000082
:10CE40006E0000000000000039000000000000003B
:10CE500043003A0000000000000000000000000055
:10CE600000000000000000000000060008000800AC
:10CE700041000C0026003F0705003900180098000B
:10CE80000300230053003B00620A060089000000F3
:10CE9000800208000000F7000B0001000100010003
:10CEA000640001000100830004007400030001001D
:10CEB0000B00A801500546002E0000000000640091
:10CEC0003C00550000000000E4037D0052003D00DE
:10CED000470000000000000000005A0000000200AF
:10CEE0000000000000000000000000000000000042
:10CEF0000000000000000000000000000000000032
:10CF000000000000000000000000140000006400A9
:10CF100017000000C8000F00080064000000320085
:10CF20000000120032000000000002002501110084
:10CF30002C00F40301000A0021008D0020005300A2
:10CF40001C004300EF0001000000000000001F0172
:10CF5000000043020000000000006E0100002300FA
:10CF6000050034000C000000010001006400010015
:10CF70000100010001001000000000004600000058
:10CF80000000000064000000320000000000B80053
:10CF90001000040064006400910246005600640022
:10CFA00064005F00020000000000000000000000BC
:10CFB0000000000000000000000000000000000071
:10CFC0000000000000000000000000000000000061
:10CFD0000700000000000200040002000F00000033
:10CFE000020002000600020006000F000000000020
:10CFF0000000000000000000000000000000000031
:10D000000000000000000000000000000000000020
:10D0100000000000000000000000000032003200AC
:10D02000000200020002000000000000C0003C00FE
:10D030002F0038009F0064009D0064000000000085
:10D040008A00010000000000000000000000000055
:10D050001B004A000000000000000000000000006B
:10D06000000000000000000004000E000B000300A0
:10D070001D00120041004E0403002E010B0046006B
:10D080000500120004001A0006000100260000003E
:10D09000040210000000000000004C00010001002C
:10D0A000640001000100440011000E00160014008D
:10D0B00000005401920646003000000000006400A9
:10D0C00012003A0000000000200346002B0064001C
:10D0D00064000000000000000000C8000000020022
:10D0E0000000000000000000000000000000000040
:10D0F0000000000000000000000000000000000030
:10D10000000000000000000004000A000B006400A2
:10D1100009000000C80004000800C8000000320038
:10D1200024004B0032000000000003000100010059
:10D1300050003F07020001030F00720013000800B7
:10D14000200050000100010000001E0000000B0044
:10D150000000D301000023000000180000000300BD
:10D1600001000100010064000100010064000100F1
:10D17000010001000100000055017408460036005E
:10D1800000000000640024002A000000010050009C
:10D190001000040064001400350846006400060016
:10D1A0001600370002000000000000000000000030
:10D1B000000000000000000000000000000000006F
:10D1C000000000000000000000000000000000005F
:10D1D0000100020004000800110000000C00000023
:10D1E0000100020004000800100006000000010019
:10D1F000000000000000000000000000000000002F
:10D20000000000000000000000000000000000001E
:10D2100000000000000000000000000032003200AA
:10D22000000200020002000000000000C0006400D4
:10D230003D006400820064005300640000000000B0
:10D24000AF0000000000000000000000000000002F
:10D2500000002300000000000000000000000000AB
:10D26000000000000000000000000C0009000B009E
:10D270000100010046005D0801007F0111002E0140
:10D280006500670022001E0001000C000000000085
:10D290006F01110000006B01050001000100010099
:10D2A0005600010001000000010001000100010022
:10D2B00008000000000046000000000000006400BC
:10D2C00000002100320000008813460064000000C6
:10D2D000000000000000000000005A0000000200F2
:10D2E000000000000000000000000000000000003E
:10D2F000000000000000000000000000000000002E
:10D300000000000000000000050009000900C8003E
:10D310000D00060063000600000032001B00320012
:10D32000320032003200000000005901010001000B
:10D330005000200320009808000046000100010072
:10D34000010064000100010000001E000000000058
:10D350000000A60000000600000000000000000021
:10D360000100010001000000010001006400010053
:10D370000100010001000000000000004600000064
:10D3800000000000640000003B006400000050004A
:10D3900010000400640064003E0946006400280098
:10D3A000170039000200000000000000000000002B
:10D3B000000000000000000000000000000000006D
:10D3C000000000000000000000000000000000005D
:10D3D0000100000004000400100010000C00000018
:10D3E0000100060008000600000006000000010021
:10D3F000000000000000000000000000000000002D
:10D40000000000000000000000000000000000001C
:10D4100000000000000000000000000032003200A8
:10D420000002000200020000000000009200640000
:10D430004C00640055004F00B8006400000000007C
:10D44000DC000000000000000000000000005600AA
:10D4500037003F0000000000000000000000000056
:10D4600000000000000000000000060008000800A6
:10D4700041000C0026003F07050039001800980005
:10D480000300230053003B00620A060089000000ED
:10D49000800208000000F7000B00010001000100FD
:10D4A0006400010001008300040074000300010017
:10D4B0000B00A801500546002E000000000064008B
:10D4C0003C00540000000000E4037D0052003D00D9
:10D4D000470000000000000000005A0000000200A9
:10D4E000000000000000000000000000000000003C
:10D4F000000000000000000000000000000000002C
:10D5000000000000000000000000140000006400A3
:10D5100017000000C8000F0008006400000032007F
:10D52000000012003200000000000200250111007E
:10D530002C00F40301000A0021008D00200053009C
:10D540001C004300EF0001000000000000001F016C
:10D55000000043020000000000006E0100002300F4
:10D56000050034000C00000001000100640001000F
:10D570000100010001001000000000004600000052
:10D580000000000064000000320000000000B8004D
:10D59000100004006400640091024600560064001C
:10D5A00064005F00020000000000000000000000B6
:10D5B000000000000000000000000000000000006B
:10D5C000000000000000000000000000000000005B
:10D5D0000700000000000200040002000F0000002D
:10D5E000020002000600020006000F00000000001A
:10D5F000000000000000000000000000000000002B
:10D60000000000000000000000000000000000001A
:10D6100000000000000000000000000032003200A6
:10D62000000200020002000000000000C4006400CC
:10D630002F0038009F0064009D006400000000007F
:10D64000FD000100000000000000000000000000DC
:10D6500000003B000000000000000000000000008F
:10D66000000000000000000004000F000B00030099
:10D670001D00120041004E0403002E010B00460065
:10D680000500120004001A00060001002600000038
:10D6900004021000000000000C004C000100160005
:10D6A000640001000100440011000E001600140087
:10D6B00000005401920646003000000000006400A3
:10D6C00012003A0000000000200346002B00640016
:10D6D000640000000000000000009E000000020046
:10D6E000000000000000000000000000000000003A
:10D6F000000000000000000000000000000000002A
:10D70000000000000000000004000A0000006400A7
:10D7100009000000C80004000800C8000000320032
:10D7200024004B0032000000000003000100010053
:10D7300050003F07020001030F00720013000800B1
:10D74000200050000100010000001E0000000B003E
:10D750000000D301000016000000180000000300C4
:10D7600001000100010064000100010064000100EB
:10D770000100010001000000550174084600360058
:10D7800000000000640024002A0000000100500096
:10D790001000040064001400140246006400060037
:10D7A00052006000020000000000000000000000C5
:10D7B0000000000000000000000000000000000069
:10D7C0000000000000000000000000000000000059
:10D7D0000100020004000800110000000C0000001D
:10D7E0000100020004000800100006000000010013
:10D7F0000000000000000000000000000000000029
:10D800000000000000000000000000000000000018
:10D8100000000000000000000000000032003200A4
:10D820000002000200020000000000009500450018
:10D830004C00640055004F00B80064000000000078
:10D840000A010000000000000000000000000000CD
:10D850004100460000000000000000000000000041
:10D8600000000000000000000000050000000800AB
:10D8700041000C0026003F07050039001800980001
:10D880000300230053003B00620A060089000000E9
:10D89000800208000000F7000B00010001000100F9
:10D8A0006400010001008300040074000300010013
:10D8B0000000A801500546002E0000000000640092
:10D8C0003C00510000000000E4037D0052003D00D8
:10D8D000470000000000000000006C000000020093
:10D8E0000000000000000000000000000000000038
:10D8F0000000000000000000000000000000000028
:10D900000000000000000000010014000C00640092
:10D9100017000000C8000F0008006400000032007B
:10D920002D00110000000000000002002501110080
:10D930002C00F40301000A0021008D002000530098
:10D940001C004300EF0001000000000000001F0168
:10D95000000043020000000000006E0100002300F0
:10D96000050034000C00000001000100640001000B
:10D97000010001000100100000000000460000004E
:10D980000000000064000000320000000000B80049
:10D990001000040064006400590346002A0064007B
:10D9A00064009E0002000000000000000000000073
:10D9B0000000000000000000000000000000000067
:10D9C0000000000000000000000000000000000057
:10D9D0000700000000000200040002000F00000029
:10D9E000020002000600020006000F000000000016
:10D9F0000000000000000000000000000000000027
:10DA00000000000000000000000000000000000016
:10DA100000000000000000000000000032003200A2
:10DA2000000200020002000000000000C0003700F9
:10DA30003D006400B8006400550064000000000070
:10DA400036010000000000005600000038005700BA
:10DA500025003C0000000000000000000000000065
:10DA6000000000000000000004000F000C00240073
:10DA70002A001E003B00820501001E0021008C00D0
:10DA80000400230053001800670201005E0000003C
:10DA90001A010F000000F700000001000100010062
:10DAA000640001000100000001000100010001000C
:10DAB00000000000000046000000000000006400BC
:10DAC00000002800000001005A0346002E006400F8
:10DAD000520000000000000000007C000000020076
:10DAE0000000000000000000000000000000000036
:10DAF0000000000000000000000000000000000026
:10DB00000000000000000000010010000800C80034
:10DB100012000000860015000000C800020032005C
:10DB20003B000F00320012000F000A0042002B00E1
:10DB30002300C70201000F01100054002000530011
:10DB4000DD021F00360001000000BA020000DC0008
:10DB50000000FC00000008000000F400010031009B
:10DB60000100010001000F0001000100640001003C
:10DB70000100010001001A00DF018B0746000000D0
:10DB800032000000640022004B0000000000A200F0
:10DB9000100004006400E8036107740031006400B1
:10DBA0002A008100020000000000000000000000C8
:10DBB0000000000000000000000000000000000065
:10DBC0000000000000000000000000000000000055
:10DBD000410000000C00000000000C0000000000EC
:10DBE00041000000060000000000060000000000E8
:10DBF0000000000000000000000000000000000025
:10DC00000000000000000000000000000000000014
:10DC100000000000000000000000000032003200A0
:10DC2000000200020002000000000000C2006400C8
:10DC3000550064003C0064003D00640000000000EA
:10DC4000540101000000000000000000000000007E
:10DC500000003E0000000000000000000000000086
:10DC60000000000000000000040019000300030091
:10DC70001D0012004100E80103009F00190046004A
:10DC80000500120004001A00280001004D000000E9
:10DC90004B0220000000CB020B004C0001000100F1
:10DCA000640001000100440011000E001600140081
:10DCB000110054019206460030000000000064008C
:10DCC0001200360000000000200346003900640006
:10DCD00064000000000000000000C7000000020017
:10DCE0000000000000000000000000000000000034
:10DCF0000000000000000000000000000000000024
:10DD000000000000000000000100030001006400AA
:10DD100000000000640006000800C8000200320095
:10DD200024004B0032001C00000003000100010031
:10DD30005000C2040200C202260072001300080054
:10DD4000200050000100010000001E000000000043
:10DD500000000000000000000000180000000300A8
:10DD600001000100010064000100010064000100E5
:10DD70000100010001001F0000000000460000003B
:10DD80000000000064000000210002000100A20069
:10DD90001000040064006400A602760064003200F3
:10DDA0002000A800020000000000000000000000A9
:10DDB0000000000000000000000000000000000063
:10DDC0000000000000000000000000000000000053
:10DDD00007000000000000000D000000040000002B
:10DDE00007000000000002000D000000000002001B
:10DDF0000000000000000000000000000000000023
:10DE00000000000000000000000000000000000012
:10DE1000000000000000000012010002EF020140BB
:10DE2000C0168A0412020102030100000003060C5E
:10DE3000020509006CB200200003060902050C006F
:10DE40000003060A020508000001020A0B0C141563
:10DE5000161E1F20040100020E0B0A0C18151416C2
:10DE6000050200010F0C0A0B191614150602000119
:10DE7000100C0A0B1A161415000102030A0B0C0DE4
:10DE8000141516170004010502060A0E0B0F0C10DC
:10DE9000000A14010B15020C16030D173075000053
:10DEA000000000008000000000040B0702050900CC
:10DEB0000004070902050C000004070C0205090014
:10DEC00000040B02070509002C01000000030A07EB
:10DED000010508000003070901050C000003070CF9
:10DEE0000105080000030A02070508000000000001
:10DEF0008000000000000000800000000000000022
:10DF00008000000000000000800000000000000011
:10DF10008000000000000000800000000000000001
:10DF20008000000000000000800000000000803F32
:10DF30000000803F0000803F0000803F102700006D
:10DF40009A99193F0000A0420000000080000000E4
:10DF500000040A070205090000050A070209040077
:10DF60000000803F0004090207050B0020AE0020DE
:10DF700010AF00204CAF002088AF0020C4AF0020BD
:10DF800000B000203CB0002078B00020B4B00020E9
:10DF90005CAE002098AE0020D4AE002050D000200F
:10DFA00088D00020C0D0002098390120D83F01201F
:10DFB00068410120F84201208844012018460120D0
:10DFC000A847012038490120C84A0120283B0120E8
:10DFD000B83C0120483E0120A80E0120F81C012079
:10DFE0008C20012020240120B4270120482B01206F
:10DFF000DC2E012070320120043601203C12012069
:10E00000D0150120641901200005070C02090A003F
:10E010000002070C05090400A0D50020D8D5002077
:10E0200010D6002014036D0069006E0069006300C3
:10E0300068006F007200640014036D0069006E00D8
:10E040006900630068006F00720064000C03000048
:10E0500000000000000000000000000000000000C0
:10E060000000000009000000000102030C05060783
:10E0700008090A0B0000803F1E00087F01040A0BFC
:10E08000041403FF017F0104010C0D05140230107C
:10E0900011060E0F01021000000000000000000039
:10E0A0000000000000000000000000000000000070
:10E0B0000000000000000000000000000000000060
:10E0C0000000000000000000000000000000000050
:10E0D0000000000000000000000000000000000040
:10E0E0000000000000000000000000000000000030
:10E0F0000000000000000000000000000000000020
:10E10000000000000000000000000000000000000F
:10E1100000000000000000000000000000000000FF
:10E1200000000000000000000000000000000000EF
:10E1300000000000000000000000000000000000DF
:10E1400000000000000000000000000000000000CF
:10E1500000000000000000000000000000000000BF
:10E1600000000000000000000000000000000000AF
:10E17000000000000000000000000000000000009F
:10E18000000000000000000000000000000000008F
:10E19000000000000000000000000000000000007F
:10E1A000000000000000000000000000000000006F
:10E1B000000000000000000000000000000000005F
:10E1C000000000000000000000000000000000004F
:10E1D000000000000000000000000000000000003F
:10E1E000000000000000000000000000000000002F
:10E1F000000000000000000000000000000000001F
:10E20000000000000000000000000000000000000E
:10E2100000000000000000000000000000000000FE
:10E2200000000000000000000000000000000000EE
:10E2300000000000000000000000000000000000DE
:10E2400000000000000000000000000000000000CE
:10E2500000000000000000000000000000000000BE
:10E2600000000000000000000000000000000000AE
:10E27000000000000000000000000000000000009E
:10E28000000000000000000000000000000000008E
:10E29000000000000000000000000000000000007E
:10E2A000000000000000000000000000000000006E
:10E2B000000000000000000000000000000000005E
:10E2C000000000000000000000000000000000004E
:10E2D000000000000000000000000000000000003E
:10E2E000000000000000000000000000000000002E
:10E2F000000000000000000000000000000000001E
:10E30000000000000000000000000000000000000D
:10E3100000000000000000000000000000000000FD
:10E3200000000000000000000000000000000000ED
:10E3300000000000000000000000000000000000DD
:10E3400000000000000000000000000000000000CD
:10E3500000000000000000000000000000000000BD
:10E3600000000000000000000000000000000000AD
:10E37000000000000000000000000000000000009D
:10E38000000000000000000000000000000000008D
:10E39000000000000000000000000000000000007D
:10E3A000000000000000000000000000000000006D
:10E3B000000000000000000000000000000000005D
:10E3C000000000000000000000000000000000004D
:10E3D000000000000000000000000000000000003D
:10E3E000000000000000000000000000000000002D
:10E3F000000000000000000000000000000000001D
:10E40000000000000000000000000000000000000C
:10E4100000000000000000000000000000000000FC
:10E4200000000000000000000000000000000000EC
:10E4300000000000000000000000000000000000DC
:10E4400000000000000000000000000000000000CC
:10E45000FFFFFFFFFFFFFFFFFFFFFFFFFFFFFFFFCC
:10E46000FFFFFFFFFFFFFFFFFFFFFFFFFFFFFFFFBC
:10E47000FFFFFFFFFFFFFFFFFFFFFFFFFFFFFFFFAC
:10E48000FFFFFFFFFFFFFFFFFFFFFFFFFFFFFFFF9C
:10E49000FFFFFFFFFFFFFFFFFFFFFFFFFFFFFFFF8C
:10E4A000FFFFFFFFFFFFFFFFFFFFFFFFFFFFFFFF7C
:10E4B000FFFFFFFFFFFFFFFFFFFFFFFFFFFFFFFF6C
:10E4C000FFFFFFFFFFFFFFFFFFFFFFFFFFFFFFFF5C
:10E4D000FFFFFFFFFFFFFFFFFFFFFFFFFFFFFFFF4C
:10E4E000FFFFFFFFFFFFFFFFFFFFFFFFFFFFFFFF3C
:10E4F000FFFFFFFFFFFFFFFFFFFFFFFFFFFFFFFF2C
:10E50000FFFFFFFFFFFFFFFFFFFFFFFFFFFFFFFF1B
:10E51000FFFFFFFFFFFFFFFFFFFFFFFFFFFFFFFF0B
:10E52000FFFFFFFFFFFFFFFFFFFFFFFFFFFFFFFFFB
:10E53000FFFFFFFFFFFFFFFFFFFFFFFFFFFFFFFFEB
:10E54000FFFFFFFFFFFFFFFFFFFFFFFFFFFFFFFFDB
:10E55000FFFFFFFFFFFFFFFFFFFFFFFFFFFFFFFFCB
:10E56000FFFFFFFFFFFFFFFFFFFFFFFFFFFFFFFFBB
:10E57000FFFFFFFFFFFFFFFFFFFFFFFFFFFFFFFFAB
:10E58000FFFFFFFFFFFFFFFFFFFFFFFFFFFFFFFF9B
:10E59000FFFFFFFFFFFFFFFFFFFFFFFFFFFFFFFF8B
:10E5A000FFFFFFFFFFFFFFFFFFFFFFFFFFFFFFFF7B
:10E5B000FFFFFFFFFFFFFFFFFFFFFFFFFFFFFFFF6B
:10E5C000FFFFFFFFFFFFFFFFFFFFFFFFFFFFFFFF5B
:10E5D000FFFFFFFFFFFFFFFFFFFFFFFFFFFFFFFF4B
:10E5E000FFFFFFFFFFFFFFFFFFFFFFFFFFFFFFFF3B
:10E5F000FFFFFFFFFFFFFFFFFFFFFFFFFFFFFFFF2B
:10E60000FFFFFFFFFFFFFFFFFFFFFFFFFFFFFFFF1A
:10E61000FFFFFFFFFFFFFFFFFFFFFFFFFFFFFFFF0A
:10E62000FFFFFFFFFFFFFFFFFFFFFFFFFFFFFFFFFA
:10E63000FFFFFFFFFFFFFFFFFFFFFFFFFFFFFFFFEA
:10E64000FFFFFFFFFFFFFFFFFFFFFFFFFFFFFFFFDA
:10E65000FFFFFFFFFFFFFFFFFFFFFFFFFFFFFFFFCA
:10E66000FFFFFFFFFFFFFFFFFFFFFFFFFFFFFFFFBA
:10E67000FFFFFFFFFFFFFFFFFFFFFFFFFFFFFFFFAA
:10E68000FFFFFFFFFFFFFFFFFFFFFFFFFFFFFFFF9A
:10E69000FFFFFFFFFFFFFFFFFFFFFFFFFFFFFFFF8A
:10E6A000FFFFFFFFFFFFFFFFFFFFFFFFFFFFFFFF7A
:10E6B000FFFFFFFFFFFFFFFFFFFFFFFFFFFFFFFF6A
:10E6C000FFFFFFFFFFFFFFFFFFFFFFFFFFFFFFFF5A
:10E6D000FFFFFFFFFFFFFFFFFFFFFFFFFFFFFFFF4A
:10E6E000FFFFFFFFFFFFFFFFFFFFFFFFFFFFFFFF3A
:10E6F000FFFFFFFFFFFFFFFFFFFFFFFFFFFFFFFF2A
:10E70000FFFFFFFFFFFFFFFFFFFFFFFFFFFFFFFF19
:10E71000FFFFFFFFFFFFFFFFFFFFFFFFFFFFFFFF09
:10E72000FFFFFFFFFFFFFFFFFFFFFFFFFFFFFFFFF9
:10E73000FFFFFFFFFFFFFFFFFFFFFFFFFFFFFFFFE9
:10E74000FFFFFFFFFFFFFFFFFFFFFFFFFFFFFFFFD9
:10E75000FFFFFFFFFFFFFFFFFFFFFFFFFFFFFFFFC9
:10E76000FFFFFFFFFFFFFFFFFFFFFFFFFFFFFFFFB9
:10E77000FFFFFFFFFFFFFFFFFFFFFFFFFFFFFFFFA9
:10E78000FFFFFFFFFFFFFFFFFFFFFFFFFFFFFFFF99
:10E79000FFFFFFFFFFFFFFFFFFFFFFFFFFFFFFFF89
:10E7A000FFFFFFFFFFFFFFFFFFFFFFFFFFFFFFFF79
:10E7B000FFFFFFFFFFFFFFFFFFFFFFFFFFFFFFFF69
:10E7C000FFFFFFFFFFFFFFFFFFFFFFFFFFFFFFFF59
:10E7D000FFFFFFFFFFFFFFFFFFFFFFFFFFFFFFFF49
:10E7E000FFFFFFFFFFFFFFFFFFFFFFFFFFFFFFFF39
:10E7F000FFFFFFFFFFFFFFFFFFFFFFFFFFFFFFFF29
:10E800000000000000000000000000000000000008
:10E8100000000000000000000000000000000000F8
:10E8200000000000000000000000000000000000E8
:10E8300000000000000000000000000000000000D8
:10E8400000000000000000000000000000000000C8
:10E8500000000000000000000000000000000000B8
:10E8600000000000000000000000000000000000A8
:10E870000000000000000000000000000000000098
:10E880000000000000000000000000000000000088
:10E890000000000000000000000000000000000078
:10E8A0000000000000000000000000000000000068
:10E8B0000000000000000000000000000000000058
:10E8C0000000000000000000000000000000000048
:10E8D0000000000000000000000000000000000038
:10E8E0000000000000000000000000000000000028
:10E8F0000000000000000000000000000000000018
:10E900000000000000000000000000000000000007
:10E9100000000000000000000000000000000000F7
:10E9200000000000000000000000000000000000E7
:10E9300000000000000000000000000000000000D7
:10E9400000000000000000000000000000000000C7
:10E9500000000000000000000000000000000000B7
:10E9600000000000000000000000000000000000A7
:10E970000000000000000000000000000000000097
:10E980000000000000000000000000000000000087
:10E990000000000000000000000000000000000077
:10E9A0000000000000000000000000000000000067
:10E9B0000000000000000000000000000000000057
:10E9C0000000000000000000000000000000000047
:10E9D0000000000000000000000000000000000037
:10E9E0000000000000000000000000000000000027
:10E9F0000000000000000000000000000000000017
:10EA00000000000000000000000000000000000006
:10EA100000000000000000000000000000000000F6
:10EA200000000000000000000000000000000000E6
:10EA300000000000000000000000000000000000D6
:10EA400000000000000000000000000000000000C6
:10EA500000000000000000000000000000000000B6
:10EA600000000000000000000000000000000000A6
:10EA70000000000000000000000000000000000096
:10EA80000000000000000000000000000000000086
:10EA90000000000000000000000000000000000076
:10EAA0000000000000000000000000000000000066
:10EAB0000000000000000000000000000000000056
:10EAC0000000000000000000000000000000000046
:10EAD0000000000000000000000000000000000036
:10EAE0000000000000000000000000000000000026
:10EAF0000000000000000000000000000000000016
:10EB00000000000000000000000000000000000005
:10EB100000000000000000000000000000000000F5
:10EB200000000000000000000000000000000000E5
:10EB300000000000000000000000000000000000D5
:10EB400000000000000000000000000000000000C5
:10EB500000000000000000000000000000000000B5
:10EB600000000000000000000000000000000000A5
:10EB70000000000000000000000000000000000095
:10EB80000000000000000000000000000000000085
:10EB90000000000000000000000000000000000075
:10EBA0000000000000000000000000000000000065
:10EBB0000000000000000000000000000000000055
:10EBC0000000000000000000000000000000000045
:10EBD0000000000000000000000000000000000035
:10EBE0000000000000000000000000000000000025
:10EBF0000000000000000000000000000000000015
:10EC00000000000000000000000000000000000004
:10EC100000000000000000000000000000000000F4
:10EC200000000000000000000000000000000000E4
:10EC300000000000000000000000000000000000D4
:10EC400000000000000000000000000000000000C4
:10EC500000000000000000000000000000000000B4
:10EC600000000000000000000000000000000000A4
:10EC70000000000000000000000000000000000094
:10EC80000000000000000000000000000000000084
:10EC90000000000000000000000000000000000074
:10ECA0000000000000000000000000000000000064
:10ECB0000000000000000000000000000000000054
:10ECC0000000000000000000000000000000000044
:10ECD0000000000000000000000000000000000034
:10ECE0000000000000000000000000000000000024
:10ECF0000000000000000000000000000000000014
:10ED00000000000000000000000000000000000003
:10ED100000000000000000000000000000000000F3
:10ED200000000000000000000000000000000000E3
:10ED300000000000000000000000000000000000D3
:10ED400000000000000000000000000000000000C3
:10ED500000000000000000000000000000000000B3
:10ED600000000000000000000000000000000000A3
:10ED70000000000000000000000000000000000093
:10ED80000000000000000000000000000000000083
:10ED90000000000000000000000000000000000073
:10EDA0000000000000000000000000000000000063
:10EDB0000000000000000000000000000000000053
:10EDC0000000000000000000000000000000000043
:10EDD0000000000000000000000000000000000033
:10EDE0000000000000000000000000000000000023
:10EDF0000000000000000000000000000000000013
:10EE00000000000000000000000000000000000002
:10EE100000000000000000000000000000000000F2
:10EE200000000000000000000000000000000000E2
:10EE300000000000000000000000000000000000D2
:10EE400000000000000000000000000000000000C2
:10EE500000000000000000000000000000000000B2
:10EE600000000000000000000000000000000000A2
:10EE70000000000000000000000000000000000092
:10EE80000000000000000000000000000000000082
:10EE90000000000000000000000000000000000072
:10EEA0000000000000000000000000000000000062
:10EEB0000000000000000000000000000000000052
:10EEC0000000000000000000000000000000000042
:10EED0000000000000000000000000000000000032
:10EEE0000000000000000000000000000000000022
:10EEF0000000000000000000000000000000000012
:10EF00000000000000000000000000000000000001
:10EF100000000000000000000000000000000000F1
:10EF200000000000000000000000000000000000E1
:10EF300000000000000000000000000000000000D1
:10EF400000000000000000000000000000000000C1
:10EF500000000000000000000000000000000000B1
:10EF600000000000000000000000000000000000A1
:10EF70000000000000000000000000000000000091
:10EF80000000000000000000000000000000000081
:10EF90000000000000000000000000000000000071
:10EFA0000000000000000000000000000000000061
:10EFB0000000000000000000000000000000000051
:10EFC0000000000000000000000000000000000041
:10EFD0000000000000000000000000000000000031
:10EFE0000000000000000000000000000000000021
:10EFF0000000000000000000000000000000000011
:10F000000000000000000000000000000000000000
:10F0100000000000000000000000000000000000F0
:10F0200000000000000000000000000000000000E0
:10F0300000000000000000000000000000000000D0
:10F0400000000000000000000000000000000000C0
:10F0500000000000000000000000000000000000B0
:10F0600000000000000000000000000000000000A0
:10F070000000000000000000000000000000000090
:10F080000000000000000000000000000000000080
:10F090000000000000000000000000000000000070
:10F0A0000000000000000000000000000000000060
:10F0B0000000000000000000000000000000000050
:10F0C0000000000000000000000000000000000040
:10F0D0000000000000000000000000000000000030
:10F0E0000000000000000000000000000000000020
:10F0F0000000000000000000000000000000000010
:10F1000000000000000000000000000000000000FF
:10F1100000000000000000000000000000000000EF
:10F1200000000000000000000000000000000000DF
:10F1300000000000000000000000000000000000CF
:10F1400000000000000000000000000000000000BF
:10F1500000000000000000000000000000000000AF
:10F16000000000000000000000000000000000009F
:10F17000000000000000000000000000000000008F
:10F18000000000000000000000000000000000007F
:10F19000000000000000000000000000000000006F
:10F1A000000000000000000000000000000000005F
:10F1B000000000000000000000000000000000004F
:10F1C000000000000000000000000000000000003F
:10F1D000000000000000000000000000000000002F
:10F1E000000000000000000000000000000000001F
:10F1F000000000000000000000000000000000000F
:10F2000000000000000000000000000000000000FE
:10F2100000000000000000000000000000000000EE
:10F2200000000000000000000000000000000000DE
:10F2300000000000000000000000000000000000CE
:10F2400000000000000000000000000000000000BE
:10F2500000000000000000000000000000000000AE
:10F26000000000000000000000000000000000009E
:10F27000000000000000000000000000000000008E
:10F28000000000000000000000000000000000007E
:10F29000000000000000000000000000000000006E
:10F2A000000000000000000000000000000000005E
:10F2B000000000000000000000000000000000004E
:10F2C000000000000000000000000000000000003E
:10F2D000000000000000000000000000000000002E
:10F2E000000000000000000000000000000000001E
:10F2F000000000000000000000000000000000000E
:10F3000000000000000000000000000000000000FD
:10F3100000000000000000000000000000000000ED
:10F3200000000000000000000000000000000000DD
:10F3300000000000000000000000000000000000CD
:10F3400000000000000000000000000000000000BD
:10F3500000000000000000000000000000000000AD
:10F36000000000000000000000000000000000009D
:10F37000000000000000000000000000000000008D
:10F38000000000000000000000000000000000007D
:10F39000000000000000000000000000000000006D
:10F3A000000000000000000000000000000000005D
:10F3B000000000000000000000000000000000004D
:10F3C000000000000000000000000000000000003D
:10F3D000000000000000000000000000000000002D
:10F3E000000000000000000000000000000000001D
:10F3F000000000000000000000000000000000000D
:040000056000100087
:00000001FF
